{"err_test_cavm": 47.87000274658203, "err_test_cmm": 47.89500045776367, "err_train_cavm": 0.0, "err_train_cmm": 0.0, "_timestamp": 1649777966, "_runtime": 249, "_step": 1, "err_test_cavm_l1": 4.154999732971191, "err_test_cmm_l1": 8.045000076293945, "err_train_cavm_l1": 0.0, "err_train_cmm_l1": 0.0, "_wandb": {"runtime": 246}}