{"err_test_cavm": 7.779999732971191, "err_test_cmm": 9.074999809265137, "err_train_cavm": 0.0, "err_train_cmm": 0.0, "_timestamp": 1649807801, "_runtime": 150, "_step": 1, "err_test_cavm_l1": 1.5449999570846558, "err_test_cmm_l1": 3.0799999237060547, "err_train_cavm_l1": 0.0, "err_train_cmm_l1": 0.0, "_wandb": {"runtime": 147}}