{"err_test_cavm": 26.3700008392334, "err_test_cmm": 24.770000457763672, "err_train_cavm": 8.403361320495605, "err_train_cmm": 0.0, "_timestamp": 1652109959, "_runtime": 10, "_step": 1, "err_test_cavm_l1": 35.275001525878906, "err_test_cmm_l1": 24.82499885559082, "err_train_cavm_l1": 26.890758514404297, "err_train_cmm_l1": 0.0, "_wandb": {"runtime": 3}}