{"err_test_cavm": 47.17000198364258, "err_test_cmm": 47.29500198364258, "err_train_cavm": 0.0, "err_train_cmm": 0.0, "_timestamp": 1651245873, "_runtime": 8, "_step": 1, "err_test_cavm_l1": 0.0, "err_test_cmm_l1": 49.869998931884766, "err_train_cavm_l1": 0.0, "err_train_cmm_l1": 0.0, "_wandb": {"runtime": 4}}