{"err_test_cavm": 47.71000289916992, "err_test_cmm": 47.74500274658203, "err_train_cavm": 0.0, "err_train_cmm": 0.0, "_timestamp": 1651151985, "_runtime": 4, "_step": 1, "err_test_cavm_l1": 49.61000061035156, "err_test_cmm_l1": 49.380001068115234, "err_train_cavm_l1": 10.0, "err_train_cmm_l1": 0.0, "_wandb": {"runtime": 2}}