{"err_test_cmm": 49.02000045776367, "err_train_cmm": 0.0, "_timestamp": 1653525032, "_runtime": 3, "_step": 1, "err_test_cmm_l1": 49.01499938964844, "err_train_cmm_l1": 0.0, "_wandb": {"runtime": 1}}