{"err_test_cavm": 19.059999465942383, "err_test_cmm": 12.994999885559082, "err_train_cavm": 9.016392707824707, "err_train_cmm": 0.0, "_timestamp": 1652109195, "_runtime": 7, "_step": 1, "err_test_cavm_l1": 35.63500213623047, "err_test_cmm_l1": 12.764999389648438, "err_train_cavm_l1": 31.147539138793945, "err_train_cmm_l1": 0.0, "_wandb": {"runtime": 3}}