{"err_test_cmm": 14.529999732971191, "err_train_cmm": 0.0, "_timestamp": 1653526341, "_runtime": 4, "_step": 1, "err_test_cmm_l1": 10.53499984741211, "err_train_cmm_l1": 0.0, "_wandb": {"runtime": 1}}