{"err_test_cavm_l1": 2.240000009536743, "err_test_cmm_l1": 5.885000228881836, "err_train_cavm_l1": 0.0, "err_train_cmm_l1": 0.0, "_timestamp": 1651140044, "_runtime": 73, "_step": 0, "_wandb": {"runtime": 69}}