{"err_test_cmm": 48.73500061035156, "err_train_cmm": 0.0, "_timestamp": 1653524059, "_runtime": 4, "_step": 1, "err_test_cmm_l1": 49.915000915527344, "err_train_cmm_l1": 0.0, "_wandb": {"runtime": 1}}