{"err_test_cavm": 44.415000915527344, "err_test_cmm": 44.29999923706055, "err_train_cavm": 0.0, "err_train_cmm": 0.0, "_timestamp": 1649764418, "_runtime": 93, "_step": 0, "_wandb": {"runtime": 168}}