{"err_test_cavm": 44.58000183105469, "err_test_cmm": 44.525001525878906, "err_train_cavm": 0.0, "err_train_cmm": 0.0, "_timestamp": 1649774169, "_runtime": 87, "_step": 0, "_wandb": {"runtime": 964}}