{"err_test_cavm_l1": 4.519999980926514, "err_test_cmm_l1": 9.440000534057617, "err_train_cavm_l1": 0.0, "err_train_cmm_l1": 0.0, "_timestamp": 1650962823, "_runtime": 116, "_step": 0, "_wandb": {"runtime": 113}}