{"err_test_cavm_l1": 5.065000057220459, "err_test_cmm_l1": 17.325000762939453, "err_train_cavm_l1": 0.9302325248718262, "err_train_cmm_l1": 0.0, "_timestamp": 1651851215, "_runtime": 6, "_step": 0, "_wandb": {"runtime": 2}}