{"err_test_cavm": 15.454999923706055, "err_test_cmm": 1.5750000476837158, "err_train_cavm": 0.0, "err_train_cmm": 0.0, "_timestamp": 1653602578, "_runtime": 21, "_step": 1, "err_test_cavm_l1": 1.4800000190734863, "err_test_cmm_l1": 0.6150000095367432, "err_train_cavm_l1": 0.0, "err_train_cmm_l1": 0.0, "_wandb": {"runtime": 18}}