{"err_test_cavm_l1": 1.7249999046325684, "err_test_cmm_l1": 4.889999866485596, "err_train_cavm_l1": 0.0, "err_train_cmm_l1": 0.0, "_timestamp": 1650972525, "_runtime": 103, "_step": 0, "_wandb": {"runtime": 100}}