{"err_test_cavm": 44.915000915527344, "err_test_cmm": 45.005001068115234, "err_train_cavm": 0.0, "err_train_cmm": 0.0, "_timestamp": 1651251786, "_runtime": 6, "_step": 1, "err_test_cavm_l1": 0.0, "err_test_cmm_l1": 41.51000213623047, "err_train_cavm_l1": 0.0, "err_train_cmm_l1": 0.0, "_wandb": {"runtime": 2}}