{"err_test_cavm": 38.92000198364258, "err_test_cmm": 38.60000228881836, "err_train_cavm": 1.0, "err_train_cmm": 0.0, "_timestamp": 1651248125, "_runtime": 6, "_step": 1, "err_test_cavm_l1": 0.0, "err_test_cmm_l1": 9.704999923706055, "err_train_cavm_l1": 0.0, "err_train_cmm_l1": 0.0, "_wandb": {"runtime": 2}}