{"err_test_cavm": 45.724998474121094, "err_test_cmm": 45.54499816894531, "err_train_cavm": 0.0, "err_train_cmm": 0.0, "_timestamp": 1651250540, "_runtime": 7, "_step": 1, "err_test_cavm_l1": 0.0, "err_test_cmm_l1": 49.959999084472656, "err_train_cavm_l1": 0.0, "err_train_cmm_l1": 0.0, "_wandb": {"runtime": 2}}