{"err_test_cavm": 47.790000915527344, "err_test_cmm": 47.665000915527344, "err_train_cavm": 0.0, "err_train_cmm": 0.0, "_timestamp": 1651151698, "_runtime": 6, "_step": 1, "err_test_cavm_l1": 49.71500015258789, "err_test_cmm_l1": 49.73999786376953, "err_train_cavm_l1": 10.0, "err_train_cmm_l1": 0.0, "_wandb": {"runtime": 2}}