{"err_test_cmm": 48.18000030517578, "err_train_cmm": 0.0, "_timestamp": 1653585324, "_runtime": 11, "_step": 1, "err_test_cmm_l1": 23.80000114440918, "err_train_cmm_l1": 0.0, "_wandb": {"runtime": 7}}