{"err_test_cavm": 9.904999732971191, "err_test_cmm": 10.289999961853027, "err_train_cavm": 0.0, "err_train_cmm": 0.0, "_timestamp": 1653600778, "_runtime": 6, "_step": 1, "err_test_cavm_l1": 0.39499998092651367, "err_test_cmm_l1": 0.6850000023841858, "err_train_cavm_l1": 0.0, "err_train_cmm_l1": 0.0, "_wandb": {"runtime": 3}}