{"err_test_cmm": 41.22500228881836, "err_train_cmm": 0.0, "_timestamp": 1653555026, "_runtime": 5, "_step": 1, "err_test_cmm_l1": 8.030000686645508, "err_train_cmm_l1": 0.0, "_wandb": {"runtime": 2}}