{"err_test_cmm": 26.1200008392334, "err_train_cmm": 0.0, "_timestamp": 1653640185, "_runtime": 9, "_step": 1, "err_test_cmm_l1": 4.070000171661377, "err_train_cmm_l1": 0.0, "_wandb": {"runtime": 6}}