{"err_test_cavm_l1": 50.53499984741211, "err_test_cmm_l1": 49.39999771118164, "err_train_cavm_l1": 0.0, "err_train_cmm_l1": 0.0, "_timestamp": 1651662706, "_runtime": 13, "_step": 0, "_wandb": {"runtime": 10}}