{"err_test_cavm_l1": 24.69999885559082, "err_test_cmm_l1": 29.739999771118164, "err_train_cavm_l1": 0.0, "err_train_cmm_l1": 0.0, "_timestamp": 1651003884, "_runtime": 92, "_step": 0, "_wandb": {"runtime": 90}}