{"err_test_cavm_l1": 7.15000057220459, "err_test_cmm_l1": 25.795000076293945, "err_train_cavm_l1": 2.0, "err_train_cmm_l1": 0.0, "_timestamp": 1651667315, "_runtime": 4, "_step": 0, "_wandb": {"runtime": 2}}