{"err_test_cavm_l1": 2.7100000381469727, "err_test_cmm_l1": 17.924999237060547, "err_train_cavm_l1": 1.3953487873077393, "err_train_cmm_l1": 0.0, "_timestamp": 1651830133, "_runtime": 5, "_step": 0, "_wandb": {"runtime": 2}}