{"err_test_cavm_l1": 8.234999656677246, "err_test_cmm_l1": 12.385000228881836, "err_train_cavm_l1": 0.0, "err_train_cmm_l1": 0.0, "_timestamp": 1650994867, "_runtime": 91, "_step": 0, "_wandb": {"runtime": 88}}