{"err_test_cavm": 1.3949999809265137, "err_test_cmm": 2.4150002002716064, "err_train_cavm": 0.0, "err_train_cmm": 0.0, "_timestamp": 1653601745, "_runtime": 8, "_step": 1, "err_test_cavm_l1": 0.375, "err_test_cmm_l1": 0.5199999809265137, "err_train_cavm_l1": 0.0, "err_train_cmm_l1": 0.0, "_wandb": {"runtime": 6}}