{"err_test_cavm": 47.42000198364258, "err_test_cmm": 47.189998626708984, "err_train_cavm": 0.0, "err_train_cmm": 0.0, "_timestamp": 1651250241, "_runtime": 7, "_step": 1, "err_test_cavm_l1": 0.0, "err_test_cmm_l1": 49.55500030517578, "err_train_cavm_l1": 0.0, "err_train_cmm_l1": 0.0, "_wandb": {"runtime": 3}}