{"err_test_cavm_l1": 9.454999923706055, "err_test_cmm_l1": 15.305000305175781, "err_train_cavm_l1": 0.0, "err_train_cmm_l1": 0.0, "_timestamp": 1650975871, "_runtime": 64, "_step": 0, "_wandb": {"runtime": 62}}