{"err_test_cavm_l1": 24.889999389648438, "err_test_cmm_l1": 29.649999618530273, "err_train_cavm_l1": 0.0, "err_train_cmm_l1": 0.0, "_timestamp": 1651002940, "_runtime": 96, "_step": 0, "_wandb": {"runtime": 94}}