{"err_test_cavm": 45.57499694824219, "err_test_cmm": 45.71500015258789, "err_train_cavm": 0.0, "err_train_cmm": 0.0, "_timestamp": 1651585608, "_runtime": 5, "_step": 1, "err_test_cavm_l1": 0.0, "err_test_cmm_l1": 50.22500228881836, "err_train_cavm_l1": 0.0, "err_train_cmm_l1": 0.0, "_wandb": {"runtime": 3}}