{"err_test_cavm_l1": 49.564998626708984, "err_test_cmm_l1": 50.314998626708984, "err_train_cavm_l1": 0.0, "err_train_cmm_l1": 0.0, "_timestamp": 1651662949, "_runtime": 17, "_step": 0, "_wandb": {"runtime": 14}}