{"err_test_cavm": 28.490001678466797, "err_test_cmm": 26.6200008392334, "err_train_cavm": 9.0, "err_train_cmm": 0.0, "_timestamp": 1652260956, "_runtime": 6, "_step": 1, "err_test_cavm_l1": 0.0, "err_test_cmm_l1": 21.9950008392334, "err_train_cavm_l1": 0.0, "err_train_cmm_l1": 0.0, "_wandb": {"runtime": 2}}