{"err_test_cavm": 26.73499870300293, "err_test_cmm": 23.825000762939453, "err_train_cavm": 7.0, "err_train_cmm": 0.0, "_timestamp": 1651583333, "_runtime": 4, "_step": 1, "err_test_cavm_l1": 0.0, "err_test_cmm_l1": 17.520000457763672, "err_train_cavm_l1": 0.0, "err_train_cmm_l1": 0.0, "_wandb": {"runtime": 2}}