{"err_test_cavm": 36.67499923706055, "err_test_cmm": 0.0, "err_train_cavm": 34.0, "err_train_cmm": 0.0, "_timestamp": 1653048798, "_runtime": 12, "_step": 1, "err_test_cavm_l1": 49.47999954223633, "err_test_cmm_l1": 35.255001068115234, "err_train_cavm_l1": 47.0, "err_train_cmm_l1": 0.0, "_wandb": {"runtime": 2}}