{"err_test_cmm": 40.96500015258789, "err_train_cmm": 0.0, "_timestamp": 1653525442, "_runtime": 4, "_step": 1, "err_test_cmm_l1": 48.61000061035156, "err_train_cmm_l1": 0.0, "_wandb": {"runtime": 1}}