{"err_test_cavm_l1": 1.3799999952316284, "err_test_cmm_l1": 19.540000915527344, "err_train_cavm_l1": 1.3953487873077393, "err_train_cmm_l1": 0.0, "_timestamp": 1651836716, "_runtime": 5, "_step": 0, "_wandb": {"runtime": 2}}