{"err_test_cavm": 47.70500183105469, "err_test_cmm": 47.81500244140625, "err_train_cavm": 0.0, "err_train_cmm": 0.0, "_timestamp": 1649834919, "_runtime": 100, "_step": 1, "err_test_cavm_l1": 50.01000213623047, "err_test_cmm_l1": 50.07500076293945, "err_train_cavm_l1": 0.0, "err_train_cmm_l1": 0.0, "_wandb": {"runtime": 98}}