{"err_test_cavm": 36.71999740600586, "err_test_cmm": 37.380001068115234, "err_train_cavm": 0.0, "err_train_cmm": 0.0, "_timestamp": 1653669298, "_runtime": 5, "_step": 1, "err_test_cavm_l1": 20.905000686645508, "err_test_cmm_l1": 29.2450008392334, "err_train_cavm_l1": 0.0, "err_train_cmm_l1": 0.0, "_wandb": {"runtime": 2}}