{"err_test_cavm": 44.03499984741211, "err_test_cmm": 44.26499938964844, "err_train_cavm": 0.0, "err_train_cmm": 0.0, "_timestamp": 1649779791, "_runtime": 184, "_step": 1, "err_test_cavm_l1": 4.340000152587891, "err_test_cmm_l1": 9.175000190734863, "err_train_cavm_l1": 0.0, "err_train_cmm_l1": 0.0, "_wandb": {"runtime": 181}}