{"err_test_cavm_l1": 24.725000381469727, "err_test_cmm_l1": 29.67999839782715, "err_train_cavm_l1": 0.0, "err_train_cmm_l1": 0.0, "_timestamp": 1650997578, "_runtime": 122, "_step": 0, "_wandb": {"runtime": 120}}