{"err_test_cavm_l1": 0.17500001192092896, "err_test_cmm_l1": 12.504999160766602, "err_train_cavm_l1": 0.0, "err_train_cmm_l1": 0.0, "_timestamp": 1653130688, "_runtime": 6, "_step": 0, "_wandb": {"runtime": 2}}