{"err_test_cavm_l1": 49.35499954223633, "err_test_cmm_l1": 24.32499885559082, "err_train_cavm_l1": 50.06325149536133, "err_train_cmm_l1": 0.6008855154965187, "_timestamp": 1650996308, "_runtime": 208, "_step": 0, "_wandb": {"runtime": 202}}