{"err_test_cmm": 40.904998779296875, "err_train_cmm": 0.0, "_timestamp": 1653555164, "_runtime": 6, "_step": 1, "err_test_cmm_l1": 10.425000190734863, "err_train_cmm_l1": 0.0, "_wandb": {"runtime": 2}}