{"err_test_cavm": 5.329999923706055, "err_test_cmm": 1.1699999570846558, "err_train_cavm": 0.0, "err_train_cmm": 0.0, "_timestamp": 1653608017, "_runtime": 86, "_step": 1, "err_test_cavm_l1": 1.1800000667572021, "err_test_cmm_l1": 0.625, "err_train_cavm_l1": 0.0, "err_train_cmm_l1": 0.0, "_wandb": {"runtime": 84}}