{"err_test_cavm_l1": 50.68000030517578, "err_test_cmm_l1": 49.64999771118164, "err_train_cavm_l1": 0.0, "err_train_cmm_l1": 0.0, "_timestamp": 1652273089, "_runtime": 8, "_step": 0, "_wandb": {"runtime": 3}}