{"err_test_cavm_l1": 49.685001373291016, "err_test_cmm_l1": 50.244998931884766, "err_train_cavm_l1": 0.0, "err_train_cmm_l1": 0.0, "_timestamp": 1653079166, "_runtime": 14, "_step": 0, "_wandb": {"runtime": 3}}