{"err_test_cavm": 40.040000915527344, "err_test_cmm": 39.959999084472656, "err_train_cavm": 0.0, "err_train_cmm": 0.0, "_timestamp": 1649804234, "_runtime": 137, "_step": 1, "err_test_cavm_l1": 12.885000228881836, "err_test_cmm_l1": 19.290000915527344, "err_train_cavm_l1": 0.0, "err_train_cmm_l1": 0.0, "_wandb": {"runtime": 134}}