{"err_test_cavm": 44.6150016784668, "err_test_cmm": 44.69499969482422, "err_train_cavm": 0.0, "err_train_cmm": 0.0, "_timestamp": 1649763955, "_runtime": 98, "_step": 0, "_wandb": {"runtime": 115}}