{"err_test_cavm": 23.815000534057617, "err_test_cmm": 25.860000610351562, "err_train_cavm": 0.0, "err_train_cmm": 0.0, "_timestamp": 1649784743, "_runtime": 94, "_step": 1, "err_test_cavm_l1": 4.984999656677246, "err_test_cmm_l1": 8.324999809265137, "err_train_cavm_l1": 0.0, "err_train_cmm_l1": 0.0, "_wandb": {"runtime": 91}}