{"err_test_cavm": 16.475000381469727, "err_test_cmm": 8.71500015258789, "err_train_cavm": 10.179640769958496, "err_train_cmm": 0.0, "_timestamp": 1652187754, "_runtime": 8, "_step": 1, "err_test_cavm_l1": 0.0, "err_test_cmm_l1": 5.769999980926514, "err_train_cavm_l1": 0.0, "err_train_cmm_l1": 0.0, "_wandb": {"runtime": 4}}