{"err_test_cavm": 22.450000762939453, "err_test_cmm": 22.959999084472656, "err_train_cavm": 0.0, "err_train_cmm": 0.0, "_timestamp": 1653601618, "_runtime": 6, "_step": 1, "err_test_cavm_l1": 0.4000000059604645, "err_test_cmm_l1": 0.5450000166893005, "err_train_cavm_l1": 0.0, "err_train_cmm_l1": 0.0, "_wandb": {"runtime": 2}}