{"err_test_cavm": 46.89500045776367, "err_test_cmm": 47.04999923706055, "err_train_cavm": 0.0, "err_train_cmm": 0.0, "_timestamp": 1651247841, "_runtime": 5, "_step": 1, "err_test_cavm_l1": 0.0, "err_test_cmm_l1": 50.209999084472656, "err_train_cavm_l1": 0.0, "err_train_cmm_l1": 0.0, "_wandb": {"runtime": 3}}