{"err_test_cavm": 18.92500114440918, "err_test_cmm": 7.59499979019165, "err_train_cavm": 9.0, "err_train_cmm": 3.0000000000000027, "_timestamp": 1650843491, "_runtime": 5, "_step": 0, "_wandb": {"runtime": 51}}