{"err_test_cavm": 30.875, "err_test_cmm": 31.755001068115234, "err_train_cavm": 0.0, "err_train_cmm": 0.0, "_timestamp": 1649847624, "_runtime": 190, "_step": 1, "err_test_cavm_l1": 3.6499998569488525, "err_test_cmm_l1": 7.0, "err_train_cavm_l1": 0.0, "err_train_cmm_l1": 0.0, "_wandb": {"runtime": 187}}