{"err_test_cavm_l1": 8.920000076293945, "err_test_cmm_l1": 15.09999942779541, "err_train_cavm_l1": 0.0, "err_train_cmm_l1": 0.0, "_timestamp": 1650995109, "_runtime": 68, "_step": 0, "_wandb": {"runtime": 65}}