{"err_test_cavm_l1": 2.365000009536743, "err_test_cmm_l1": 6.930000305175781, "err_train_cavm_l1": 0.0, "err_train_cmm_l1": 0.0, "_timestamp": 1650982240, "_runtime": 135, "_step": 0, "_wandb": {"runtime": 132}}