{"err_test_cmm": 8.944999694824219, "err_train_cmm": 0.0, "_timestamp": 1653522344, "_runtime": 52, "_step": 1, "err_test_cmm_l1": 4.489999771118164, "err_train_cmm_l1": 0.0, "_wandb": {"runtime": 50}}