{"err_test_cavm_l1": 49.54999923706055, "err_test_cmm_l1": 49.34000015258789, "err_train_cavm_l1": 0.0, "err_train_cmm_l1": 0.0, "_timestamp": 1653606899, "_runtime": 4, "_step": 0, "_wandb": {"runtime": 2}}