{"err_test_cavm_l1": 2.6499998569488525, "err_test_cmm_l1": 7.619999885559082, "err_train_cavm_l1": 0.0, "err_train_cmm_l1": 0.0, "_timestamp": 1650968418, "_runtime": 61, "_step": 0, "_wandb": {"runtime": 59}}