{"err_test_cavm_l1": 23.790000915527344, "err_test_cmm_l1": 40.6150016784668, "err_train_cavm_l1": 0.0, "err_train_cmm_l1": 0.0, "_timestamp": 1651027008, "_runtime": 103, "_step": 0, "_wandb": {"runtime": 100}}