{"err_test_cavm": 46.57500076293945, "err_test_cmm": 46.67499923706055, "err_train_cavm": 0.0, "err_train_cmm": 0.0, "_timestamp": 1652187733, "_runtime": 7, "_step": 1, "err_test_cavm_l1": 50.19999694824219, "err_test_cmm_l1": 50.20499801635742, "err_train_cavm_l1": 0.0, "err_train_cmm_l1": 0.0, "_wandb": {"runtime": 2}}