{"err_test_cmm": 4.845000267028809, "err_train_cmm": 0.0, "_timestamp": 1653523060, "_runtime": 195, "_step": 1, "err_test_cmm_l1": 2.5199999809265137, "err_train_cmm_l1": 0.0, "_wandb": {"runtime": 192}}