{"err_test_cavm": 43.6349983215332, "err_test_cmm": 43.48999786376953, "err_train_cavm": 0.0, "err_train_cmm": 0.0, "_timestamp": 1652261742, "_runtime": 8, "_step": 1, "err_test_cavm_l1": 0.0, "err_test_cmm_l1": 50.38999938964844, "err_train_cavm_l1": 0.0, "err_train_cmm_l1": 0.0, "_wandb": {"runtime": 3}}