{"err_test_cavm_l1": 3.054999828338623, "err_test_cmm_l1": 6.385000228881836, "err_train_cavm_l1": 0.0, "err_train_cmm_l1": 0.0, "_timestamp": 1650988577, "_runtime": 53, "_step": 0, "_wandb": {"runtime": 51}}