{"err_test_cmm": 47.404998779296875, "err_train_cmm": 0.0, "_timestamp": 1653555375, "_runtime": 5, "_step": 1, "err_test_cmm_l1": 49.94499969482422, "err_train_cmm_l1": 0.0, "_wandb": {"runtime": 2}}