{"err_test_cavm": 40.45000076293945, "err_test_cmm": 25.295001983642578, "err_train_cavm": 0.0, "err_train_cmm": 0.0, "_timestamp": 1653602617, "_runtime": 5, "_step": 1, "err_test_cavm_l1": 12.795000076293945, "err_test_cmm_l1": 0.4000000059604645, "err_train_cavm_l1": 0.0, "err_train_cmm_l1": 0.0, "_wandb": {"runtime": 2}}