{"err_test_cavm_l1": 1.0049999952316284, "err_test_cmm_l1": 19.975000381469727, "err_train_cavm_l1": 0.0, "err_train_cmm_l1": 0.0, "_timestamp": 1653130908, "_runtime": 6, "_step": 0, "_wandb": {"runtime": 2}}