{"err_test_cavm_l1": 0.8299999833106995, "err_test_cmm_l1": 22.06999969482422, "err_train_cavm_l1": 0.0, "err_train_cmm_l1": 0.0, "_timestamp": 1653130407, "_runtime": 11, "_step": 0, "_wandb": {"runtime": 2}}