{"err_test_cavm_l1": 27.53499984741211, "err_test_cmm_l1": 38.54500198364258, "err_train_cavm_l1": 0.0, "err_train_cmm_l1": 0.0, "_timestamp": 1651032934, "_runtime": 110, "_step": 0, "_wandb": {"runtime": 107}}