{"err_test_cavm": 42.459999084472656, "err_test_cmm": 42.71999740600586, "err_train_cavm": 0.0, "err_train_cmm": 0.0, "_timestamp": 1649786548, "_runtime": 155, "_step": 1, "err_test_cavm_l1": 3.5199999809265137, "err_test_cmm_l1": 8.194999694824219, "err_train_cavm_l1": 0.0, "err_train_cmm_l1": 0.0, "_wandb": {"runtime": 152}}