{"err_test_cavm_l1": 18.90999984741211, "err_test_cmm_l1": 22.630001068115234, "err_train_cavm_l1": 0.0, "err_train_cmm_l1": 0.0, "_timestamp": 1651002371, "_runtime": 85, "_step": 0, "_wandb": {"runtime": 84}}