{"err_test_cavm": 19.645000457763672, "err_test_cmm": 8.434999465942383, "err_train_cavm": 12.0, "err_train_cmm": 0.0, "_timestamp": 1651587888, "_runtime": 4, "_step": 1, "err_test_cavm_l1": 0.0, "err_test_cmm_l1": 4.239999771118164, "err_train_cavm_l1": 0.0, "err_train_cmm_l1": 0.0, "_wandb": {"runtime": 2}}