{"err_test_cavm_l1": 22.184999465942383, "err_test_cmm_l1": 31.525001525878906, "err_train_cavm_l1": 0.0, "err_train_cmm_l1": 0.0, "_timestamp": 1651033160, "_runtime": 104, "_step": 0, "_wandb": {"runtime": 102}}