{"err_test_cavm_l1": 1.274999976158142, "err_test_cmm_l1": 13.4350004196167, "err_train_cavm_l1": 0.0, "err_train_cmm_l1": 0.0, "_timestamp": 1651020531, "_runtime": 118, "_step": 0, "_wandb": {"runtime": 115}}