{"err_test_cavm_l1": 18.06999969482422, "err_test_cmm_l1": 25.415000915527344, "err_train_cavm_l1": 0.0, "err_train_cmm_l1": 0.0, "_timestamp": 1651023375, "_runtime": 139, "_step": 0, "_wandb": {"runtime": 136}}