{"err_test_cavm_l1": 1.2549999952316284, "err_test_cmm_l1": 15.994999885559082, "err_train_cavm_l1": 0.0, "err_train_cmm_l1": 0.0, "_timestamp": 1651019592, "_runtime": 113, "_step": 0, "_wandb": {"runtime": 111}}