{"err_test_cavm": 42.26499938964844, "err_test_cmm": 41.78499984741211, "err_train_cavm": 0.0, "err_train_cmm": 0.0, "_timestamp": 1651584681, "_runtime": 4, "_step": 1, "err_test_cavm_l1": 0.0, "err_test_cmm_l1": 30.94499969482422, "err_train_cavm_l1": 0.0, "err_train_cmm_l1": 0.0, "_wandb": {"runtime": 2}}