{"err_test_c0": 41.845001220703125, "err_test_c1": 41.845001220703125, "err_test_c2": 41.845001220703125, "err_test_cmm": 41.95000076293945, "err_train_c0": 0.0, "err_train_c1": 0.0, "err_train_c2": 0.0, "err_train_cmm": 0.0, "_timestamp": 1649346183, "_runtime": 42, "_step": 0, "_wandb": {"runtime": 86}}