{"err_test_cavm_l1": 0.4099999964237213, "err_test_cmm_l1": 4.224999904632568, "err_train_cavm_l1": 0.0, "err_train_cmm_l1": 0.0, "_timestamp": 1652884755, "_runtime": 2, "_step": 0, "_wandb": {"runtime": 1}}