{"err_test_cmm": 48.66999816894531, "err_train_cmm": 0.0, "_timestamp": 1653571512, "_runtime": 52, "_step": 1, "err_test_cmm_l1": 9.255000114440918, "err_train_cmm_l1": 0.0, "_wandb": {"runtime": 50}}