{"err_test_cavm": 44.310001373291016, "err_test_cmm": 44.68000030517578, "err_train_cavm": 0.0, "err_train_cmm": 0.0, "_timestamp": 1651586214, "_runtime": 4, "_step": 1, "err_test_cavm_l1": 0.0, "err_test_cmm_l1": 49.415000915527344, "err_train_cavm_l1": 0.0, "err_train_cmm_l1": 0.0, "_wandb": {"runtime": 2}}