{"err_test_cmm": 14.245000839233398, "err_train_cmm": 0.0, "_timestamp": 1653523945, "_runtime": 8, "_step": 1, "err_test_cmm_l1": 8.835000038146973, "err_train_cmm_l1": 0.0, "_wandb": {"runtime": 6}}