{"err_test_cavm_l1": 8.4399995803833, "err_test_cmm_l1": 41.06999969482422, "err_train_cavm_l1": 0.0, "err_train_cmm_l1": 0.0, "_timestamp": 1652281348, "_runtime": 9, "_step": 0, "_wandb": {"runtime": 4}}