{"err_test_cmm": 48.21500015258789, "err_train_cmm": 0.0, "_timestamp": 1653566969, "_runtime": 8, "_step": 1, "err_test_cmm_l1": 49.8849983215332, "err_train_cmm_l1": 0.0, "_wandb": {"runtime": 3}}