{"err_test_cavm_l1": 4.190000057220459, "err_test_cmm_l1": 8.140000343322754, "err_train_cavm_l1": 0.0, "err_train_cmm_l1": 0.0, "_timestamp": 1650991064, "_runtime": 53, "_step": 0, "_wandb": {"runtime": 51}}