{"err_test_cavm_l1": 51.11000061035156, "err_test_cmm_l1": 50.55500411987305, "err_train_cavm_l1": 0.0, "err_train_cmm_l1": 0.0, "_timestamp": 1653606773, "_runtime": 4, "_step": 0, "_wandb": {"runtime": 2}}