{"err_test_cmm": 46.93000030517578, "err_train_cmm": 0.0, "_timestamp": 1653524403, "_runtime": 3, "_step": 1, "err_test_cmm_l1": 50.06999969482422, "err_train_cmm_l1": 0.0, "_wandb": {"runtime": 1}}