{"err_test_cavm": 44.3650016784668, "err_test_cmm": 44.47999954223633, "err_train_cavm": 0.0, "err_train_cmm": 0.0, "_timestamp": 1649768221, "_runtime": 91, "_step": 0, "_wandb": {"runtime": 191}}