{"err_test_cavm": 31.134998321533203, "err_test_cmm": 30.114999771118164, "err_train_cavm": 1.0, "err_train_cmm": 0.0, "_timestamp": 1651248891, "_runtime": 4, "_step": 1, "err_test_cavm_l1": 0.0, "err_test_cmm_l1": 11.444999694824219, "err_train_cavm_l1": 0.0, "err_train_cmm_l1": 0.0, "_wandb": {"runtime": 2}}