{"err_test_cavm_l1": 8.890000343322754, "err_test_cmm_l1": 19.69999885559082, "err_train_cavm_l1": 0.0, "err_train_cmm_l1": 0.0, "_timestamp": 1651040900, "_runtime": 60, "_step": 0, "_wandb": {"runtime": 57}}