{"err_test_cavm": 29.85999870300293, "err_test_cmm": 31.43000030517578, "err_train_cavm": 0.0, "err_train_cmm": 0.0, "_timestamp": 1649811736, "_runtime": 90, "_step": 1, "err_test_cavm_l1": 2.504999876022339, "err_test_cmm_l1": 5.409999847412109, "err_train_cavm_l1": 0.0, "err_train_cmm_l1": 0.0, "_wandb": {"runtime": 88}}