{"err_test_cavm": 23.549999237060547, "err_test_cmm": 15.510000228881836, "err_train_cavm": 9.0, "err_train_cmm": 0.0, "_timestamp": 1651586910, "_runtime": 4, "_step": 1, "err_test_cavm_l1": 0.0, "err_test_cmm_l1": 9.984999656677246, "err_train_cavm_l1": 0.0, "err_train_cmm_l1": 0.0, "_wandb": {"runtime": 2}}