{"err_test_cavm": 41.29500198364258, "err_test_cmm": 0.0, "err_train_cavm": 29.0, "err_train_cmm": 0.0, "_timestamp": 1653048478, "_runtime": 8, "_step": 1, "err_test_cavm_l1": 50.244998931884766, "err_test_cmm_l1": 23.31999969482422, "err_train_cavm_l1": 38.0, "err_train_cmm_l1": 0.0, "_wandb": {"runtime": 2}}