{"err_test_cavm_l1": 0.9750000238418579, "err_test_cmm_l1": 7.159999847412109, "err_train_cavm_l1": 0.0, "err_train_cmm_l1": 0.0, "_timestamp": 1653130711, "_runtime": 7, "_step": 0, "_wandb": {"runtime": 2}}