{"err_test_cavm": 47.38999938964844, "err_test_cmm": 47.61000061035156, "err_train_cavm": 0.0, "err_train_cmm": 0.0, "_timestamp": 1651587753, "_runtime": 7, "_step": 1, "err_test_cavm_l1": 0.0, "err_test_cmm_l1": 49.46500015258789, "err_train_cavm_l1": 0.0, "err_train_cmm_l1": 0.0, "_wandb": {"runtime": 4}}