{"err_test_cavm": 1.274999976158142, "err_test_cmm": 0.0, "err_train_cavm": 3.0, "err_train_cmm": 0.0, "_timestamp": 1653048083, "_runtime": 19, "_step": 1, "err_test_cavm_l1": 49.97999954223633, "err_test_cmm_l1": 49.970001220703125, "err_train_cavm_l1": 45.0, "err_train_cmm_l1": 0.0, "_wandb": {"runtime": 12}}