{"err_test_cavm_l1": 34.70000076293945, "err_test_cmm_l1": 36.30500030517578, "err_train_cavm_l1": 0.0, "err_train_cmm_l1": 0.0, "_timestamp": 1651004436, "_runtime": 117, "_step": 0, "_wandb": {"runtime": 115}}