{"err_test_cavm": 1.2050000429153442, "err_test_cmm": 0.0, "err_train_cavm": 0.0, "err_train_cmm": 0.0, "_timestamp": 1653048370, "_runtime": 23, "_step": 1, "err_test_cavm_l1": 50.05000305175781, "err_test_cmm_l1": 50.62000274658203, "err_train_cavm_l1": 52.0, "err_train_cmm_l1": 0.0, "_wandb": {"runtime": 16}}