{"err_test_cmm": 45.18000030517578, "err_train_cmm": 0.0, "_timestamp": 1653527961, "_runtime": 4, "_step": 1, "err_test_cmm_l1": 50.5150032043457, "err_train_cmm_l1": 0.0, "_wandb": {"runtime": 1}}