{"err_test_cavm_l1": 2.254999876022339, "err_test_cmm_l1": 8.604999542236328, "err_train_cavm_l1": 0.0, "err_train_cmm_l1": 0.0, "_timestamp": 1651144461, "_runtime": 113, "_step": 0, "_wandb": {"runtime": 109}}