{"err_test_cavm_l1": 14.020000457763672, "err_test_cmm_l1": 24.93000030517578, "err_train_cavm_l1": 0.0, "err_train_cmm_l1": 0.0, "_timestamp": 1651026537, "_runtime": 127, "_step": 0, "_wandb": {"runtime": 124}}