{"err_test_cavm_l1": 3.4749999046325684, "err_test_cmm_l1": 8.944999694824219, "err_train_cavm_l1": 0.0, "err_train_cmm_l1": 0.0, "_timestamp": 1651140405, "_runtime": 107, "_step": 0, "_wandb": {"runtime": 101}}