{"err_test_cavm_l1": 30.860000610351562, "err_test_cmm_l1": 47.76499938964844, "err_train_cavm_l1": 4.761904716491699, "err_train_cmm_l1": 0.0, "_timestamp": 1651667432, "_runtime": 3, "_step": 0, "_wandb": {"runtime": 2}}