{"err_test_cavm_l1": 5.460000038146973, "err_test_cmm_l1": 12.34000015258789, "err_train_cavm_l1": 0.0, "err_train_cmm_l1": 0.0, "_timestamp": 1650976704, "_runtime": 69, "_step": 0, "_wandb": {"runtime": 66}}