{"err_test_cavm": 37.69499969482422, "err_test_cmm": 37.064998626708984, "err_train_cavm": 1.0, "err_train_cmm": 0.0, "_timestamp": 1651582816, "_runtime": 3, "_step": 1, "err_test_cavm_l1": 0.0, "err_test_cmm_l1": 45.33000183105469, "err_train_cavm_l1": 0.0, "err_train_cmm_l1": 0.0, "_wandb": {"runtime": 2}}