{"err_test_cavm": 47.94499969482422, "err_test_cmm": 47.87000274658203, "err_train_cavm": 0.0, "err_train_cmm": 0.0, "_timestamp": 1651251652, "_runtime": 10, "_step": 1, "err_test_cavm_l1": 0.0, "err_test_cmm_l1": 50.279998779296875, "err_train_cavm_l1": 0.0, "err_train_cmm_l1": 0.0, "_wandb": {"runtime": 5}}