{"err_test_cavm": 47.27000045776367, "err_test_cmm": 47.21500015258789, "err_train_cavm": 0.0, "err_train_cmm": 0.0, "_timestamp": 1651583435, "_runtime": 8, "_step": 1, "err_test_cavm_l1": 0.0, "err_test_cmm_l1": 50.099998474121094, "err_train_cavm_l1": 0.0, "err_train_cmm_l1": 0.0, "_wandb": {"runtime": 6}}