{"err_test_cavm": 16.079999923706055, "err_test_cmm": 16.33500099182129, "err_train_cavm": 0.0, "err_train_cmm": 0.0, "_timestamp": 1653663835, "_runtime": 5, "_step": 1, "err_test_cavm_l1": 9.125, "err_test_cmm_l1": 7.814999580383301, "err_train_cavm_l1": 0.0, "err_train_cmm_l1": 0.0, "_wandb": {"runtime": 2}}