{"err_test_cavm": 44.82500076293945, "err_test_cmm": 45.165000915527344, "err_train_cavm": 0.0, "err_train_cmm": 0.0, "_timestamp": 1649809305, "_runtime": 80, "_step": 1, "err_test_cavm_l1": 49.755001068115234, "err_test_cmm_l1": 49.810001373291016, "err_train_cavm_l1": 0.0, "err_train_cmm_l1": 0.0, "_wandb": {"runtime": 78}}