{"err_test_cavm": 4.760000228881836, "err_test_cmm": 0.9549999833106995, "err_train_cavm": 0.0, "err_train_cmm": 0.0, "_timestamp": 1653602712, "_runtime": 87, "_step": 1, "err_test_cavm_l1": 1.0099999904632568, "err_test_cmm_l1": 0.6200000047683716, "err_train_cavm_l1": 0.0, "err_train_cmm_l1": 0.0, "_wandb": {"runtime": 85}}