{"err_test_cavm": 22.779998779296875, "err_test_cmm": 22.44500160217285, "err_train_cavm": 0.0, "err_train_cmm": 0.0, "_timestamp": 1649798954, "_runtime": 95, "_step": 1, "err_test_cavm_l1": 3.125, "err_test_cmm_l1": 5.804999828338623, "err_train_cavm_l1": 0.0, "err_train_cmm_l1": 0.0, "_wandb": {"runtime": 92}}