{"err_test_cavm": 48.474998474121094, "err_test_cmm": 22.994998931884766, "err_train_cavm": 0.0, "err_train_cmm": 0.0, "_timestamp": 1653608085, "_runtime": 5, "_step": 1, "err_test_cavm_l1": 28.63500213623047, "err_test_cmm_l1": 0.5099999904632568, "err_train_cavm_l1": 0.0, "err_train_cmm_l1": 0.0, "_wandb": {"runtime": 3}}