{"err_test_cmm": 26.295000076293945, "err_train_cmm": 0.0, "_timestamp": 1653527672, "_runtime": 3, "_step": 1, "err_test_cmm_l1": 21.010000228881836, "err_train_cmm_l1": 0.0, "_wandb": {"runtime": 1}}