{"err_test_cavm": 16.485000610351562, "err_test_cmm": 10.450000762939453, "err_train_cavm": 9.0, "err_train_cmm": 0.0, "_timestamp": 1651583841, "_runtime": 4, "_step": 1, "err_test_cavm_l1": 0.0, "err_test_cmm_l1": 5.050000190734863, "err_train_cavm_l1": 0.0, "err_train_cmm_l1": 0.0, "_wandb": {"runtime": 2}}