{"err_test_cavm": 27.810001373291016, "err_test_cmm": 25.8799991607666, "err_train_cavm": 9.0, "err_train_cmm": 0.0, "_timestamp": 1651586291, "_runtime": 4, "_step": 1, "err_test_cavm_l1": 0.0, "err_test_cmm_l1": 15.135000228881836, "err_train_cavm_l1": 0.0, "err_train_cmm_l1": 0.0, "_wandb": {"runtime": 2}}