{"err_test_cavm": 31.93000030517578, "err_test_cmm": 31.81999969482422, "err_train_cavm": 6.0, "err_train_cmm": 0.0, "_timestamp": 1651587060, "_runtime": 4, "_step": 1, "err_test_cavm_l1": 0.0, "err_test_cmm_l1": 37.665000915527344, "err_train_cavm_l1": 0.0, "err_train_cmm_l1": 0.0, "_wandb": {"runtime": 2}}