{"err_test_cavm_l1": 7.8550004959106445, "err_test_cmm_l1": 30.08500099182129, "err_train_cavm_l1": 4.0, "err_train_cmm_l1": 0.0, "_timestamp": 1651829135, "_runtime": 7, "_step": 0, "_wandb": {"runtime": 2}}