{"err_test_cmm": 41.71500015258789, "err_train_cmm": 0.0, "_timestamp": 1653567902, "_runtime": 7, "_step": 1, "err_test_cmm_l1": 10.944999694824219, "err_train_cmm_l1": 0.0, "_wandb": {"runtime": 3}}