{"err_test_cavm_l1": 7.15000057220459, "err_test_cmm_l1": 14.184999465942383, "err_train_cavm_l1": 0.0, "err_train_cmm_l1": 0.0, "_timestamp": 1651040755, "_runtime": 59, "_step": 0, "_wandb": {"runtime": 57}}