{"err_test_cmm": 46.35499954223633, "err_train_cmm": 0.0, "_timestamp": 1653572132, "_runtime": 6, "_step": 1, "err_test_cmm_l1": 11.770000457763672, "err_train_cmm_l1": 0.0, "_wandb": {"runtime": 4}}