{"err_test_cavm": 37.314998626708984, "err_test_cmm": 36.03499984741211, "err_train_cavm": 3.5714287757873535, "err_train_cmm": 0.0, "_timestamp": 1652109785, "_runtime": 10, "_step": 1, "err_test_cavm_l1": 50.185001373291016, "err_test_cmm_l1": 44.11000061035156, "err_train_cavm_l1": 32.14285659790039, "err_train_cmm_l1": 0.0, "_wandb": {"runtime": 3}}