{"err_test_cavm_l1": 2.3299999237060547, "err_test_cmm_l1": 5.160000324249268, "err_train_cavm_l1": 0.0, "err_train_cmm_l1": 0.0, "_timestamp": 1650966947, "_runtime": 55, "_step": 0, "_wandb": {"runtime": 53}}