{"err_test_cavm": 26.405000686645508, "err_test_cmm": 25.025001525878906, "err_train_cavm": 9.0, "err_train_cmm": 0.0, "_timestamp": 1651250301, "_runtime": 5, "_step": 1, "err_test_cavm_l1": 0.0, "err_test_cmm_l1": 18.645000457763672, "err_train_cavm_l1": 0.0, "err_train_cmm_l1": 0.0, "_wandb": {"runtime": 2}}