{"err_test_cavm": 39.73999786376953, "err_test_cmm": 39.86499786376953, "err_train_cavm": 0.0, "err_train_cmm": 0.0, "_timestamp": 1651588445, "_runtime": 5, "_step": 1, "err_test_cavm_l1": 0.0, "err_test_cmm_l1": 49.14999771118164, "err_train_cavm_l1": 0.0, "err_train_cmm_l1": 0.0, "_wandb": {"runtime": 2}}