{"err_test_cavm": 0.12000000476837158, "err_test_cmm": 0.4749999940395355, "err_train_cavm": 0.0, "err_train_cmm": 0.0, "_timestamp": 1653664116, "_runtime": 19, "_step": 1, "err_test_cavm_l1": 0.5249999761581421, "err_test_cmm_l1": 0.14000000059604645, "err_train_cavm_l1": 0.0, "err_train_cmm_l1": 0.0, "_wandb": {"runtime": 17}}