{"err_test_cmm": 16.200000762939453, "err_train_cmm": 0.0, "_timestamp": 1653527441, "_runtime": 4, "_step": 1, "err_test_cmm_l1": 7.434999942779541, "err_train_cmm_l1": 0.0, "_wandb": {"runtime": 1}}