{"err_test_cavm_l1": 11.59000015258789, "err_test_cmm_l1": 17.55500030517578, "err_train_cavm_l1": 0.0, "err_train_cmm_l1": 0.0, "_timestamp": 1650973823, "_runtime": 67, "_step": 0, "_wandb": {"runtime": 64}}