{"err_test_cavm_l1": 2.319999933242798, "err_test_cmm_l1": 5.380000114440918, "err_train_cavm_l1": 0.0, "err_train_cmm_l1": 0.0, "_timestamp": 1650902150, "_runtime": 159, "_step": 0, "_wandb": {"runtime": 156}}