{"err_test_cmm": 29.1200008392334, "err_train_cmm": 0.0, "_timestamp": 1653526362, "_runtime": 3, "_step": 1, "err_test_cmm_l1": 25.334999084472656, "err_train_cmm_l1": 0.0, "_wandb": {"runtime": 1}}