{"avg_test_c0": 0.1899999976158142, "avg_test_c1": 0.1550000011920929, "avg_test_c2": 0.625, "avg_test_cmm": 0.7050000429153442, "_timestamp": 1649325439, "_runtime": 5, "_step": 0, "_wandb": {"runtime": 3}}