{"err_test_cavm": 47.53000259399414, "err_test_cmm": 47.685001373291016, "err_train_cavm": 0.0, "err_train_cmm": 0.0, "_timestamp": 1651587263, "_runtime": 6, "_step": 1, "err_test_cavm_l1": 0.0, "err_test_cmm_l1": 49.744998931884766, "err_train_cavm_l1": 0.0, "err_train_cmm_l1": 0.0, "_wandb": {"runtime": 4}}