{"err_test_cavm_l1": 15.835000991821289, "err_test_cmm_l1": 20.135000228881836, "err_train_cavm_l1": 0.0, "err_train_cmm_l1": 0.0, "_timestamp": 1650992994, "_runtime": 92, "_step": 0, "_wandb": {"runtime": 89}}