{"err_test_cavm": 46.814998626708984, "err_test_cmm": 46.744998931884766, "err_train_cavm": 0.0, "err_train_cmm": 0.0, "_timestamp": 1651250954, "_runtime": 7, "_step": 1, "err_test_cavm_l1": 0.0, "err_test_cmm_l1": 50.099998474121094, "err_train_cavm_l1": 0.0, "err_train_cmm_l1": 0.0, "_wandb": {"runtime": 3}}