{"err_test_cavm": 22.104999542236328, "err_test_cmm": 21.39499855041504, "err_train_cavm": 5.0, "err_train_cmm": 0.0, "_timestamp": 1651584627, "_runtime": 5, "_step": 1, "err_test_cavm_l1": 0.0, "err_test_cmm_l1": 15.350000381469727, "err_train_cavm_l1": 0.0, "err_train_cmm_l1": 0.0, "_wandb": {"runtime": 2}}