{"err_test_cavm_l1": 2.069999933242798, "err_test_cmm_l1": 5.309999942779541, "err_train_cavm_l1": 0.0, "err_train_cmm_l1": 0.0, "_timestamp": 1650978250, "_runtime": 102, "_step": 0, "_wandb": {"runtime": 100}}