{"err_test_cavm_l1": 3.245000123977661, "err_test_cmm_l1": 8.190000534057617, "err_train_cavm_l1": 0.0, "err_train_cmm_l1": 0.0, "_timestamp": 1651141705, "_runtime": 128, "_step": 0, "_wandb": {"runtime": 124}}