{"err_test_cavm_l1": 6.74500036239624, "err_test_cmm_l1": 28.43000030517578, "err_train_cavm_l1": 0.0, "err_train_cmm_l1": 0.0, "_timestamp": 1651018199, "_runtime": 71, "_step": 0, "_wandb": {"runtime": 69}}