{"err_test_cavm": 47.60000228881836, "err_test_cmm": 47.595001220703125, "err_train_cavm": 0.0, "err_train_cmm": 0.0, "_timestamp": 1649828730, "_runtime": 98, "_step": 1, "err_test_cavm_l1": 50.73999786376953, "err_test_cmm_l1": 50.44000244140625, "err_train_cavm_l1": 0.0, "err_train_cmm_l1": 0.0, "_wandb": {"runtime": 95}}