{"err_test_cmm": 34.564998626708984, "err_train_cmm": 0.0, "_timestamp": 1653523975, "_runtime": 3, "_step": 1, "err_test_cmm_l1": 27.505001068115234, "err_train_cmm_l1": 0.0, "_wandb": {"runtime": 1}}