{"err_test_cavm": 44.65500259399414, "err_test_cmm": 44.67499923706055, "err_train_cavm": 0.0, "err_train_cmm": 0.0, "_timestamp": 1651588596, "_runtime": 4, "_step": 1, "err_test_cavm_l1": 0.0, "err_test_cmm_l1": 49.45000076293945, "err_train_cavm_l1": 0.0, "err_train_cmm_l1": 0.0, "_wandb": {"runtime": 2}}