{"err_test_cmm": 48.769996643066406, "err_train_cmm": 0.0, "_timestamp": 1653525504, "_runtime": 3, "_step": 1, "err_test_cmm_l1": 49.82500076293945, "err_train_cmm_l1": 0.0, "_wandb": {"runtime": 1}}