{"err_test_cavm_l1": 12.885000228881836, "err_test_cmm_l1": 49.26499938964844, "err_train_cavm_l1": 0.0, "err_train_cmm_l1": 0.0, "_timestamp": 1653131283, "_runtime": 6, "_step": 0, "_wandb": {"runtime": 2}}