{"err_test_cavm": 5.409999847412109, "err_test_cmm": 1.1150000095367432, "err_train_cavm": 0.0, "err_train_cmm": 0.0, "_timestamp": 1653608343, "_runtime": 89, "_step": 1, "err_test_cavm_l1": 1.2599999904632568, "err_test_cmm_l1": 0.5950000286102295, "err_train_cavm_l1": 0.0, "err_train_cmm_l1": 0.0, "_wandb": {"runtime": 86}}