{"err_test_cavm_l1": 4.78000020980835, "err_test_cmm_l1": 10.529999732971191, "err_train_cavm_l1": 0.0, "err_train_cmm_l1": 0.0, "_timestamp": 1651144018, "_runtime": 149, "_step": 0, "_wandb": {"runtime": 145}}