{"err_test_cmm": 48.474998474121094, "err_train_cmm": 0.0, "_timestamp": 1653585569, "_runtime": 23, "_step": 1, "err_test_cmm_l1": 45.95499801635742, "err_train_cmm_l1": 0.0, "_wandb": {"runtime": 19}}