{"err_test_cmm": 50.19999694824219, "err_train_cmm": 0.0, "_timestamp": 1653585882, "_runtime": 66, "_step": 1, "err_test_cmm_l1": 33.494998931884766, "err_train_cmm_l1": 0.0, "_wandb": {"runtime": 62}}