{"err_test_cavm": 44.85499954223633, "err_test_cmm": 45.01000213623047, "err_train_cavm": 0.0, "err_train_cmm": 0.0, "_timestamp": 1649742002, "_runtime": 114, "_step": 0, "_wandb": {"runtime": 1571}}