{"err_test_cavm_l1": 21.020000457763672, "err_test_cmm_l1": 22.475000381469727, "err_train_cavm_l1": 0.0, "err_train_cmm_l1": 0.0, "_timestamp": 1650995325, "_runtime": 208, "_step": 0, "_wandb": {"runtime": 204}}