{"err_test_cavm": 13.985000610351562, "err_test_cmm": 1.2950000762939453, "err_train_cavm": 0.0, "err_train_cmm": 0.0, "_timestamp": 1653603231, "_runtime": 21, "_step": 1, "err_test_cavm_l1": 1.2300000190734863, "err_test_cmm_l1": 0.5199999809265137, "err_train_cavm_l1": 0.0, "err_train_cmm_l1": 0.0, "_wandb": {"runtime": 18}}