{"err_test_cavm": 23.469999313354492, "err_test_cmm": 25.424999237060547, "err_train_cavm": 0.0, "err_train_cmm": 0.0, "_timestamp": 1649842989, "_runtime": 216, "_step": 1, "err_test_cavm_l1": 2.115000009536743, "err_test_cmm_l1": 5.679999828338623, "err_train_cavm_l1": 0.0, "err_train_cmm_l1": 0.0, "_wandb": {"runtime": 214}}