{"err_test_cavm": 32.70500183105469, "err_test_cmm": 30.735000610351562, "err_train_cavm": 2.0, "err_train_cmm": 0.0, "_timestamp": 1651587924, "_runtime": 4, "_step": 1, "err_test_cavm_l1": 0.0, "err_test_cmm_l1": 34.65999984741211, "err_train_cavm_l1": 0.0, "err_train_cmm_l1": 0.0, "_wandb": {"runtime": 2}}