{"err_test_cavm": 5.190000057220459, "err_test_cmm": 1.0950000286102295, "err_train_cavm": 0.0, "err_train_cmm": 0.0, "_timestamp": 1653603204, "_runtime": 88, "_step": 1, "err_test_cavm_l1": 0.8999999761581421, "err_test_cmm_l1": 0.5900000333786011, "err_train_cavm_l1": 0.0, "err_train_cmm_l1": 0.0, "_wandb": {"runtime": 85}}