{"err_test_cavm": 14.075000762939453, "err_test_cmm": 14.370000839233398, "err_train_cavm": 0.0, "err_train_cmm": 0.0, "_timestamp": 1653662342, "_runtime": 6, "_step": 1, "err_test_cavm_l1": 0.11500000208616257, "err_test_cmm_l1": 0.12000000476837158, "err_train_cavm_l1": 0.0, "err_train_cmm_l1": 0.0, "_wandb": {"runtime": 3}}