{"err_test_cmm": 44.83500289916992, "err_train_cmm": 0.0, "_timestamp": 1653640056, "_runtime": 5, "_step": 1, "err_test_cmm_l1": 13.265000343322754, "err_train_cmm_l1": 0.0, "_wandb": {"runtime": 2}}