{"err_test_cavm": 31.700000762939453, "err_test_cmm": 31.93000030517578, "err_train_cavm": 3.0, "err_train_cmm": 0.0, "_timestamp": 1651251197, "_runtime": 6, "_step": 1, "err_test_cavm_l1": 0.0, "err_test_cmm_l1": 21.809999465942383, "err_train_cavm_l1": 0.0, "err_train_cmm_l1": 0.0, "_wandb": {"runtime": 2}}