{"err_test_cavm_l1": 3.325000047683716, "err_test_cmm_l1": 31.040000915527344, "err_train_cavm_l1": 0.0, "err_train_cmm_l1": 0.0, "_timestamp": 1651018121, "_runtime": 93, "_step": 0, "_wandb": {"runtime": 90}}