{"err_test_cmm": 48.17500305175781, "err_train_cmm": 0.0, "_timestamp": 1653526914, "_runtime": 5, "_step": 1, "err_test_cmm_l1": 49.97999954223633, "err_train_cmm_l1": 0.0, "_wandb": {"runtime": 1}}