{"err_test_cavm": 12.829999923706055, "err_test_cmm": 6.889999866485596, "err_train_cavm": 9.0, "err_train_cmm": 0.0, "_timestamp": 1651586898, "_runtime": 5, "_step": 1, "err_test_cavm_l1": 0.0, "err_test_cmm_l1": 3.3949999809265137, "err_train_cavm_l1": 0.0, "err_train_cmm_l1": 0.0, "_wandb": {"runtime": 2}}