{"err_test_cavm": 41.154998779296875, "err_test_cmm": 40.95500183105469, "err_train_cavm": 0.0, "err_train_cmm": 0.0, "_timestamp": 1651587946, "_runtime": 4, "_step": 1, "err_test_cavm_l1": 0.0, "err_test_cmm_l1": 47.02000045776367, "err_train_cavm_l1": 0.0, "err_train_cmm_l1": 0.0, "_wandb": {"runtime": 1}}