{"err_test_cavm": 37.04999923706055, "err_test_cmm": 36.915000915527344, "err_train_cavm": 1.0, "err_train_cmm": 0.0, "_timestamp": 1651582939, "_runtime": 3, "_step": 1, "err_test_cavm_l1": 0.0, "err_test_cmm_l1": 49.224998474121094, "err_train_cavm_l1": 0.0, "err_train_cmm_l1": 0.0, "_wandb": {"runtime": 2}}