{"err_test_c0": 0.48000001907348633, "err_test_c1": 0.4699999988079071, "err_test_c2": 0.20000000298023224, "err_test_cmm": 2.390000104904175, "err_train_c0": 0.0, "err_train_c1": 0.0, "err_train_c2": 0.0, "err_train_cmm": 3.0000000000000027, "_timestamp": 1649332826, "_runtime": 13, "_step": 0, "_wandb": {"runtime": 10}}