{"err_test_cavm_l1": 16.2450008392334, "err_test_cmm_l1": 33.54999923706055, "err_train_cavm_l1": 0.0, "err_train_cmm_l1": 0.0, "_timestamp": 1651028725, "_runtime": 114, "_step": 0, "_wandb": {"runtime": 111}}