{"err_test_cavm": 45.68499755859375, "err_test_cmm": 45.529998779296875, "err_train_cavm": 0.0, "err_train_cmm": 0.0, "_timestamp": 1651588216, "_runtime": 4, "_step": 1, "err_test_cavm_l1": 0.0, "err_test_cmm_l1": 50.755001068115234, "err_train_cavm_l1": 0.0, "err_train_cmm_l1": 0.0, "_wandb": {"runtime": 2}}