{"err_test_cavm": 8.105000495910645, "err_test_cmm": 9.104999542236328, "err_train_cavm": 0.0, "err_train_cmm": 0.0, "_timestamp": 1649844654, "_runtime": 565, "_step": 1, "err_test_cavm_l1": 1.0750000476837158, "err_test_cmm_l1": 3.5, "err_train_cavm_l1": 0.0, "err_train_cmm_l1": 0.0, "_wandb": {"runtime": 562}}