{"err_test_cavm_l1": 3.7700002193450928, "err_test_cmm_l1": 8.65999984741211, "err_train_cavm_l1": 0.0, "err_train_cmm_l1": 0.0, "_timestamp": 1650966553, "_runtime": 65, "_step": 0, "_wandb": {"runtime": 63}}