{"err_test_cmm": 4.924999713897705, "err_train_cmm": 0.0, "_timestamp": 1653522689, "_runtime": 206, "_step": 1, "err_test_cmm_l1": 2.4049999713897705, "err_train_cmm_l1": 0.0, "_wandb": {"runtime": 203}}