{"err_test_cavm": 20.595001220703125, "err_test_cmm": 15.279999732971191, "err_train_cavm": 8.196721076965332, "err_train_cmm": 0.0, "_timestamp": 1652109434, "_runtime": 12, "_step": 1, "err_test_cavm_l1": 35.26000213623047, "err_test_cmm_l1": 14.63499927520752, "err_train_cavm_l1": 36.06557083129883, "err_train_cmm_l1": 0.0, "_wandb": {"runtime": 3}}