{"err_test_cavm_l1": 11.779999732971191, "err_test_cmm_l1": 37.05500030517578, "err_train_cavm_l1": 8.69565200805664, "err_train_cmm_l1": 0.0, "_timestamp": 1651667520, "_runtime": 3, "_step": 0, "_wandb": {"runtime": 2}}