{"err_test_cmm": 40.19499969482422, "err_train_cmm": 0.0, "_timestamp": 1653555440, "_runtime": 5, "_step": 1, "err_test_cmm_l1": 9.6850004196167, "err_train_cmm_l1": 0.0, "_wandb": {"runtime": 2}}