{"err_test_cavm_l1": 0.10999999940395355, "err_test_cmm_l1": 17.520000457763672, "err_train_cavm_l1": 3.22580623626709, "err_train_cmm_l1": 0.0, "_timestamp": 1653133854, "_runtime": 6, "_step": 0, "_wandb": {"runtime": 2}}