{"err_test_cmm": 47.44000244140625, "err_train_cmm": 0.0, "_timestamp": 1653573158, "_runtime": 7, "_step": 1, "err_test_cmm_l1": 18.895000457763672, "err_train_cmm_l1": 0.0, "_wandb": {"runtime": 4}}