{"err_test_cavm_l1": 1.8149999380111694, "err_test_cmm_l1": 37.689998626708984, "err_train_cavm_l1": 0.0, "err_train_cmm_l1": 0.0, "_timestamp": 1653131042, "_runtime": 7, "_step": 0, "_wandb": {"runtime": 3}}