{"err_test_cavm_l1": 1.6399999856948853, "err_test_cmm_l1": 8.880000114440918, "err_train_cavm_l1": 0.21551723778247833, "err_train_cmm_l1": 0.0, "_timestamp": 1651829363, "_runtime": 5, "_step": 0, "_wandb": {"runtime": 3}}