{"err_test_cavm_l1": 24.934999465942383, "err_test_cmm_l1": 49.31999969482422, "err_train_cavm_l1": 0.0, "err_train_cmm_l1": 0.0, "_timestamp": 1652281058, "_runtime": 75, "_step": 0, "_wandb": {"runtime": 71}}