{"err_test_cavm": 44.63999938964844, "err_test_cmm": 44.44499969482422, "err_train_cavm": 0.0, "err_train_cmm": 0.0, "_timestamp": 1651586855, "_runtime": 4, "_step": 1, "err_test_cavm_l1": 0.0, "err_test_cmm_l1": 50.5150032043457, "err_train_cavm_l1": 0.0, "err_train_cmm_l1": 0.0, "_wandb": {"runtime": 2}}