{"err_test_cavm": 47.26000213623047, "err_test_cmm": 47.119998931884766, "err_train_cavm": 0.0, "err_train_cmm": 0.0, "_timestamp": 1651248014, "_runtime": 7, "_step": 1, "err_test_cavm_l1": 0.0, "err_test_cmm_l1": 10.795000076293945, "err_train_cavm_l1": 0.0, "err_train_cmm_l1": 0.0, "_wandb": {"runtime": 4}}