{"err_test_cavm": 30.799999237060547, "err_test_cmm": 28.380001068115234, "err_train_cavm": 12.068964958190918, "err_train_cmm": 0.0, "_timestamp": 1652260013, "_runtime": 7, "_step": 1, "err_test_cavm_l1": 0.0, "err_test_cmm_l1": 23.795000076293945, "err_train_cavm_l1": 0.0, "err_train_cmm_l1": 0.0, "_wandb": {"runtime": 3}}