{"err_test_cavm_l1": 0.5450000166893005, "err_test_cmm_l1": 0.004999999888241291, "err_train_cavm_l1": 1.0, "err_train_cmm_l1": 0.0, "_timestamp": 1652870200, "_runtime": 4, "_step": 0, "_wandb": {"runtime": 1}}