{"err_test_cavm_l1": 18.274999618530273, "err_test_cmm_l1": 38.755001068115234, "err_train_cavm_l1": 9.523809432983398, "err_train_cmm_l1": 0.0, "_timestamp": 1651830289, "_runtime": 5, "_step": 0, "_wandb": {"runtime": 2}}