{"err_test_cavm_l1": 3.9700002670288086, "err_test_cmm_l1": 31.700000762939453, "err_train_cavm_l1": 0.0, "err_train_cmm_l1": 0.0, "_timestamp": 1651037580, "_runtime": 98, "_step": 0, "_wandb": {"runtime": 95}}