{"err_test_cmm": 49.30999755859375, "err_train_cmm": 0.0, "_timestamp": 1653570963, "_runtime": 53, "_step": 1, "err_test_cmm_l1": 9.144999504089355, "err_train_cmm_l1": 0.0, "_wandb": {"runtime": 50}}