{"err_test_cavm": 14.74000072479248, "err_test_cmm": 8.795000076293945, "err_train_cavm": 11.0, "err_train_cmm": 0.0, "_timestamp": 1651246882, "_runtime": 4, "_step": 1, "err_test_cavm_l1": 0.0, "err_test_cmm_l1": 5.474999904632568, "err_train_cavm_l1": 0.0, "err_train_cmm_l1": 0.0, "_wandb": {"runtime": 2}}