{"err_test_cavm": 20.790000915527344, "err_test_cmm": 14.595000267028809, "err_train_cavm": 8.606557846069336, "err_train_cmm": 0.0, "_timestamp": 1652109932, "_runtime": 11, "_step": 1, "err_test_cavm_l1": 35.060001373291016, "err_test_cmm_l1": 14.749999046325684, "err_train_cavm_l1": 36.47541046142578, "err_train_cmm_l1": 0.0, "_wandb": {"runtime": 3}}