{"err_test_cavm_l1": 5.550000190734863, "err_test_cmm_l1": 43.165000915527344, "err_train_cavm_l1": 0.0, "err_train_cmm_l1": 0.0, "_timestamp": 1653060064, "_runtime": 9, "_step": 0, "_wandb": {"runtime": 2}}