{"err_test_cmm": 26.930002212524414, "err_train_cmm": 0.0, "_timestamp": 1653555259, "_runtime": 14, "_step": 1, "err_test_cmm_l1": 7.445000171661377, "err_train_cmm_l1": 0.0, "_wandb": {"runtime": 10}}