{"err_test_cavm_l1": 0.1599999964237213, "err_test_cmm_l1": 14.640000343322754, "err_train_cavm_l1": 0.0, "err_train_cmm_l1": 0.0, "_timestamp": 1653130585, "_runtime": 10, "_step": 0, "_wandb": {"runtime": 2}}