{"err_test_cavm": 49.20499801635742, "err_test_cmm": 49.21999740600586, "err_train_cavm": 0.0, "err_train_cmm": 0.0, "_timestamp": 1649796258, "_runtime": 1130, "_step": 1, "err_test_cavm_l1": 5.485000133514404, "err_test_cmm_l1": 11.815000534057617, "err_train_cavm_l1": 0.0, "err_train_cmm_l1": 0.0, "_wandb": {"runtime": 1128}}