{"err_test_cavm_l1": 0.5900000333786011, "err_test_cmm_l1": 4.960000038146973, "err_train_cavm_l1": 0.0, "err_train_cmm_l1": 0.0, "_timestamp": 1652283663, "_runtime": 6, "_step": 0, "_wandb": {"runtime": 4}}