{"err_test_cavm_l1": 5.319999694824219, "err_test_cmm_l1": 8.479999542236328, "err_train_cavm_l1": 0.0, "err_train_cmm_l1": 0.0, "_timestamp": 1650991126, "_runtime": 55, "_step": 0, "_wandb": {"runtime": 52}}