{"err_test_cavm": 0.4449999928474426, "err_test_cmm": 0.949999988079071, "err_train_cavm": 0.0, "err_train_cmm": 0.0, "_timestamp": 1653664292, "_runtime": 8, "_step": 1, "err_test_cavm_l1": 2.3350000381469727, "err_test_cmm_l1": 0.23499999940395355, "err_train_cavm_l1": 0.0, "err_train_cmm_l1": 0.0, "_wandb": {"runtime": 5}}