{"err_test_cmm": 48.849998474121094, "err_train_cmm": 0.0, "_timestamp": 1653574016, "_runtime": 21, "_step": 1, "err_test_cmm_l1": 19.024999618530273, "err_train_cmm_l1": 0.0, "_wandb": {"runtime": 18}}