{"err_test_cavm": 48.43000030517578, "err_test_cmm": 48.35499954223633, "err_train_cavm": 0.0, "err_train_cmm": 0.0, "_timestamp": 1651150873, "_runtime": 4, "_step": 1, "err_test_cavm_l1": 49.66999816894531, "err_test_cmm_l1": 50.19999694824219, "err_train_cavm_l1": 20.0, "err_train_cmm_l1": 0.0, "_wandb": {"runtime": 2}}