{"err_test_cmm": 14.855000495910645, "err_train_cmm": 0.0, "_timestamp": 1653522361, "_runtime": 10, "_step": 1, "err_test_cmm_l1": 9.239999771118164, "err_train_cmm_l1": 0.0, "_wandb": {"runtime": 7}}