{"err_test_cavm_l1": 23.78499984741211, "err_test_cmm_l1": 42.09000015258789, "err_train_cavm_l1": 0.0, "err_train_cmm_l1": 0.0, "_timestamp": 1651032044, "_runtime": 106, "_step": 0, "_wandb": {"runtime": 104}}