{"err_test_cavm": 43.435001373291016, "err_test_cmm": 43.349998474121094, "err_train_cavm": 0.0, "err_train_cmm": 0.0, "_timestamp": 1649794270, "_runtime": 149, "_step": 1, "err_test_cavm_l1": 4.340000152587891, "err_test_cmm_l1": 9.960000038146973, "err_train_cavm_l1": 0.0, "err_train_cmm_l1": 0.0, "_wandb": {"runtime": 147}}