{"err_test_cmm": 46.650001525878906, "err_train_cmm": 0.0, "_timestamp": 1653640157, "_runtime": 5, "_step": 1, "err_test_cmm_l1": 42.90999984741211, "err_train_cmm_l1": 0.0, "_wandb": {"runtime": 2}}