{"err_test_cavm_l1": 34.255001068115234, "err_test_cmm_l1": 36.46999740600586, "err_train_cavm_l1": 0.0, "err_train_cmm_l1": 0.0, "_timestamp": 1651001869, "_runtime": 118, "_step": 0, "_wandb": {"runtime": 117}}