{"err_test_cavm_l1": 14.004999160766602, "err_test_cmm_l1": 16.975000381469727, "err_train_cavm_l1": 0.0, "err_train_cmm_l1": 0.0, "_timestamp": 1651001436, "_runtime": 89, "_step": 0, "_wandb": {"runtime": 86}}