{"err_test_cavm": 40.40999984741211, "err_test_cmm": 40.66999816894531, "err_train_cavm": 0.0, "err_train_cmm": 0.0, "_timestamp": 1651587572, "_runtime": 4, "_step": 1, "err_test_cavm_l1": 0.0, "err_test_cmm_l1": 46.1349983215332, "err_train_cavm_l1": 0.0, "err_train_cmm_l1": 0.0, "_wandb": {"runtime": 2}}