{"err_test_cmm": 45.959999084472656, "err_train_cmm": 0.0, "_timestamp": 1653555339, "_runtime": 4, "_step": 1, "err_test_cmm_l1": 19.26500129699707, "err_train_cmm_l1": 0.0, "_wandb": {"runtime": 2}}