{"err_test_cmm": 35.994998931884766, "err_train_cmm": 0.0, "_timestamp": 1653527032, "_runtime": 4, "_step": 1, "err_test_cmm_l1": 40.18000030517578, "err_train_cmm_l1": 0.0, "_wandb": {"runtime": 1}}