{"err_test_cavm_l1": 0.1899999976158142, "err_test_cmm_l1": 9.899999618530273, "err_train_cavm_l1": 0.0, "err_train_cmm_l1": 0.0, "_timestamp": 1653131379, "_runtime": 15, "_step": 0, "_wandb": {"runtime": 3}}