{"err_test_cavm_l1": 20.475000381469727, "err_test_cmm_l1": 45.97999954223633, "err_train_cavm_l1": 4.34782600402832, "err_train_cmm_l1": 0.0, "_timestamp": 1651830048, "_runtime": 5, "_step": 0, "_wandb": {"runtime": 2}}