{"err_test_cavm": 19.395000457763672, "err_test_cmm": 5.485000133514404, "err_train_cavm": 16.0, "err_train_cmm": 0.0, "_timestamp": 1651251130, "_runtime": 6, "_step": 1, "err_test_cavm_l1": 0.0, "err_test_cmm_l1": 2.7200000286102295, "err_train_cavm_l1": 0.0, "err_train_cmm_l1": 0.0, "_wandb": {"runtime": 2}}