{"err_test_cavm": 37.83000183105469, "err_test_cmm": 37.94000244140625, "err_train_cavm": 0.0, "err_train_cmm": 0.0, "_timestamp": 1649828083, "_runtime": 178, "_step": 1, "err_test_cavm_l1": 2.2200000286102295, "err_test_cmm_l1": 5.974999904632568, "err_train_cavm_l1": 0.0, "err_train_cmm_l1": 0.0, "_wandb": {"runtime": 175}}