{"err_test_cavm": 48.130001068115234, "err_test_cmm": 48.165000915527344, "err_train_cavm": 0.0, "err_train_cmm": 0.0, "_timestamp": 1651249953, "_runtime": 10, "_step": 1, "err_test_cavm_l1": 0.0, "err_test_cmm_l1": 49.63999938964844, "err_train_cavm_l1": 0.0, "err_train_cmm_l1": 0.0, "_wandb": {"runtime": 7}}