{"err_test_cavm": 44.33000183105469, "err_test_cmm": 44.185001373291016, "err_train_cavm": 0.0, "err_train_cmm": 0.0, "_timestamp": 1652877054, "_runtime": 3, "_step": 1, "err_test_cavm_l1": 0.0, "err_test_cmm_l1": 50.07500076293945, "err_train_cavm_l1": 0.0, "err_train_cmm_l1": 0.0, "_wandb": {"runtime": 1}}