{"err_test_cavm_l1": 3.7799999713897705, "err_test_cmm_l1": 10.644999504089355, "err_train_cavm_l1": 0.0, "err_train_cmm_l1": 0.0, "_timestamp": 1650989988, "_runtime": 90, "_step": 0, "_wandb": {"runtime": 88}}