{"err_test_cavm": 19.834999084472656, "err_test_cmm": 16.345001220703125, "err_train_cavm": 8.0, "err_train_cmm": 0.0, "_timestamp": 1651250287, "_runtime": 7, "_step": 1, "err_test_cavm_l1": 0.0, "err_test_cmm_l1": 11.4399995803833, "err_train_cavm_l1": 0.0, "err_train_cmm_l1": 0.0, "_wandb": {"runtime": 2}}