{"err_test_cavm_l1": 2.0850000381469727, "err_test_cmm_l1": 7.195000171661377, "err_train_cavm_l1": 0.0, "err_train_cmm_l1": 0.0, "_timestamp": 1651037952, "_runtime": 58, "_step": 0, "_wandb": {"runtime": 56}}