{"err_test_cavm": 41.19499969482422, "err_test_cmm": 40.88500213623047, "err_train_cavm": 0.0, "err_train_cmm": 0.0, "_timestamp": 1651587087, "_runtime": 4, "_step": 1, "err_test_cavm_l1": 0.0, "err_test_cmm_l1": 37.90999984741211, "err_train_cavm_l1": 0.0, "err_train_cmm_l1": 0.0, "_wandb": {"runtime": 2}}