{"err_test_cavm": 8.34999942779541, "err_test_cmm": 9.470000267028809, "err_train_cavm": 0.0, "err_train_cmm": 0.0, "_timestamp": 1649835546, "_runtime": 505, "_step": 1, "err_test_cavm_l1": 0.574999988079071, "err_test_cmm_l1": 1.665000081062317, "err_train_cavm_l1": 0.0, "err_train_cmm_l1": 0.0, "_wandb": {"runtime": 503}}