{"err_test_cmm": 43.439998626708984, "err_train_cmm": 0.0, "_timestamp": 1653585483, "_runtime": 5, "_step": 1, "err_test_cmm_l1": 34.76499938964844, "err_train_cmm_l1": 0.0, "_wandb": {"runtime": 2}}