{"err_test_cavm_l1": 13.869998931884766, "err_test_cmm_l1": 27.389999389648438, "err_train_cavm_l1": 0.0, "err_train_cmm_l1": 0.0, "_timestamp": 1651025500, "_runtime": 125, "_step": 0, "_wandb": {"runtime": 123}}