{"err_test_cmm": 42.130001068115234, "err_train_cmm": 0.0, "_timestamp": 1653565875, "_runtime": 5, "_step": 1, "err_test_cmm_l1": 10.069999694824219, "err_train_cmm_l1": 0.0, "_wandb": {"runtime": 3}}