{"err_test_cavm": 34.78499984741211, "err_test_cmm": 33.65999984741211, "err_train_cavm": 5.0, "err_train_cmm": 0.0, "_timestamp": 1651250465, "_runtime": 6, "_step": 1, "err_test_cavm_l1": 0.0, "err_test_cmm_l1": 30.594999313354492, "err_train_cavm_l1": 0.0, "err_train_cmm_l1": 0.0, "_wandb": {"runtime": 2}}