{"err_test_cavm": 46.67499923706055, "err_test_cmm": 46.78499984741211, "err_train_cavm": 0.0, "err_train_cmm": 0.0, "_timestamp": 1651250804, "_runtime": 7, "_step": 1, "err_test_cavm_l1": 0.0, "err_test_cmm_l1": 38.33000183105469, "err_train_cavm_l1": 0.0, "err_train_cmm_l1": 0.0, "_wandb": {"runtime": 4}}