{"err_test_c0": 0.17999999225139618, "err_test_c1": 0.29500001668930054, "err_test_c2": 3.4650001525878906, "err_test_cmm": 2.055000066757202, "err_train_c0": 5.0, "err_train_c1": 5.0, "err_train_c2": 5.0, "err_train_cmm": 5.000000000000004, "_timestamp": 1649332849, "_runtime": 6, "_step": 0, "_wandb": {"runtime": 4}}