{"err_test_cavm_l1": 28.525001525878906, "err_test_cmm_l1": 36.57500076293945, "err_train_cavm_l1": 0.0, "err_train_cmm_l1": 0.0, "_timestamp": 1651034747, "_runtime": 148, "_step": 0, "_wandb": {"runtime": 145}}