{"err_test_cavm": 39.189998626708984, "err_test_cmm": 37.15999984741211, "err_train_cavm": 0.0, "err_train_cmm": 0.0, "_timestamp": 1651582344, "_runtime": 4, "_step": 1, "err_test_cavm_l1": 0.0, "err_test_cmm_l1": 43.415000915527344, "err_train_cavm_l1": 0.0, "err_train_cmm_l1": 0.0, "_wandb": {"runtime": 2}}