{"err_test_cmm": 48.47999954223633, "err_train_cmm": 0.0, "_timestamp": 1653571261, "_runtime": 20, "_step": 1, "err_test_cmm_l1": 7.744999885559082, "err_train_cmm_l1": 0.0, "_wandb": {"runtime": 16}}