{"err_test_cavm": 3.379999876022339, "err_test_cmm": 4.5, "err_train_cavm": 0.0, "err_train_cmm": 2.0000000000000018, "_timestamp": 1650037260, "_runtime": 91, "_step": 1, "err_test_cavm_l1": 2.195000171661377, "err_test_cmm_l1": 2.4600000381469727, "err_train_cavm_l1": 0.0, "err_train_cmm_l1": 0.0, "_wandb": {"runtime": 88}}