{"err_test_cavm": 31.665000915527344, "err_test_cmm": 0.0, "err_train_cavm": 32.0, "err_train_cmm": 0.0, "_timestamp": 1653048249, "_runtime": 8, "_step": 1, "err_test_cavm_l1": 50.41999816894531, "err_test_cmm_l1": 35.77000045776367, "err_train_cavm_l1": 50.0, "err_train_cmm_l1": 0.0, "_wandb": {"runtime": 3}}