{"err_test_cavm_l1": 4.425000190734863, "err_test_cmm_l1": 10.005000114440918, "err_train_cavm_l1": 0.0, "err_train_cmm_l1": 0.0, "_timestamp": 1650962625, "_runtime": 95, "_step": 0, "_wandb": {"runtime": 92}}