{"err_test_cavm_l1": 49.39999771118164, "err_test_cmm_l1": 49.63999938964844, "err_train_cavm_l1": 0.0, "err_train_cmm_l1": 0.0, "_timestamp": 1653599496, "_runtime": 5, "_step": 0, "_wandb": {"runtime": 2}}