{"err_test_cavm": 27.985000610351562, "err_test_cmm": 25.075000762939453, "err_train_cavm": 5.042016983032227, "err_train_cmm": 0.0, "_timestamp": 1652109218, "_runtime": 8, "_step": 1, "err_test_cavm_l1": 35.06999969482422, "err_test_cmm_l1": 29.85999870300293, "err_train_cavm_l1": 36.13445281982422, "err_train_cmm_l1": 0.0, "_wandb": {"runtime": 3}}