{"err_test_cavm": 30.350000381469727, "err_test_cmm": 30.915000915527344, "err_train_cavm": 0.0, "err_train_cmm": 0.0, "_timestamp": 1649841083, "_runtime": 187, "_step": 1, "err_test_cavm_l1": 3.5950000286102295, "err_test_cmm_l1": 7.779999732971191, "err_train_cavm_l1": 0.0, "err_train_cmm_l1": 0.0, "_wandb": {"runtime": 185}}