{"err_test_cavm": 0.5600000023841858, "err_test_cmm": 1.4850000143051147, "err_train_cavm": 0.0, "err_train_cmm": 0.0, "_timestamp": 1653601885, "_runtime": 20, "_step": 1, "err_test_cavm_l1": 0.4300000071525574, "err_test_cmm_l1": 0.5149999856948853, "err_train_cavm_l1": 0.0, "err_train_cmm_l1": 0.0, "_wandb": {"runtime": 18}}