{"err_test_cavm_l1": 7.235000133514404, "err_test_cmm_l1": 0.3050000071525574, "err_train_cavm_l1": 3.22580623626709, "err_train_cmm_l1": 0.0, "_timestamp": 1653134074, "_runtime": 7, "_step": 0, "_wandb": {"runtime": 2}}