{"err_test_cavm_l1": 1.3600000143051147, "err_test_cmm_l1": 1.9249999523162842, "err_train_cavm_l1": 0.0, "err_train_cmm_l1": 0.0, "_timestamp": 1653135046, "_runtime": 6, "_step": 0, "_wandb": {"runtime": 2}}