{"err_test_cavm": 13.914999008178711, "err_test_cmm": 8.725000381469727, "err_train_cavm": 13.0, "err_train_cmm": 0.0, "_timestamp": 1651583149, "_runtime": 3, "_step": 1, "err_test_cavm_l1": 0.0, "err_test_cmm_l1": 5.595000267028809, "err_train_cavm_l1": 0.0, "err_train_cmm_l1": 0.0, "_wandb": {"runtime": 2}}