{"err_test_cavm_l1": 3.2100000381469727, "err_test_cmm_l1": 8.070000648498535, "err_train_cavm_l1": 0.0, "err_train_cmm_l1": 0.0, "_timestamp": 1650959704, "_runtime": 96, "_step": 0, "_wandb": {"runtime": 94}}