{"err_test_cavm": 45.07500076293945, "err_test_cmm": 45.01499938964844, "err_train_cavm": 0.0, "err_train_cmm": 0.0, "_timestamp": 1651247363, "_runtime": 5, "_step": 1, "err_test_cavm_l1": 0.0, "err_test_cmm_l1": 50.26000213623047, "err_train_cavm_l1": 0.0, "err_train_cmm_l1": 0.0, "_wandb": {"runtime": 2}}