{"err_test_cmm": 49.54499816894531, "err_train_cmm": 0.0, "_timestamp": 1653523662, "_runtime": 4, "_step": 1, "err_test_cmm_l1": 49.41999816894531, "err_train_cmm_l1": 0.0, "_wandb": {"runtime": 1}}