{"err_test_cavm_l1": 3.1399998664855957, "err_test_cmm_l1": 30.1299991607666, "err_train_cavm_l1": 0.0, "err_train_cmm_l1": 0.0, "_timestamp": 1651039182, "_runtime": 113, "_step": 0, "_wandb": {"runtime": 110}}