{"loss": 0.034672655165195465, "train_accuracy": 0.046875, "test_accuracy": 0.1, "_timestamp": 1654269096, "_runtime": 126, "_step": 6}