{"err_test_cavm": 31.545001983642578, "err_test_cmm": 31.720001220703125, "err_train_cavm": 0.0, "err_train_cmm": 0.0, "_timestamp": 1649783445, "_runtime": 97, "_step": 1, "err_test_cavm_l1": 2.430000066757202, "err_test_cmm_l1": 8.875, "err_train_cavm_l1": 0.0, "err_train_cmm_l1": 0.0, "_wandb": {"runtime": 94}}