{"err_test_cavm": 14.274999618530273, "err_test_cmm": 7.15000057220459, "err_train_cavm": 14.0, "err_train_cmm": 0.0, "_timestamp": 1651250985, "_runtime": 5, "_step": 1, "err_test_cavm_l1": 0.0, "err_test_cmm_l1": 3.075000047683716, "err_train_cavm_l1": 0.0, "err_train_cmm_l1": 0.0, "_wandb": {"runtime": 2}}