{"err_test_cavm": 28.69499969482422, "err_test_cmm": 28.46500015258789, "err_train_cavm": 0.0, "err_train_cmm": 0.0, "_timestamp": 1649777050, "_runtime": 104, "_step": 1, "err_test_cavm_l1": 3.994999885559082, "err_test_cmm_l1": 8.175000190734863, "err_train_cavm_l1": 0.0, "err_train_cmm_l1": 0.0, "_wandb": {"runtime": 101}}