{"err_test_cavm": 14.720000267028809, "err_test_cmm": 6.270000457763672, "err_train_cavm": 11.0, "err_train_cmm": 0.0, "_timestamp": 1651587640, "_runtime": 3, "_step": 1, "err_test_cavm_l1": 0.0, "err_test_cmm_l1": 3.734999895095825, "err_train_cavm_l1": 0.0, "err_train_cmm_l1": 0.0, "_wandb": {"runtime": 2}}