{"err_test_cavm_l1": 4.509999752044678, "err_test_cmm_l1": 29.409997940063477, "err_train_cavm_l1": 2.0, "err_train_cmm_l1": 0.0, "_timestamp": 1651831316, "_runtime": 6, "_step": 0, "_wandb": {"runtime": 2}}