{"err_test_cavm_l1": 0.7249999642372131, "err_test_cmm_l1": 5.440000057220459, "err_train_cavm_l1": 0.0, "err_train_cmm_l1": 0.0, "_timestamp": 1651018446, "_runtime": 171, "_step": 0, "_wandb": {"runtime": 169}}