{"err_test_cavm": 15.614999771118164, "err_test_cmm": 16.985000610351562, "err_train_cavm": 0.0, "err_train_cmm": 0.0, "_timestamp": 1649842766, "_runtime": 264, "_step": 1, "err_test_cavm_l1": 1.5199999809265137, "err_test_cmm_l1": 4.914999961853027, "err_train_cavm_l1": 0.0, "err_train_cmm_l1": 0.0, "_wandb": {"runtime": 261}}