{"err_test_cavm": 46.21999740600586, "err_test_cmm": 46.23500061035156, "err_train_cavm": 0.0, "err_train_cmm": 0.0, "_timestamp": 1651248223, "_runtime": 8, "_step": 1, "err_test_cavm_l1": 0.0, "err_test_cmm_l1": 7.419999599456787, "err_train_cavm_l1": 0.0, "err_train_cmm_l1": 0.0, "_wandb": {"runtime": 4}}