{"err_test_cavm": 15.680000305175781, "err_test_cmm": 9.6850004196167, "err_train_cavm": 8.183632850646973, "err_train_cmm": 0.0, "_timestamp": 1652187437, "_runtime": 7, "_step": 1, "err_test_cavm_l1": 0.0, "err_test_cmm_l1": 5.394999980926514, "err_train_cavm_l1": 0.0, "err_train_cmm_l1": 0.0, "_wandb": {"runtime": 3}}