{"err_test_cavm": 21.309999465942383, "err_test_cmm": 13.78499984741211, "err_train_cavm": 11.0, "err_train_cmm": 0.0, "_timestamp": 1652261881, "_runtime": 7, "_step": 1, "err_test_cavm_l1": 0.0, "err_test_cmm_l1": 8.494999885559082, "err_train_cavm_l1": 0.0, "err_train_cmm_l1": 0.0, "_wandb": {"runtime": 2}}