{"err_test_cavm": 9.274999618530273, "err_test_cmm": 9.074999809265137, "err_train_cavm": 0.0, "err_train_cmm": 1.0000000000000009, "_timestamp": 1649776826, "_runtime": 105, "_step": 1, "err_test_cavm_l1": 2.2200000286102295, "err_test_cmm_l1": 4.599999904632568, "err_train_cavm_l1": 0.0, "err_train_cmm_l1": 0.0, "_wandb": {"runtime": 102}}