{"err_test_cavm_l1": 12.394999504089355, "err_test_cmm_l1": 26.104999542236328, "err_train_cavm_l1": 0.0, "err_train_cmm_l1": 0.0, "_timestamp": 1651026663, "_runtime": 117, "_step": 0, "_wandb": {"runtime": 114}}