{"err_test_cavm": 41.775001525878906, "err_test_cmm": 41.76000213623047, "err_train_cavm": 0.0, "err_train_cmm": 0.0, "_timestamp": 1649809218, "_runtime": 83, "_step": 1, "err_test_cavm_l1": 11.119999885559082, "err_test_cmm_l1": 15.90999984741211, "err_train_cavm_l1": 0.0, "err_train_cmm_l1": 0.0, "_wandb": {"runtime": 81}}