{"err_test_cavm": 16.01500129699707, "err_test_cmm": 10.5, "err_train_cavm": 8.782435417175293, "err_train_cmm": 0.0, "_timestamp": 1651667666, "_runtime": 4, "_step": 1, "err_test_cavm_l1": 35.63999938964844, "err_test_cmm_l1": 10.125, "err_train_cavm_l1": 32.93413162231445, "err_train_cmm_l1": 0.0, "_wandb": {"runtime": 2}}