{"err_test_cavm": 26.9950008392334, "err_test_cmm": 27.485000610351562, "err_train_cavm": 10.0, "err_train_cmm": 0.0, "_timestamp": 1652261436, "_runtime": 6, "_step": 1, "err_test_cavm_l1": 0.0, "err_test_cmm_l1": 25.209999084472656, "err_train_cavm_l1": 0.0, "err_train_cmm_l1": 0.0, "_wandb": {"runtime": 2}}