{"err_test_cavm_l1": 0.7649999856948853, "err_test_cmm_l1": 3.945000171661377, "err_train_cavm_l1": 0.10000000149011612, "err_train_cmm_l1": 0.0, "_timestamp": 1651829990, "_runtime": 7, "_step": 0, "_wandb": {"runtime": 4}}