{"err_test_cavm": 27.270000457763672, "err_test_cmm": 25.920000076293945, "err_train_cavm": 5.042016983032227, "err_train_cmm": 0.0, "_timestamp": 1652187475, "_runtime": 6, "_step": 1, "err_test_cavm_l1": 0.0, "err_test_cmm_l1": 23.565000534057617, "err_train_cavm_l1": 0.0, "err_train_cmm_l1": 0.0, "_wandb": {"runtime": 2}}