{"err_test_cavm_l1": 4.154999732971191, "err_test_cmm_l1": 5.585000038146973, "err_train_cavm_l1": 0.0, "err_train_cmm_l1": 0.0, "_timestamp": 1653135319, "_runtime": 8, "_step": 0, "_wandb": {"runtime": 2}}