{"err_test_cmm": 24.889999389648438, "err_train_cmm": 0.0, "_timestamp": 1653567630, "_runtime": 14, "_step": 1, "err_test_cmm_l1": 3.489999771118164, "err_train_cmm_l1": 0.0, "_wandb": {"runtime": 10}}