{"err_test_cavm": 0.5350000262260437, "err_test_cmm": 1.059999942779541, "err_train_cavm": 0.0, "err_train_cmm": 0.0, "_timestamp": 1653661805, "_runtime": 7, "_step": 1, "err_test_cavm_l1": 0.12000000476837158, "err_test_cmm_l1": 0.20000000298023224, "err_train_cavm_l1": 0.0, "err_train_cmm_l1": 0.0, "_wandb": {"runtime": 5}}