{"err_test_cavm_l1": 1.5299999713897705, "err_test_cmm_l1": 15.895000457763672, "err_train_cavm_l1": 0.0, "err_train_cmm_l1": 0.0, "_timestamp": 1651018686, "_runtime": 107, "_step": 0, "_wandb": {"runtime": 105}}