{"err_test_cavm_l1": 13.519999504089355, "err_test_cmm_l1": 1.5850000381469727, "err_train_cavm_l1": 0.0, "err_train_cmm_l1": 0.0, "_timestamp": 1653078969, "_runtime": 12, "_step": 0, "_wandb": {"runtime": 5}}