{"err_test_cavm": 36.369998931884766, "err_test_cmm": 35.76499938964844, "err_train_cavm": 2.0, "err_train_cmm": 0.0, "_timestamp": 1651587935, "_runtime": 3, "_step": 1, "err_test_cavm_l1": 0.0, "err_test_cmm_l1": 34.26499938964844, "err_train_cavm_l1": 0.0, "err_train_cmm_l1": 0.0, "_wandb": {"runtime": 2}}