{"err_test_cavm_l1": 32.58000183105469, "err_test_cmm_l1": 34.63999938964844, "err_train_cavm_l1": 0.0, "err_train_cmm_l1": 0.0, "_timestamp": 1651003137, "_runtime": 89, "_step": 0, "_wandb": {"runtime": 87}}