{"err_test_cavm": 40.11499786376953, "err_test_cmm": 40.255001068115234, "err_train_cavm": 0.0, "err_train_cmm": 0.0, "_timestamp": 1651588321, "_runtime": 4, "_step": 1, "err_test_cavm_l1": 0.0, "err_test_cmm_l1": 48.52000045776367, "err_train_cavm_l1": 0.0, "err_train_cmm_l1": 0.0, "_wandb": {"runtime": 2}}