{"err_test_cavm": 42.040000915527344, "err_test_cmm": 41.665000915527344, "err_train_cavm": 0.0, "err_train_cmm": 0.0, "_timestamp": 1651150592, "_runtime": 4, "_step": 1, "err_test_cavm_l1": 24.604999542236328, "err_test_cmm_l1": 17.385000228881836, "err_train_cavm_l1": 27.000001907348633, "err_train_cmm_l1": 0.0, "_wandb": {"runtime": 2}}