{"err_test_cmm": 43.279998779296875, "err_train_cmm": 0.0, "_timestamp": 1653527949, "_runtime": 3, "_step": 1, "err_test_cmm_l1": 49.685001373291016, "err_train_cmm_l1": 0.0, "_wandb": {"runtime": 1}}