{"err_test_cavm": 6.755000114440918, "err_test_cmm": 3.4149999618530273, "err_train_cavm": 8.0, "err_train_cmm": 3.0000000000000027, "_timestamp": 1650843403, "_runtime": 5, "_step": 0, "_wandb": {"runtime": 54}}