{"err_test_cavm_l1": 14.804999351501465, "err_test_cmm_l1": 21.864999771118164, "err_train_cavm_l1": 0.0, "err_train_cmm_l1": 0.0, "_timestamp": 1650998847, "_runtime": 67, "_step": 0, "_wandb": {"runtime": 65}}