{"err_test_cavm": 41.34000015258789, "err_test_cmm": 39.95000076293945, "err_train_cavm": 0.0, "err_train_cmm": 0.0, "_timestamp": 1651667731, "_runtime": 4, "_step": 1, "err_test_cavm_l1": 49.779998779296875, "err_test_cmm_l1": 37.7400016784668, "err_train_cavm_l1": 23.076923370361328, "err_train_cmm_l1": 0.0, "_wandb": {"runtime": 2}}