{"err_test_cavm": 22.350000381469727, "err_test_cmm": 17.670000076293945, "err_train_cavm": 9.0, "err_train_cmm": 0.0, "_timestamp": 1651582775, "_runtime": 4, "_step": 1, "err_test_cavm_l1": 0.0, "err_test_cmm_l1": 16.65999984741211, "err_train_cavm_l1": 0.0, "err_train_cmm_l1": 0.0, "_wandb": {"runtime": 2}}