{"err_test_cavm": 25.084999084472656, "err_test_cmm": 14.475000381469727, "err_train_cavm": 10.65573787689209, "err_train_cmm": 0.0, "_timestamp": 1651667678, "_runtime": 4, "_step": 1, "err_test_cavm_l1": 34.70500183105469, "err_test_cmm_l1": 15.194999694824219, "err_train_cavm_l1": 38.52458953857422, "err_train_cmm_l1": 0.0, "_wandb": {"runtime": 2}}