{"err_test_cavm": 18.14499855041504, "err_test_cmm": 15.09000015258789, "err_train_cavm": 8.0, "err_train_cmm": 0.0, "_timestamp": 1651249297, "_runtime": 5, "_step": 1, "err_test_cavm_l1": 0.0, "err_test_cmm_l1": 5.699999809265137, "err_train_cavm_l1": 0.0, "err_train_cmm_l1": 0.0, "_wandb": {"runtime": 2}}