{"err_test_cavm": 44.400001525878906, "err_test_cmm": 44.53000259399414, "err_train_cavm": 0.0, "err_train_cmm": 0.0, "_timestamp": 1649757847, "_runtime": 84, "_step": 0, "_wandb": {"runtime": 143}}