{"err_test_cavm_l1": 22.630001068115234, "err_test_cmm_l1": 49.900001525878906, "err_train_cavm_l1": 0.0, "err_train_cmm_l1": 0.0, "_timestamp": 1652280972, "_runtime": 30, "_step": 0, "_wandb": {"runtime": 26}}