{"err_test_cavm": 42.28499984741211, "err_test_cmm": 42.185001373291016, "err_train_cavm": 0.0, "err_train_cmm": 0.0, "_timestamp": 1651588205, "_runtime": 4, "_step": 1, "err_test_cavm_l1": 0.0, "err_test_cmm_l1": 49.27000045776367, "err_train_cavm_l1": 0.0, "err_train_cmm_l1": 0.0, "_wandb": {"runtime": 2}}