{"err_test_cavm": 13.269999504089355, "err_test_cmm": 11.394999504089355, "err_train_cavm": 4.0, "err_train_cmm": 0.0, "_timestamp": 1651586147, "_runtime": 4, "_step": 1, "err_test_cavm_l1": 0.0, "err_test_cmm_l1": 4.315000057220459, "err_train_cavm_l1": 0.0, "err_train_cmm_l1": 0.0, "_wandb": {"runtime": 2}}