{"err_test_cavm": 39.36499786376953, "err_test_cmm": 26.39000129699707, "err_train_cavm": 0.0, "err_train_cmm": 0.0, "_timestamp": 1653603274, "_runtime": 6, "_step": 1, "err_test_cavm_l1": 50.25, "err_test_cmm_l1": 0.800000011920929, "err_train_cavm_l1": 0.0, "err_train_cmm_l1": 0.0, "_wandb": {"runtime": 2}}