{"err_test_cavm_l1": 2.8399999141693115, "err_test_cmm_l1": 17.274999618530273, "err_train_cavm_l1": 0.9302325248718262, "err_train_cmm_l1": 0.0, "_timestamp": 1651830358, "_runtime": 5, "_step": 0, "_wandb": {"runtime": 2}}