{"err_test_cavm": 35.060001373291016, "err_test_cmm": 35.21000289916992, "err_train_cavm": 1.0, "err_train_cmm": 0.0, "_timestamp": 1651249197, "_runtime": 5, "_step": 1, "err_test_cavm_l1": 0.0, "err_test_cmm_l1": 9.760000228881836, "err_train_cavm_l1": 0.0, "err_train_cmm_l1": 0.0, "_wandb": {"runtime": 2}}