{"err_test_cavm": 46.79499816894531, "err_test_cmm": 46.7400016784668, "err_train_cavm": 0.0, "err_train_cmm": 0.0, "_timestamp": 1649846206, "_runtime": 100, "_step": 1, "err_test_cavm_l1": 50.52000427246094, "err_test_cmm_l1": 50.40500259399414, "err_train_cavm_l1": 0.0, "err_train_cmm_l1": 0.0, "_wandb": {"runtime": 97}}