{"err_test_cmm": 32.54500198364258, "err_train_cmm": 0.0, "_timestamp": 1653555275, "_runtime": 9, "_step": 1, "err_test_cmm_l1": 9.390000343322754, "err_train_cmm_l1": 0.0, "_wandb": {"runtime": 5}}