{"err_test_cavm": 37.45500183105469, "err_test_cmm": 38.21500015258789, "err_train_cavm": 0.0, "err_train_cmm": 0.0, "_timestamp": 1652187341, "_runtime": 7, "_step": 1, "err_test_cavm_l1": 0.0, "err_test_cmm_l1": 45.62999725341797, "err_train_cavm_l1": 0.0, "err_train_cmm_l1": 0.0, "_wandb": {"runtime": 3}}