{"err_test_cavm": 40.92000198364258, "err_test_cmm": 41.53499984741211, "err_train_cavm": 0.0, "err_train_cmm": 0.0, "_timestamp": 1652261719, "_runtime": 7, "_step": 1, "err_test_cavm_l1": 0.0, "err_test_cmm_l1": 35.56999969482422, "err_train_cavm_l1": 0.0, "err_train_cmm_l1": 0.0, "_wandb": {"runtime": 3}}