{"err_test_cavm": 8.354999542236328, "err_test_cmm": 9.220000267028809, "err_train_cavm": 0.0, "err_train_cmm": 0.0, "_timestamp": 1649833429, "_runtime": 523, "_step": 1, "err_test_cavm_l1": 0.5249999761581421, "err_test_cmm_l1": 1.7400000095367432, "err_train_cavm_l1": 0.0, "err_train_cmm_l1": 0.0, "_wandb": {"runtime": 520}}