{"err_test_cmm": 34.97999954223633, "err_train_cmm": 0.0, "_timestamp": 1653640033, "_runtime": 6, "_step": 1, "err_test_cmm_l1": 5.235000133514404, "err_train_cmm_l1": 0.0, "_wandb": {"runtime": 3}}