{"err_test_cavm": 18.21500015258789, "err_test_cmm": 4.010000228881836, "err_train_cavm": 12.0, "err_train_cmm": 0.0, "_timestamp": 1651588133, "_runtime": 4, "_step": 1, "err_test_cavm_l1": 0.0, "err_test_cmm_l1": 2.9800000190734863, "err_train_cavm_l1": 0.0, "err_train_cmm_l1": 0.0, "_wandb": {"runtime": 2}}