{"err_test_cmm": 37.04499816894531, "err_train_cmm": 0.0, "_timestamp": 1653523172, "_runtime": 3, "_step": 1, "err_test_cmm_l1": 34.97500228881836, "err_train_cmm_l1": 0.0, "_wandb": {"runtime": 1}}