{"err_test_cavm": 16.559999465942383, "err_test_cmm": 7.845000267028809, "err_train_cavm": 8.782435417175293, "err_train_cmm": 0.0, "_timestamp": 1652187597, "_runtime": 8, "_step": 1, "err_test_cavm_l1": 0.0, "err_test_cmm_l1": 4.480000019073486, "err_train_cavm_l1": 0.0, "err_train_cmm_l1": 0.0, "_wandb": {"runtime": 3}}