{"err_test_cavm": 27.875, "err_test_cmm": 27.28499984741211, "err_train_cavm": 6.800000190734863, "err_train_cmm": 0.0, "_timestamp": 1651245381, "_runtime": 13, "_step": 1, "err_test_cavm_l1": 0.0, "err_test_cmm_l1": 21.005001068115234, "err_train_cavm_l1": 0.0, "err_train_cmm_l1": 0.0, "_wandb": {"runtime": 11}}