{"err_test_cavm_l1": 9.309999465942383, "err_test_cmm_l1": 49.88999938964844, "err_train_cavm_l1": 0.0, "err_train_cmm_l1": 0.0, "_timestamp": 1652281405, "_runtime": 14, "_step": 0, "_wandb": {"runtime": 10}}