{"err_test_cavm": 21.954999923706055, "err_test_cmm": 17.440000534057617, "err_train_cavm": 6.0, "err_train_cmm": 0.0, "_timestamp": 1651582552, "_runtime": 4, "_step": 1, "err_test_cavm_l1": 0.0, "err_test_cmm_l1": 11.595000267028809, "err_train_cavm_l1": 0.0, "err_train_cmm_l1": 0.0, "_wandb": {"runtime": 2}}