{"err_test_cmm": 43.369998931884766, "err_train_cmm": 0.0, "_timestamp": 1653572740, "_runtime": 5, "_step": 1, "err_test_cmm_l1": 10.845000267028809, "err_train_cmm_l1": 0.0, "_wandb": {"runtime": 3}}