{"accuracy": 0.3078307807445526, "loss": 0.4608985483646393, "train_accuracy": 1.0, "Accuracy T-shirt or top": 0.41097307205200195, "Accuracy Trouser": 0.16966067254543304, "Accuracy Pullover": 0.2630541920661926, "Accuracy Dress": 0.25850340723991394, "Accuracy Coat": 0.16519173979759216, "Accuracy Sandal": 0.3093385100364685, "Accuracy Shirt": 0.08601035922765732, "Accuracy Sneaker": 0.44813278317451477, "Accuracy Bag": 0.6340726017951965, "Accuracy Boot": 0.3408423066139221, "_timestamp": 1654788154, "_runtime": 197, "_step": 7, "_wandb": {"runtime": 211}}