{"err_test_cavm": 43.27000045776367, "err_test_cmm": 43.2599983215332, "err_train_cavm": 0.0, "err_train_cmm": 0.0, "_timestamp": 1651251069, "_runtime": 5, "_step": 1, "err_test_cavm_l1": 0.0, "err_test_cmm_l1": 49.67499923706055, "err_train_cavm_l1": 0.0, "err_train_cmm_l1": 0.0, "_wandb": {"runtime": 2}}