{"err_test_cavm": 30.280000686645508, "err_test_cmm": 25.850000381469727, "err_train_cavm": 8.0, "err_train_cmm": 0.0, "_timestamp": 1651582914, "_runtime": 4, "_step": 1, "err_test_cavm_l1": 0.0, "err_test_cmm_l1": 22.81999969482422, "err_train_cavm_l1": 0.0, "err_train_cmm_l1": 0.0, "_wandb": {"runtime": 2}}