{"err_test_cavm": 36.834999084472656, "err_test_cmm": 37.165000915527344, "err_train_cavm": 0.0, "err_train_cmm": 0.0, "_timestamp": 1649834343, "_runtime": 179, "_step": 1, "err_test_cavm_l1": 2.2699999809265137, "err_test_cmm_l1": 5.965000152587891, "err_train_cavm_l1": 0.0, "err_train_cmm_l1": 0.0, "_wandb": {"runtime": 177}}