{"err_test_cavm": 0.5649999976158142, "err_test_cmm": 1.4850000143051147, "err_train_cavm": 0.0, "err_train_cmm": 0.0, "_timestamp": 1653609363, "_runtime": 19, "_step": 1, "err_test_cavm_l1": 0.9800000190734863, "err_test_cmm_l1": 0.625, "err_train_cavm_l1": 0.0, "err_train_cmm_l1": 0.0, "_wandb": {"runtime": 17}}