{"err_test_cavm_l1": 2.679999828338623, "err_test_cmm_l1": 21.69499969482422, "err_train_cavm_l1": 0.0, "err_train_cmm_l1": 0.0, "_timestamp": 1651021724, "_runtime": 107, "_step": 0, "_wandb": {"runtime": 104}}