{"err_test_cavm": 23.459999084472656, "err_test_cmm": 23.360000610351562, "err_train_cavm": 0.0, "err_train_cmm": 0.0, "_timestamp": 1653609250, "_runtime": 5, "_step": 1, "err_test_cavm_l1": 9.295000076293945, "err_test_cmm_l1": 5.150000095367432, "err_train_cavm_l1": 0.0, "err_train_cmm_l1": 0.0, "_wandb": {"runtime": 2}}