{"err_test_cavm": 46.38999938964844, "err_test_cmm": 46.51499938964844, "err_train_cavm": 0.0, "err_train_cmm": 0.0, "_timestamp": 1649777709, "_runtime": 188, "_step": 1, "err_test_cavm_l1": 3.805000066757202, "err_test_cmm_l1": 8.885000228881836, "err_train_cavm_l1": 0.0, "err_train_cmm_l1": 0.0, "_wandb": {"runtime": 186}}