{"err_test_cavm": 45.404998779296875, "err_test_cmm": 45.06500244140625, "err_train_cavm": 0.0, "err_train_cmm": 0.0, "_timestamp": 1651667742, "_runtime": 4, "_step": 1, "err_test_cavm_l1": 35.35000228881836, "err_test_cmm_l1": 47.334999084472656, "err_train_cavm_l1": 16.666667938232422, "err_train_cmm_l1": 0.0, "_wandb": {"runtime": 2}}