{"err_test_cmm": 13.265000343322754, "err_train_cmm": 0.0, "_timestamp": 1653526126, "_runtime": 3, "_step": 1, "err_test_cmm_l1": 9.255000114440918, "err_train_cmm_l1": 0.0, "_wandb": {"runtime": 0}}