{"err_test_cavm": 27.364999771118164, "err_test_cmm": 18.614999771118164, "err_train_cavm": 7.0, "err_train_cmm": 0.0, "_timestamp": 1652880761, "_runtime": 2, "_step": 1, "err_test_cavm_l1": 0.0, "err_test_cmm_l1": 17.90999984741211, "err_train_cavm_l1": 0.0, "err_train_cmm_l1": 0.0, "_wandb": {"runtime": 1}}