{"err_test_cavm_l1": 31.244998931884766, "err_test_cmm_l1": 49.21999740600586, "err_train_cavm_l1": 4.761904716491699, "err_train_cmm_l1": 0.0, "_timestamp": 1651667146, "_runtime": 3, "_step": 0, "_wandb": {"runtime": 2}}