{"err_test_cmm": 49.46500015258789, "err_train_cmm": 0.0, "_timestamp": 1653571874, "_runtime": 53, "_step": 1, "err_test_cmm_l1": 12.809999465942383, "err_train_cmm_l1": 0.0, "_wandb": {"runtime": 51}}