{"err_test_cavm_l1": 33.35499954223633, "err_test_cmm_l1": 36.55500030517578, "err_train_cavm_l1": 0.0, "err_train_cmm_l1": 0.0, "_timestamp": 1651036499, "_runtime": 132, "_step": 0, "_wandb": {"runtime": 130}}