{"err_test_cavm": 45.89999771118164, "err_test_cmm": 46.28499984741211, "err_train_cavm": 0.0, "err_train_cmm": 0.0, "_timestamp": 1652175710, "_runtime": 12, "_step": 1, "err_test_cavm_l1": 50.26000213623047, "err_test_cmm_l1": 53.500003814697266, "err_train_cavm_l1": 0.0, "err_train_cmm_l1": 0.0, "_wandb": {"runtime": 3}}