{"err_test_cavm_l1": 0.8600000143051147, "err_test_cmm_l1": 14.74000072479248, "err_train_cavm_l1": 0.0, "err_train_cmm_l1": 0.0, "_timestamp": 1653060005, "_runtime": 9, "_step": 0, "_wandb": {"runtime": 2}}