{"err_test_cavm_l1": 4.090000152587891, "err_test_cmm_l1": 9.510000228881836, "err_train_cavm_l1": 0.0, "err_train_cmm_l1": 0.0, "_timestamp": 1650991497, "_runtime": 102, "_step": 0, "_wandb": {"runtime": 100}}