{"err_test_cavm": 19.954999923706055, "err_test_cmm": 18.05500030517578, "err_train_cavm": 8.0, "err_train_cmm": 0.0, "_timestamp": 1651584500, "_runtime": 4, "_step": 1, "err_test_cavm_l1": 0.0, "err_test_cmm_l1": 12.614999771118164, "err_train_cavm_l1": 0.0, "err_train_cmm_l1": 0.0, "_wandb": {"runtime": 2}}