{"err_test_cavm": 41.67000198364258, "err_test_cmm": 41.185001373291016, "err_train_cavm": 0.0, "err_train_cmm": 0.0, "_timestamp": 1651251768, "_runtime": 5, "_step": 1, "err_test_cavm_l1": 0.0, "err_test_cmm_l1": 41.255001068115234, "err_train_cavm_l1": 0.0, "err_train_cmm_l1": 0.0, "_wandb": {"runtime": 2}}