{"err_test_cavm": 13.230000495910645, "err_test_cmm": 4.470000267028809, "err_train_cavm": 10.0, "err_train_cmm": 0.0, "_timestamp": 1651585771, "_runtime": 3, "_step": 1, "err_test_cavm_l1": 0.0, "err_test_cmm_l1": 2.4200000762939453, "err_train_cavm_l1": 0.0, "err_train_cmm_l1": 0.0, "_wandb": {"runtime": 2}}