{"err_test_cmm": 48.474998474121094, "err_train_cmm": 0.0, "_timestamp": 1653573980, "_runtime": 10, "_step": 1, "err_test_cmm_l1": 20.900001525878906, "err_train_cmm_l1": 0.0, "_wandb": {"runtime": 8}}