{"err_test_cmm": 47.005001068115234, "err_train_cmm": 0.0, "_timestamp": 1653521304, "_runtime": 3, "_step": 1, "err_test_cmm_l1": 49.96500015258789, "err_train_cmm_l1": 0.0, "_wandb": {"runtime": 1}}