{"err_test_cavm_l1": 20.014999389648438, "err_test_cmm_l1": 22.540000915527344, "err_train_cavm_l1": 0.0, "err_train_cmm_l1": 0.0, "_timestamp": 1651026254, "_runtime": 197, "_step": 0, "_wandb": {"runtime": 194}}