{"err_test_cavm": 25.470001220703125, "err_test_cmm": 26.32000160217285, "err_train_cavm": 0.0, "err_train_cmm": 0.0, "_timestamp": 1649808052, "_runtime": 92, "_step": 1, "err_test_cavm_l1": 3.559999942779541, "err_test_cmm_l1": 7.774999618530273, "err_train_cavm_l1": 0.0, "err_train_cmm_l1": 0.0, "_wandb": {"runtime": 89}}