{"err_test_cavm": 39.869998931884766, "err_test_cmm": 39.67499923706055, "err_train_cavm": 1.0, "err_train_cmm": 0.0, "_timestamp": 1651587211, "_runtime": 4, "_step": 1, "err_test_cavm_l1": 0.0, "err_test_cmm_l1": 46.36000061035156, "err_train_cavm_l1": 0.0, "err_train_cmm_l1": 0.0, "_wandb": {"runtime": 2}}