{"err_test_cavm": 23.1299991607666, "err_test_cmm": 25.25, "err_train_cavm": 0.0, "err_train_cmm": 0.0, "_timestamp": 1649804988, "_runtime": 174, "_step": 1, "err_test_cavm_l1": 3.1599998474121094, "err_test_cmm_l1": 7.15000057220459, "err_train_cavm_l1": 0.0, "err_train_cmm_l1": 0.0, "_wandb": {"runtime": 171}}