{"err_test_cavm": 44.71000289916992, "err_test_cmm": 44.83000183105469, "err_train_cavm": 0.0, "err_train_cmm": 0.0, "_timestamp": 1649768466, "_runtime": 95, "_step": 0, "_wandb": {"runtime": 157}}