{"err_test_cavm": 6.295000076293945, "err_test_cmm": 0.0, "err_train_cavm": 5.0, "err_train_cmm": 0.0, "_timestamp": 1653047793, "_runtime": 14, "_step": 1, "err_test_cavm_l1": 50.15500259399414, "err_test_cmm_l1": 50.3650016784668, "err_train_cavm_l1": 46.0, "err_train_cmm_l1": 0.0, "_wandb": {"runtime": 9}}