{"err_test_cmm": 46.720001220703125, "err_train_cmm": 0.0, "_timestamp": 1653555352, "_runtime": 5, "_step": 1, "err_test_cmm_l1": 38.23500061035156, "err_train_cmm_l1": 0.0, "_wandb": {"runtime": 2}}