{"err_test_cmm": 44.26499938964844, "err_train_cmm": 0.0, "_timestamp": 1653525949, "_runtime": 4, "_step": 1, "err_test_cmm_l1": 49.459999084472656, "err_train_cmm_l1": 0.0, "_wandb": {"runtime": 1}}