{"err_test_cavm": 31.404998779296875, "err_test_cmm": 30.344999313354492, "err_train_cavm": 7.0, "err_train_cmm": 0.0, "_timestamp": 1651584131, "_runtime": 3, "_step": 1, "err_test_cavm_l1": 0.0, "err_test_cmm_l1": 40.369998931884766, "err_train_cavm_l1": 0.0, "err_train_cmm_l1": 0.0, "_wandb": {"runtime": 2}}