{"err_test_cavm_l1": 18.399999618530273, "err_test_cmm_l1": 25.860000610351562, "err_train_cavm_l1": 0.0, "err_train_cmm_l1": 0.0, "_timestamp": 1651022350, "_runtime": 139, "_step": 0, "_wandb": {"runtime": 136}}