{"err_test_cmm": 49.14999771118164, "err_train_cmm": 0.0, "_timestamp": 1653572885, "_runtime": 51, "_step": 1, "err_test_cmm_l1": 18.880001068115234, "err_train_cmm_l1": 0.0, "_wandb": {"runtime": 48}}