{"err_test_cmm": 26.510000228881836, "err_train_cmm": 0.0, "_timestamp": 1653566222, "_runtime": 11, "_step": 1, "err_test_cmm_l1": 3.115000009536743, "err_train_cmm_l1": 0.0, "_wandb": {"runtime": 7}}