{"err_test_cmm": 48.22500228881836, "err_train_cmm": 0.0, "_timestamp": 1653524435, "_runtime": 3, "_step": 1, "err_test_cmm_l1": 49.915000915527344, "err_train_cmm_l1": 0.0, "_wandb": {"runtime": 1}}