{"err_test_cavm_l1": 2.3299999237060547, "err_test_cmm_l1": 7.975000381469727, "err_train_cavm_l1": 0.0, "err_train_cmm_l1": 0.0, "_timestamp": 1651039998, "_runtime": 59, "_step": 0, "_wandb": {"runtime": 58}}