{"err_test_cavm": 33.05500030517578, "err_test_cmm": 32.709999084472656, "err_train_cavm": 3.0, "err_train_cmm": 0.0, "_timestamp": 1651251542, "_runtime": 6, "_step": 1, "err_test_cavm_l1": 0.0, "err_test_cmm_l1": 29.10999870300293, "err_train_cavm_l1": 0.0, "err_train_cmm_l1": 0.0, "_wandb": {"runtime": 2}}