{"err_test_cmm": 48.814998626708984, "err_train_cmm": 0.0, "_timestamp": 1653527628, "_runtime": 6, "_step": 1, "err_test_cmm_l1": 49.7599983215332, "err_train_cmm_l1": 0.0, "_wandb": {"runtime": 3}}