{"err_test_cavm": 40.314998626708984, "err_test_cmm": 39.86000061035156, "err_train_cavm": 1.0, "err_train_cmm": 0.0, "_timestamp": 1651249210, "_runtime": 5, "_step": 1, "err_test_cavm_l1": 0.0, "err_test_cmm_l1": 13.899999618530273, "err_train_cavm_l1": 0.0, "err_train_cmm_l1": 0.0, "_wandb": {"runtime": 2}}