{"err_test_cavm": 17.15999984741211, "err_test_cmm": 0.0, "err_train_cavm": 21.0, "err_train_cmm": 0.0, "_timestamp": 1652884395, "_runtime": 4, "_step": 1, "err_test_cavm_l1": 49.685001373291016, "err_test_cmm_l1": 50.08500289916992, "err_train_cavm_l1": 52.0, "err_train_cmm_l1": 0.0, "_wandb": {"runtime": 1}}