{"err_test_cmm": 43.05500030517578, "err_train_cmm": 0.0, "_timestamp": 1653570435, "_runtime": 6, "_step": 1, "err_test_cmm_l1": 11.940000534057617, "err_train_cmm_l1": 0.0, "_wandb": {"runtime": 3}}