{"err_test_cavm": 44.07500076293945, "err_test_cmm": 44.17499923706055, "err_train_cavm": 0.0, "err_train_cmm": 0.0, "_timestamp": 1651584829, "_runtime": 8, "_step": 1, "err_test_cavm_l1": 0.0, "err_test_cmm_l1": 49.71500015258789, "err_train_cavm_l1": 0.0, "err_train_cmm_l1": 0.0, "_wandb": {"runtime": 2}}