{"err_test_cavm_l1": 1.2200000286102295, "err_test_cmm_l1": 3.8600001335144043, "err_train_cavm_l1": 0.0, "err_train_cmm_l1": 0.0, "_timestamp": 1650976296, "_runtime": 114, "_step": 0, "_wandb": {"runtime": 112}}