{"err_test_cavm": 36.994998931884766, "err_test_cmm": 38.46500015258789, "err_train_cavm": 0.0, "err_train_cmm": 0.0, "_timestamp": 1651583508, "_runtime": 5, "_step": 1, "err_test_cavm_l1": 0.0, "err_test_cmm_l1": 32.400001525878906, "err_train_cavm_l1": 0.0, "err_train_cmm_l1": 0.0, "_wandb": {"runtime": 2}}