{"err_test_cavm": 42.619998931884766, "err_test_cmm": 42.59000015258789, "err_train_cavm": 0.0, "err_train_cmm": 0.0, "_timestamp": 1653654353, "_runtime": 6, "_step": 1, "err_test_cavm_l1": 0.0, "err_test_cmm_l1": 9.720000267028809, "err_train_cavm_l1": 0.0, "err_train_cmm_l1": 0.0, "_wandb": {"runtime": 3}}