{"err_test_cavm": 40.46500015258789, "err_test_cmm": 28.610000610351562, "err_train_cavm": 0.0, "err_train_cmm": 0.0, "_timestamp": 1653603109, "_runtime": 6, "_step": 1, "err_test_cavm_l1": 50.0, "err_test_cmm_l1": 0.8299999833106995, "err_train_cavm_l1": 0.0, "err_train_cmm_l1": 0.0, "_wandb": {"runtime": 2}}