{"err_test_cavm_l1": 0.6949999928474426, "err_test_cmm_l1": 2.2200000286102295, "err_train_cavm_l1": 0.0, "err_train_cmm_l1": 0.0, "_timestamp": 1650983812, "_runtime": 193, "_step": 0, "_wandb": {"runtime": 191}}