{"err_test_cavm_l1": 4.710000038146973, "err_test_cmm_l1": 10.609999656677246, "err_train_cavm_l1": 0.0, "err_train_cmm_l1": 0.0, "_timestamp": 1651141533, "_runtime": 114, "_step": 0, "_wandb": {"runtime": 110}}