{"err_test_cavm_l1": 13.710000038146973, "err_test_cmm_l1": 18.05500030517578, "err_train_cavm_l1": 0.0, "err_train_cmm_l1": 0.0, "_timestamp": 1650997700, "_runtime": 114, "_step": 0, "_wandb": {"runtime": 111}}