{"err_test_cavm_l1": 3.0899999141693115, "err_test_cmm_l1": 8.5649995803833, "err_train_cavm_l1": 0.0, "err_train_cmm_l1": 0.0, "_timestamp": 1650967807, "_runtime": 61, "_step": 0, "_wandb": {"runtime": 59}}