{"err_test_cavm": 4.394999980926514, "err_test_cmm": 4.984999656677246, "err_train_cavm": 0.0, "err_train_cmm": 0.0, "_timestamp": 1653662638, "_runtime": 5, "_step": 1, "err_test_cavm_l1": 0.14499999582767487, "err_test_cmm_l1": 0.19499999284744263, "err_train_cavm_l1": 0.0, "err_train_cmm_l1": 0.0, "_wandb": {"runtime": 3}}