{"err_test_cmm": 47.96000289916992, "err_train_cmm": 0.0, "_timestamp": 1653574183, "_runtime": 10, "_step": 1, "err_test_cmm_l1": 15.305000305175781, "err_train_cmm_l1": 0.0, "_wandb": {"runtime": 7}}