{"err_test_cavm": 31.900001525878906, "err_test_cmm": 2.450000047683716, "err_train_cavm": 0.0, "err_train_cmm": 0.0, "_timestamp": 1653608221, "_runtime": 8, "_step": 1, "err_test_cavm_l1": 2.634999990463257, "err_test_cmm_l1": 0.42500001192092896, "err_train_cavm_l1": 0.0, "err_train_cmm_l1": 0.0, "_wandb": {"runtime": 6}}