{"err_test_cavm_l1": 3.119999885559082, "err_test_cmm_l1": 6.639999866485596, "err_train_cavm_l1": 0.0, "err_train_cmm_l1": 0.0, "_timestamp": 1650984257, "_runtime": 92, "_step": 0, "_wandb": {"runtime": 88}}