{"err_test_cavm_l1": 4.430000305175781, "err_test_cmm_l1": 33.154998779296875, "err_train_cavm_l1": 0.0, "err_train_cmm_l1": 0.0, "_timestamp": 1652280863, "_runtime": 10, "_step": 0, "_wandb": {"runtime": 3}}