{"err_test_cmm": 4.805000305175781, "err_train_cmm": 0.0, "_timestamp": 1653525677, "_runtime": 166, "_step": 1, "err_test_cmm_l1": 2.3350000381469727, "err_train_cmm_l1": 0.0, "_wandb": {"runtime": 163}}