{"err_test_cavm_l1": 0.3799999952316284, "err_test_cmm_l1": 8.86500072479248, "err_train_cavm_l1": 0.0, "err_train_cmm_l1": 0.0, "_timestamp": 1652283527, "_runtime": 6, "_step": 0, "_wandb": {"runtime": 3}}