{"err_test_cavm": 15.934999465942383, "err_test_cmm": 16.864999771118164, "err_train_cavm": 0.0, "err_train_cmm": 0.0, "_timestamp": 1649844934, "_runtime": 272, "_step": 1, "err_test_cavm_l1": 1.5950000286102295, "err_test_cmm_l1": 4.494999885559082, "err_train_cavm_l1": 0.0, "err_train_cmm_l1": 0.0, "_wandb": {"runtime": 269}}