{"err_test_cavm": 44.94499969482422, "err_test_cmm": 45.0, "err_train_cavm": 0.0, "err_train_cmm": 0.0, "_timestamp": 1649848240, "_runtime": 100, "_step": 1, "err_test_cavm_l1": 44.60499954223633, "err_test_cmm_l1": 44.69499969482422, "err_train_cavm_l1": 0.0, "err_train_cmm_l1": 0.0, "_wandb": {"runtime": 97}}