{"err_test_cavm": 46.939998626708984, "err_test_cmm": 46.48999786376953, "err_train_cavm": 0.0, "err_train_cmm": 0.0, "_timestamp": 1651583548, "_runtime": 5, "_step": 1, "err_test_cavm_l1": 0.0, "err_test_cmm_l1": 50.160003662109375, "err_train_cavm_l1": 0.0, "err_train_cmm_l1": 0.0, "_wandb": {"runtime": 2}}