{"err_test_cavm_l1": 28.275001525878906, "err_test_cmm_l1": 41.09000015258789, "err_train_cavm_l1": 0.0, "err_train_cmm_l1": 0.0, "_timestamp": 1651036746, "_runtime": 108, "_step": 0, "_wandb": {"runtime": 106}}