{"err_test_cavm": 37.435001373291016, "err_test_cmm": 38.540000915527344, "err_train_cavm": 0.0, "err_train_cmm": 0.0, "_timestamp": 1651667923, "_runtime": 4, "_step": 1, "err_test_cavm_l1": 34.709999084472656, "err_test_cmm_l1": 47.13500213623047, "err_train_cavm_l1": 15.384615898132324, "err_train_cmm_l1": 0.0, "_wandb": {"runtime": 2}}