{"err_test_cavm": 42.29999923706055, "err_test_cmm": 42.03499984741211, "err_train_cavm": 0.0, "err_train_cmm": 0.0, "_timestamp": 1651151404, "_runtime": 4, "_step": 1, "err_test_cavm_l1": 35.64500045776367, "err_test_cmm_l1": 28.954999923706055, "err_train_cavm_l1": 25.0, "err_train_cmm_l1": 0.0, "_wandb": {"runtime": 2}}