{"err_test_cavm": 46.02000045776367, "err_test_cmm": 45.849998474121094, "err_train_cavm": 0.0, "err_train_cmm": 0.0, "_timestamp": 1651249913, "_runtime": 6, "_step": 1, "err_test_cavm_l1": 0.0, "err_test_cmm_l1": 50.470001220703125, "err_train_cavm_l1": 0.0, "err_train_cmm_l1": 0.0, "_wandb": {"runtime": 3}}