{"err_test_cavm": 37.3650016784668, "err_test_cmm": 37.810001373291016, "err_train_cavm": 0.0, "err_train_cmm": 0.0, "_timestamp": 1651657591, "_runtime": 5, "_step": 0, "_wandb": {"runtime": 2}}