{"err_test_cavm": 7.814999580383301, "err_test_cmm": 4.800000190734863, "err_train_cavm": 10.0, "err_train_cmm": 0.0, "_timestamp": 1651151251, "_runtime": 4, "_step": 1, "err_test_cavm_l1": 0.0, "err_test_cmm_l1": 2.7750000953674316, "err_train_cavm_l1": 0.0, "err_train_cmm_l1": 0.0, "_wandb": {"runtime": 2}}