{"err_test_cmm": 42.20000076293945, "err_train_cmm": 0.0, "_timestamp": 1653523611, "_runtime": 4, "_step": 1, "err_test_cmm_l1": 44.4900016784668, "err_train_cmm_l1": 0.0, "_wandb": {"runtime": 1}}