{"err_test_cavm_l1": 4.139999866485596, "err_test_cmm_l1": 29.829999923706055, "err_train_cavm_l1": 0.0, "err_train_cmm_l1": 0.0, "_timestamp": 1651039062, "_runtime": 99, "_step": 0, "_wandb": {"runtime": 96}}