{"err_test_cmm": 29.55000114440918, "err_train_cmm": 0.0, "_timestamp": 1653526148, "_runtime": 4, "_step": 1, "err_test_cmm_l1": 31.764999389648438, "err_train_cmm_l1": 0.0, "_wandb": {"runtime": 1}}