{"err_test_cavm": 13.38499927520752, "err_test_cmm": 13.729999542236328, "err_train_cavm": 0.0, "err_train_cmm": 0.0, "_timestamp": 1649807061, "_runtime": 146, "_step": 1, "err_test_cavm_l1": 1.7349998950958252, "err_test_cmm_l1": 5.160000324249268, "err_train_cavm_l1": 0.0, "err_train_cmm_l1": 0.0, "_wandb": {"runtime": 144}}