{"err_test_cmm": 8.055000305175781, "err_train_cmm": 0.0, "_timestamp": 1653527430, "_runtime": 4, "_step": 1, "err_test_cmm_l1": 3.6600000858306885, "err_train_cmm_l1": 0.0, "_wandb": {"runtime": 1}}