{"err_test_cavm": 26.91499900817871, "err_test_cmm": 26.350000381469727, "err_train_cavm": 10.0, "err_train_cmm": 0.0, "_timestamp": 1651586791, "_runtime": 4, "_step": 1, "err_test_cavm_l1": 0.0, "err_test_cmm_l1": 21.369998931884766, "err_train_cavm_l1": 0.0, "err_train_cmm_l1": 0.0, "_wandb": {"runtime": 2}}