{"err_test_cavm_l1": 23.93000030517578, "err_test_cmm_l1": 50.26000213623047, "err_train_cavm_l1": 0.0, "err_train_cmm_l1": 0.0, "_timestamp": 1651024023, "_runtime": 71, "_step": 0, "_wandb": {"runtime": 68}}