{"err_test_cmm": 35.44000244140625, "err_train_cmm": 0.0, "_timestamp": 1653570800, "_runtime": 5, "_step": 1, "err_test_cmm_l1": 8.5649995803833, "err_train_cmm_l1": 0.0, "_wandb": {"runtime": 2}}