{"err_test_cavm": 25.94499969482422, "err_test_cmm": 23.315000534057617, "err_train_cavm": 7.0, "err_train_cmm": 0.0, "_timestamp": 1651247936, "_runtime": 3, "_step": 1, "err_test_cavm_l1": 0.0, "err_test_cmm_l1": 7.299999713897705, "err_train_cavm_l1": 0.0, "err_train_cmm_l1": 0.0, "_wandb": {"runtime": 2}}