{"err_test_cavm_l1": 0.4449999928474426, "err_test_cmm_l1": 1.9049999713897705, "err_train_cavm_l1": 0.0, "err_train_cmm_l1": 0.0, "_timestamp": 1652884847, "_runtime": 3, "_step": 0, "_wandb": {"runtime": 0}}