{"err_test_cavm": 47.79999923706055, "err_test_cmm": 47.915000915527344, "err_train_cavm": 0.0, "err_train_cmm": 0.0, "_timestamp": 1651252446, "_runtime": 10, "_step": 1, "err_test_cavm_l1": 0.0, "err_test_cmm_l1": 50.160003662109375, "err_train_cavm_l1": 0.0, "err_train_cmm_l1": 0.0, "_wandb": {"runtime": 7}}