{"err_test_cavm": 37.56999969482422, "err_test_cmm": 0.0, "err_train_cavm": 33.0, "err_train_cmm": 0.0, "_timestamp": 1652884120, "_runtime": 2, "_step": 1, "err_test_cavm_l1": 50.12999725341797, "err_test_cmm_l1": 14.515000343322754, "err_train_cavm_l1": 44.0, "err_train_cmm_l1": 0.0, "_wandb": {"runtime": 0}}