{"err_test_cavm_l1": 48.209999084472656, "err_test_cmm_l1": 29.350000381469727, "err_train_cavm_l1": 47.81783676147461, "err_train_cmm_l1": 17.141049968374446, "_timestamp": 1651036357, "_runtime": 172, "_step": 0, "_wandb": {"runtime": 170}}