{"err_test_cmm": 27.935001373291016, "err_train_cmm": 0.0, "_timestamp": 1653567885, "_runtime": 8, "_step": 1, "err_test_cmm_l1": 8.005000114440918, "err_train_cmm_l1": 0.0, "_wandb": {"runtime": 2}}