{"err_test_cmm": 9.170000076293945, "err_train_cmm": 0.0, "_timestamp": 1653526116, "_runtime": 4, "_step": 1, "err_test_cmm_l1": 5.175000190734863, "err_train_cmm_l1": 0.0, "_wandb": {"runtime": 1}}