{"err_test_cavm": 35.7400016784668, "err_test_cmm": 36.56999969482422, "err_train_cavm": 3.5714287757873535, "err_train_cmm": 0.0, "_timestamp": 1652187678, "_runtime": 6, "_step": 1, "err_test_cavm_l1": 0.0, "err_test_cmm_l1": 42.96500015258789, "err_train_cavm_l1": 0.0, "err_train_cmm_l1": 0.0, "_wandb": {"runtime": 2}}