{"err_test_cavm_l1": 4.139999866485596, "err_test_cmm_l1": 23.06999969482422, "err_train_cavm_l1": 2.0, "err_train_cmm_l1": 0.0, "_timestamp": 1651667408, "_runtime": 3, "_step": 0, "_wandb": {"runtime": 2}}