{"err_test_cavm": 36.01499938964844, "err_test_cmm": 36.689998626708984, "err_train_cavm": 0.0, "err_train_cmm": 0.0, "_timestamp": 1649843400, "_runtime": 190, "_step": 1, "err_test_cavm_l1": 5.985000133514404, "err_test_cmm_l1": 10.355000495910645, "err_train_cavm_l1": 0.0, "err_train_cmm_l1": 0.0, "_wandb": {"runtime": 188}}