{"err_test_cavm_l1": 9.869999885559082, "err_test_cmm_l1": 39.72999954223633, "err_train_cavm_l1": 0.0, "err_train_cmm_l1": 0.0, "_timestamp": 1652283887, "_runtime": 6, "_step": 0, "_wandb": {"runtime": 2}}