{"err_test_cavm_l1": 1.850000023841858, "err_test_cmm_l1": 4.909999847412109, "err_train_cavm_l1": 0.0, "err_train_cmm_l1": 0.0, "_timestamp": 1650978393, "_runtime": 135, "_step": 0, "_wandb": {"runtime": 133}}