{"err_test_cavm": 22.934999465942383, "err_test_cmm": 16.639999389648438, "err_train_cavm": 10.0, "err_train_cmm": 0.0, "_timestamp": 1651587526, "_runtime": 3, "_step": 1, "err_test_cavm_l1": 0.0, "err_test_cmm_l1": 14.094999313354492, "err_train_cavm_l1": 0.0, "err_train_cmm_l1": 0.0, "_wandb": {"runtime": 2}}