{"err_test_cavm": 44.970001220703125, "err_test_cmm": 44.94000244140625, "err_train_cavm": 0.0, "err_train_cmm": 0.0, "_timestamp": 1651252206, "_runtime": 7, "_step": 1, "err_test_cavm_l1": 0.0, "err_test_cmm_l1": 49.16499710083008, "err_train_cavm_l1": 0.0, "err_train_cmm_l1": 0.0, "_wandb": {"runtime": 3}}