{"err_test_cavm_l1": 49.720001220703125, "err_test_cmm_l1": 49.95500183105469, "err_train_cavm_l1": 0.0, "err_train_cmm_l1": 0.0, "_timestamp": 1651851295, "_runtime": 10, "_step": 0, "_wandb": {"runtime": 2}}