{"err_test_cmm": 41.36000061035156, "err_train_cmm": 0.0, "_timestamp": 1653522412, "_runtime": 3, "_step": 1, "err_test_cmm_l1": 44.85000228881836, "err_train_cmm_l1": 0.0, "_wandb": {"runtime": 1}}