{"err_test_cavm_l1": 1.0199999809265137, "err_test_cmm_l1": 10.539999961853027, "err_train_cavm_l1": 0.6465517282485962, "err_train_cmm_l1": 0.0, "_timestamp": 1651829101, "_runtime": 7, "_step": 0, "_wandb": {"runtime": 2}}