{"err_test_cavm": 1.3600000143051147, "err_test_cmm": 2.6449999809265137, "err_train_cavm": 0.0, "err_train_cmm": 0.0, "_timestamp": 1653608910, "_runtime": 8, "_step": 1, "err_test_cavm_l1": 1.3600000143051147, "err_test_cmm_l1": 0.7899999618530273, "err_train_cavm_l1": 0.0, "err_train_cmm_l1": 0.0, "_wandb": {"runtime": 5}}