{"err_test_cavm": 0.12000000476837158, "err_test_cmm": 0.32500001788139343, "err_train_cavm": 0.0, "err_train_cmm": 0.0, "_timestamp": 1653662741, "_runtime": 83, "_step": 1, "err_test_cavm_l1": 0.0949999988079071, "err_test_cmm_l1": 0.12999999523162842, "err_train_cavm_l1": 0.0, "err_train_cmm_l1": 0.0, "_wandb": {"runtime": 80}}