{"err_test_cmm": 49.32999801635742, "err_train_cmm": 0.0, "_timestamp": 1653571327, "_runtime": 46, "_step": 1, "err_test_cmm_l1": 11.155000686645508, "err_train_cmm_l1": 0.0, "_wandb": {"runtime": 44}}