{"err_test_cavm_l1": 14.075000762939453, "err_test_cmm_l1": 21.825000762939453, "err_train_cavm_l1": 0.0, "err_train_cmm_l1": 0.0, "_timestamp": 1651024367, "_runtime": 139, "_step": 0, "_wandb": {"runtime": 136}}