{"err_test_cavm_l1": 2.3350000381469727, "err_test_cmm_l1": 7.180000305175781, "err_train_cavm_l1": 0.0, "err_train_cmm_l1": 0.0, "_timestamp": 1650985164, "_runtime": 92, "_step": 0, "_wandb": {"runtime": 89}}