{"err_test_cavm": 28.71500015258789, "err_test_cmm": 30.21000099182129, "err_train_cavm": 0.0, "err_train_cmm": 0.0, "_timestamp": 1649810786, "_runtime": 93, "_step": 1, "err_test_cavm_l1": 3.5199999809265137, "err_test_cmm_l1": 6.539999485015869, "err_train_cavm_l1": 0.0, "err_train_cmm_l1": 0.0, "_wandb": {"runtime": 90}}