{"err_test_cavm": 45.66999816894531, "err_test_cmm": 45.48999786376953, "err_train_cavm": 0.0, "err_train_cmm": 0.0, "_timestamp": 1651248193, "_runtime": 29, "_step": 1, "err_test_cavm_l1": 0.0, "err_test_cmm_l1": 7.619999885559082, "err_train_cavm_l1": 0.0, "err_train_cmm_l1": 0.0, "_wandb": {"runtime": 3}}