{"err_test_cavm_l1": 1.2599999904632568, "err_test_cmm_l1": 3.869999885559082, "err_train_cavm_l1": 0.0, "err_train_cmm_l1": 0.0, "_timestamp": 1650985790, "_runtime": 102, "_step": 0, "_wandb": {"runtime": 99}}