{"err_test_cavm_l1": 4.579999923706055, "err_test_cmm_l1": 31.205001831054688, "err_train_cavm_l1": 0.0, "err_train_cmm_l1": 0.0, "_timestamp": 1651020869, "_runtime": 101, "_step": 0, "_wandb": {"runtime": 99}}