{"err_test_cavm": 43.07999801635742, "err_test_cmm": 43.02499771118164, "err_train_cavm": 0.0, "err_train_cmm": 0.0, "_timestamp": 1651587958, "_runtime": 4, "_step": 1, "err_test_cavm_l1": 0.0, "err_test_cmm_l1": 45.17000198364258, "err_train_cavm_l1": 0.0, "err_train_cmm_l1": 0.0, "_wandb": {"runtime": 2}}