{"err_test_cavm_l1": 6.315000534057617, "err_test_cmm_l1": 11.289999961853027, "err_train_cavm_l1": 0.0, "err_train_cmm_l1": 0.0, "_timestamp": 1650977644, "_runtime": 66, "_step": 0, "_wandb": {"runtime": 64}}