{"err_test_cmm": 26.565000534057617, "err_train_cmm": 0.0, "_timestamp": 1653571342, "_runtime": 4, "_step": 1, "err_test_cmm_l1": 9.824999809265137, "err_train_cmm_l1": 0.0, "_wandb": {"runtime": 2}}