{"err_test_cavm_l1": 50.0150032043457, "err_test_cmm_l1": 50.4849967956543, "err_train_cavm_l1": 0.0, "err_train_cmm_l1": 0.0, "_timestamp": 1651037139, "_runtime": 64, "_step": 0, "_wandb": {"runtime": 62}}