{"err_test_cavm_l1": 8.21500015258789, "err_test_cmm_l1": 3.7200000286102295, "err_train_cavm_l1": 0.0, "err_train_cmm_l1": 0.0, "_timestamp": 1653078472, "_runtime": 24, "_step": 0, "_wandb": {"runtime": 7}}