{"err_test_cavm_l1": 24.57499885559082, "err_test_cmm_l1": 28.96000099182129, "err_train_cavm_l1": 0.0, "err_train_cmm_l1": 0.0, "_timestamp": 1651005548, "_runtime": 95, "_step": 0, "_wandb": {"runtime": 93}}