{"err_test_cmm": 23.93000030517578, "err_train_cmm": 0.0, "_timestamp": 1653571524, "_runtime": 4, "_step": 1, "err_test_cmm_l1": 8.030000686645508, "err_train_cmm_l1": 0.0, "_wandb": {"runtime": 2}}