{"err_test_cavm": 8.944999694824219, "err_test_cmm": 9.385000228881836, "err_train_cavm": 0.0, "err_train_cmm": 0.0, "_timestamp": 1653601606, "_runtime": 6, "_step": 1, "err_test_cavm_l1": 0.39499998092651367, "err_test_cmm_l1": 0.875, "err_train_cavm_l1": 0.0, "err_train_cmm_l1": 0.0, "_wandb": {"runtime": 3}}