{"err_test_cavm": 47.64500045776367, "err_test_cmm": 47.68000030517578, "err_train_cavm": 0.0, "err_train_cmm": 0.0, "_timestamp": 1652259765, "_runtime": 7, "_step": 1, "err_test_cavm_l1": 49.709999084472656, "err_test_cmm_l1": 49.810001373291016, "err_train_cavm_l1": 0.0, "err_train_cmm_l1": 0.0, "_wandb": {"runtime": 2}}