{"err_test_cavm": 16.85999870300293, "err_test_cmm": 0.0, "err_train_cavm": 18.0, "err_train_cmm": 0.0, "_timestamp": 1652884333, "_runtime": 3, "_step": 1, "err_test_cavm_l1": 50.160003662109375, "err_test_cmm_l1": 49.69499969482422, "err_train_cavm_l1": 51.0, "err_train_cmm_l1": 0.0, "_wandb": {"runtime": 1}}