{"err_test_cavm_l1": 13.770000457763672, "err_test_cmm_l1": 8.484999656677246, "err_train_cavm_l1": 0.0, "err_train_cmm_l1": 0.0, "_timestamp": 1652279417, "_runtime": 7, "_step": 0, "_wandb": {"runtime": 3}}