{"err_test_cavm_l1": 5.545000076293945, "err_test_cmm_l1": 10.204999923706055, "err_train_cavm_l1": 0.0, "err_train_cmm_l1": 0.0, "_timestamp": 1650985260, "_runtime": 89, "_step": 0, "_wandb": {"runtime": 87}}