{"err_test_cavm": 25.354999542236328, "err_test_cmm": 20.565000534057617, "err_train_cavm": 9.0, "err_train_cmm": 0.0, "_timestamp": 1651251703, "_runtime": 7, "_step": 1, "err_test_cavm_l1": 0.0, "err_test_cmm_l1": 13.070000648498535, "err_train_cavm_l1": 0.0, "err_train_cmm_l1": 0.0, "_wandb": {"runtime": 2}}