{"err_test_cavm_l1": 23.100000381469727, "err_test_cmm_l1": 49.5099983215332, "err_train_cavm_l1": 0.0, "err_train_cmm_l1": 0.0, "_timestamp": 1651019148, "_runtime": 68, "_step": 0, "_wandb": {"runtime": 65}}