{"err_test_cavm_l1": 4.539999961853027, "err_test_cmm_l1": 46.560001373291016, "err_train_cavm_l1": 0.0, "err_train_cmm_l1": 0.0, "_timestamp": 1652282030, "_runtime": 9, "_step": 0, "_wandb": {"runtime": 5}}