{"err_test_cavm": 45.43499755859375, "err_test_cmm": 45.474998474121094, "err_train_cavm": 0.0, "err_train_cmm": 0.0, "_timestamp": 1651247998, "_runtime": 4, "_step": 1, "err_test_cavm_l1": 0.0, "err_test_cmm_l1": 9.024999618530273, "err_train_cavm_l1": 0.0, "err_train_cmm_l1": 0.0, "_wandb": {"runtime": 3}}