{"err_test_cmm": 47.13999938964844, "err_train_cmm": 0.0, "_timestamp": 1653640082, "_runtime": 6, "_step": 1, "err_test_cmm_l1": 49.810001373291016, "err_train_cmm_l1": 0.0, "_wandb": {"runtime": 2}}