{"err_test_cmm": 21.94499969482422, "err_train_cmm": 0.0, "_timestamp": 1653525401, "_runtime": 5, "_step": 1, "err_test_cmm_l1": 16.024999618530273, "err_train_cmm_l1": 0.0, "_wandb": {"runtime": 2}}