{"err_test_cavm": 22.065000534057617, "err_test_cmm": 15.475000381469727, "err_train_cavm": 11.0, "err_train_cmm": 0.0, "_timestamp": 1651584104, "_runtime": 4, "_step": 1, "err_test_cavm_l1": 0.0, "err_test_cmm_l1": 8.569999694824219, "err_train_cavm_l1": 0.0, "err_train_cmm_l1": 0.0, "_wandb": {"runtime": 2}}