{"err_test_cavm": 37.404998779296875, "err_test_cmm": 37.744998931884766, "err_train_cavm": 0.0, "err_train_cmm": 0.0, "_timestamp": 1651586680, "_runtime": 4, "_step": 1, "err_test_cavm_l1": 0.0, "err_test_cmm_l1": 43.654998779296875, "err_train_cavm_l1": 0.0, "err_train_cmm_l1": 0.0, "_wandb": {"runtime": 2}}