{"err_test_cavm": 23.415000915527344, "err_test_cmm": 22.684999465942383, "err_train_cavm": 0.0, "err_train_cmm": 0.0, "_timestamp": 1649786172, "_runtime": 110, "_step": 1, "err_test_cavm_l1": 3.5500001907348633, "err_test_cmm_l1": 6.669999599456787, "err_train_cavm_l1": 0.0, "err_train_cmm_l1": 0.0, "_wandb": {"runtime": 106}}