{"err_test_cavm_l1": 4.650000095367432, "err_test_cmm_l1": 10.369999885559082, "err_train_cavm_l1": 0.0, "err_train_cmm_l1": 0.0, "_timestamp": 1650967738, "_runtime": 63, "_step": 0, "_wandb": {"runtime": 61}}