{"err_test_cavm": 41.380001068115234, "err_test_cmm": 41.21500015258789, "err_train_cavm": 0.0, "err_train_cmm": 0.0, "_timestamp": 1651583522, "_runtime": 4, "_step": 1, "err_test_cavm_l1": 0.0, "err_test_cmm_l1": 49.80500030517578, "err_train_cavm_l1": 0.0, "err_train_cmm_l1": 0.0, "_wandb": {"runtime": 2}}