{"err_test_cavm": 39.77000045776367, "err_test_cmm": 38.86000061035156, "err_train_cavm": 0.0, "err_train_cmm": 0.0, "_timestamp": 1649799053, "_runtime": 93, "_step": 1, "err_test_cavm_l1": 19.540000915527344, "err_test_cmm_l1": 23.19499969482422, "err_train_cavm_l1": 0.0, "err_train_cmm_l1": 0.0, "_wandb": {"runtime": 91}}