{"err_test_cmm": 46.54999923706055, "err_train_cmm": 0.0, "_timestamp": 1653567607, "_runtime": 6, "_step": 1, "err_test_cmm_l1": 26.39000129699707, "err_train_cmm_l1": 0.0, "_wandb": {"runtime": 2}}