{"err_test_cavm": 3.109999895095825, "err_test_cmm": 3.4100000858306885, "err_train_cavm": 0.0, "err_train_cmm": 0.0, "_timestamp": 1653663989, "_runtime": 6, "_step": 1, "err_test_cavm_l1": 3.2150001525878906, "err_test_cmm_l1": 0.3700000047683716, "err_train_cavm_l1": 0.0, "err_train_cmm_l1": 0.0, "_wandb": {"runtime": 3}}