{"err_test_cmm": 49.36000061035156, "err_train_cmm": 0.0, "_timestamp": 1653522852, "_runtime": 3, "_step": 1, "err_test_cmm_l1": 50.47500228881836, "err_train_cmm_l1": 0.0, "_wandb": {"runtime": 1}}