{"err_test_cavm": 0.20499999821186066, "err_test_cmm": 0.6050000190734863, "err_train_cavm": 0.0, "err_train_cmm": 0.0, "_timestamp": 1653664277, "_runtime": 19, "_step": 1, "err_test_cavm_l1": 0.27000001072883606, "err_test_cmm_l1": 0.19499999284744263, "err_train_cavm_l1": 0.0, "err_train_cmm_l1": 0.0, "_wandb": {"runtime": 17}}