{"err_test_cavm": 17.739999771118164, "err_test_cmm": 8.815000534057617, "err_train_cavm": 15.000000953674316, "err_train_cmm": 0.0, "_timestamp": 1651587273, "_runtime": 3, "_step": 1, "err_test_cavm_l1": 0.0, "err_test_cmm_l1": 5.809999942779541, "err_train_cavm_l1": 0.0, "err_train_cmm_l1": 0.0, "_wandb": {"runtime": 2}}