{"err_test_cavm": 35.22500228881836, "err_test_cmm": 34.869998931884766, "err_train_cavm": 0.0, "err_train_cmm": 0.0, "_timestamp": 1649811834, "_runtime": 90, "_step": 1, "err_test_cavm_l1": 6.184999942779541, "err_test_cmm_l1": 12.005000114440918, "err_train_cavm_l1": 0.0, "err_train_cmm_l1": 0.0, "_wandb": {"runtime": 87}}