{"err_test_cmm": 41.470001220703125, "err_train_cmm": 0.0, "_timestamp": 1653521294, "_runtime": 4, "_step": 1, "err_test_cmm_l1": 45.65999984741211, "err_train_cmm_l1": 0.0, "_wandb": {"runtime": 1}}