{"err_test_cavm_l1": 7.055000305175781, "err_test_cmm_l1": 47.78000259399414, "err_train_cavm_l1": 1.0, "err_train_cmm_l1": 0.0, "_timestamp": 1652273645, "_runtime": 10, "_step": 0, "_wandb": {"runtime": 4}}