{"err_test_cavm_l1": 3.305000066757202, "err_test_cmm_l1": 18.16499900817871, "err_train_cavm_l1": 0.0, "err_train_cmm_l1": 0.0, "_timestamp": 1651037400, "_runtime": 61, "_step": 0, "_wandb": {"runtime": 59}}