{"err_test_cavm": 45.474998474121094, "err_test_cmm": 45.97999954223633, "err_train_cavm": 0.0, "err_train_cmm": 0.0, "_timestamp": 1651582973, "_runtime": 4, "_step": 1, "err_test_cavm_l1": 0.0, "err_test_cmm_l1": 50.40500259399414, "err_train_cavm_l1": 0.0, "err_train_cmm_l1": 0.0, "_wandb": {"runtime": 2}}