{"err_test_cavm": 37.15999984741211, "err_test_cmm": 37.119998931884766, "err_train_cavm": 0.0, "err_train_cmm": 0.0, "_timestamp": 1651585433, "_runtime": 5, "_step": 1, "err_test_cavm_l1": 0.0, "err_test_cmm_l1": 41.029998779296875, "err_train_cavm_l1": 0.0, "err_train_cmm_l1": 0.0, "_wandb": {"runtime": 2}}