{"err_test_cavm": 0.125, "err_test_cmm": 0.41499999165534973, "err_train_cavm": 0.0, "err_train_cmm": 0.0, "_timestamp": 1653662433, "_runtime": 83, "_step": 1, "err_test_cavm_l1": 0.14000000059604645, "err_test_cmm_l1": 0.20999999344348907, "err_train_cavm_l1": 0.0, "err_train_cmm_l1": 0.0, "_wandb": {"runtime": 79}}