{"err_test_cavm": 22.505001068115234, "err_test_cmm": 16.545000076293945, "err_train_cavm": 8.196721076965332, "err_train_cmm": 0.0, "_timestamp": 1651667778, "_runtime": 4, "_step": 1, "err_test_cavm_l1": 35.709999084472656, "err_test_cmm_l1": 16.594999313354492, "err_train_cavm_l1": 34.83606719970703, "err_train_cmm_l1": 0.0, "_wandb": {"runtime": 2}}