{"err_test_c0": 9.75, "err_test_c1": 4.355000019073486, "err_test_c2": 4.835000038146973, "err_test_cmm": 6.820000171661377, "err_train_c0": 0.0, "err_train_c1": 0.0, "err_train_c2": 0.0, "err_train_cmm": 0.0, "_timestamp": 1649343239, "_runtime": 425, "_step": 1, "err_test_c0_l1": 100.0, "err_test_c1_l1": 100.0, "err_test_c2_l1": 100.0, "err_test_cmm_l1": 24.31999969482422, "err_train_c0_l1": 100.0, "err_train_c1_l1": 100.0, "err_train_c2_l1": 100.0, "err_train_cmm_l1": 0.0, "_wandb": {"runtime": 422}}