{"err_test_cavm_l1": 1.40500009059906, "err_test_cmm_l1": 4.494999885559082, "err_train_cavm_l1": 0.0, "err_train_cmm_l1": 0.0, "_timestamp": 1650895411, "_runtime": 170, "_step": 0, "_wandb": {"runtime": 167}}