{"err_test_cavm": 45.584999084472656, "err_test_cmm": 45.55500030517578, "err_train_cavm": 0.0, "err_train_cmm": 0.0, "_timestamp": 1651657085, "_runtime": 8, "_step": 0, "_wandb": {"runtime": 5}}