{"err_test_cavm_l1": 21.35999870300293, "err_test_cmm_l1": 47.63999938964844, "err_train_cavm_l1": 0.0, "err_train_cmm_l1": 0.0, "_timestamp": 1652279970, "_runtime": 13, "_step": 0, "_wandb": {"runtime": 9}}