{"err_test_cavm": 46.814998626708984, "err_test_cmm": 46.80500030517578, "err_train_cavm": 0.0, "err_train_cmm": 0.0, "_timestamp": 1649784071, "_runtime": 185, "_step": 1, "err_test_cavm_l1": 5.164999961853027, "err_test_cmm_l1": 10.779999732971191, "err_train_cavm_l1": 0.0, "err_train_cmm_l1": 0.0, "_wandb": {"runtime": 182}}