{"err_test_cavm": 43.625, "err_test_cmm": 43.80500030517578, "err_train_cavm": 0.0, "err_train_cmm": 0.0, "_timestamp": 1649811079, "_runtime": 91, "_step": 1, "err_test_cavm_l1": 50.02499771118164, "err_test_cmm_l1": 49.939998626708984, "err_train_cavm_l1": 0.0, "err_train_cmm_l1": 0.0, "_wandb": {"runtime": 89}}