{"err_test_cavm_l1": 11.110000610351562, "err_test_cmm_l1": 6.21999979019165, "err_train_cavm_l1": 10.0, "err_train_cmm_l1": 0.0, "_timestamp": 1653134205, "_runtime": 7, "_step": 0, "_wandb": {"runtime": 3}}