{"err_test_cavm": 43.15999984741211, "err_test_cmm": 42.85499954223633, "err_train_cavm": 0.0, "err_train_cmm": 0.0, "_timestamp": 1652109550, "_runtime": 13, "_step": 1, "err_test_cavm_l1": 51.07500076293945, "err_test_cmm_l1": 48.375, "err_train_cavm_l1": 15.384615898132324, "err_train_cmm_l1": 0.0, "_wandb": {"runtime": 4}}