{"err_test_cavm": 0.1899999976158142, "err_test_cmm": 0.5550000071525574, "err_train_cavm": 0.0, "err_train_cmm": 0.0, "_timestamp": 1653662768, "_runtime": 20, "_step": 1, "err_test_cavm_l1": 0.17500001192092896, "err_test_cmm_l1": 0.1899999976158142, "err_train_cavm_l1": 0.0, "err_train_cmm_l1": 0.0, "_wandb": {"runtime": 17}}