{"err_test_cavm": 43.595001220703125, "err_test_cmm": 43.02499771118164, "err_train_cavm": 0.0, "err_train_cmm": 0.0, "_timestamp": 1652187898, "_runtime": 4, "_step": 1, "err_test_cavm_l1": 49.63999938964844, "err_test_cmm_l1": 49.970001220703125, "err_train_cavm_l1": 0.0, "err_train_cmm_l1": 0.0, "_wandb": {"runtime": 2}}