{"err_test_cmm": 27.21500015258789, "err_train_cmm": 0.0, "_timestamp": 1653523152, "_runtime": 3, "_step": 1, "err_test_cmm_l1": 27.100000381469727, "err_train_cmm_l1": 0.0, "_wandb": {"runtime": 1}}