{"err_test_cavm": 18.96000099182129, "err_test_cmm": 16.729999542236328, "err_train_cavm": 7.0, "err_train_cmm": 0.0, "_timestamp": 1651583979, "_runtime": 3, "_step": 1, "err_test_cavm_l1": 0.0, "err_test_cmm_l1": 10.809999465942383, "err_train_cavm_l1": 0.0, "err_train_cmm_l1": 0.0, "_wandb": {"runtime": 2}}