{"err_test_cmm": 46.72999954223633, "err_train_cmm": 0.0, "_timestamp": 1653524027, "_runtime": 3, "_step": 1, "err_test_cmm_l1": 50.29500198364258, "err_train_cmm_l1": 0.0, "_wandb": {"runtime": 1}}