{"err_test_cavm_l1": 3.5999999046325684, "err_test_cmm_l1": 8.194999694824219, "err_train_cavm_l1": 0.0, "err_train_cmm_l1": 0.0, "_timestamp": 1650989194, "_runtime": 55, "_step": 0, "_wandb": {"runtime": 53}}