{"err_test_cavm_l1": 35.35000228881836, "err_test_cmm_l1": 38.47999954223633, "err_train_cavm_l1": 0.0, "err_train_cmm_l1": 0.0, "_timestamp": 1651032554, "_runtime": 146, "_step": 0, "_wandb": {"runtime": 143}}