{"err_test_cmm": 44.755001068115234, "err_train_cmm": 0.0, "_timestamp": 1653574147, "_runtime": 6, "_step": 1, "err_test_cmm_l1": 24.889999389648438, "err_train_cmm_l1": 0.0, "_wandb": {"runtime": 3}}