{"err_test_cavm_l1": 15.360000610351562, "err_test_cmm_l1": 26.440000534057617, "err_train_cavm_l1": 0.0, "err_train_cmm_l1": 0.0, "_timestamp": 1651029885, "_runtime": 109, "_step": 0, "_wandb": {"runtime": 106}}