{"err_test_cavm_l1": 8.720000267028809, "err_test_cmm_l1": 36.95499801635742, "err_train_cavm_l1": 0.0, "err_train_cmm_l1": 0.0, "_timestamp": 1651026897, "_runtime": 108, "_step": 0, "_wandb": {"runtime": 105}}