{"err_test_cavm_l1": 33.30999755859375, "err_test_cmm_l1": 49.48500061035156, "err_train_cavm_l1": 0.0, "err_train_cmm_l1": 0.0, "_timestamp": 1652280756, "_runtime": 87, "_step": 0, "_wandb": {"runtime": 84}}