{"err_test_cmm": 32.53499984741211, "err_train_cmm": 0.0, "_timestamp": 1653573907, "_runtime": 5, "_step": 1, "err_test_cmm_l1": 16.71500015258789, "err_train_cmm_l1": 0.0, "_wandb": {"runtime": 2}}