{"err_test_cavm_l1": 8.359999656677246, "err_test_cmm_l1": 14.550000190734863, "err_train_cavm_l1": 0.0, "err_train_cmm_l1": 0.0, "_timestamp": 1650993187, "_runtime": 87, "_step": 0, "_wandb": {"runtime": 85}}