{"err_test_cavm": 25.53499984741211, "err_test_cmm": 27.094999313354492, "err_train_cavm": 0.0, "err_train_cmm": 0.0, "_timestamp": 1649814274, "_runtime": 91, "_step": 1, "err_test_cavm_l1": 3.4800000190734863, "err_test_cmm_l1": 6.105000019073486, "err_train_cavm_l1": 0.0, "err_train_cmm_l1": 0.0, "_wandb": {"runtime": 89}}