{"err_test_cavm": 11.864999771118164, "err_test_cmm": 13.760000228881836, "err_train_cavm": 0.0, "err_train_cmm": 0.0, "_timestamp": 1649789045, "_runtime": 130, "_step": 1, "err_test_cavm_l1": 1.755000114440918, "err_test_cmm_l1": 3.5349998474121094, "err_train_cavm_l1": 0.0, "err_train_cmm_l1": 0.0, "_wandb": {"runtime": 127}}