{"err_test_cavm": 20.630001068115234, "err_test_cmm": 15.28499984741211, "err_train_cavm": 9.0, "err_train_cmm": 0.0, "_timestamp": 1651583852, "_runtime": 4, "_step": 1, "err_test_cavm_l1": 0.0, "err_test_cmm_l1": 8.574999809265137, "err_train_cavm_l1": 0.0, "err_train_cmm_l1": 0.0, "_wandb": {"runtime": 1}}