{"err_test_cavm_l1": 2.4250001907348633, "err_test_cmm_l1": 34.59000015258789, "err_train_cavm_l1": 0.0, "err_train_cmm_l1": 0.0, "_timestamp": 1652281983, "_runtime": 6, "_step": 0, "_wandb": {"runtime": 3}}