{"err_test_cavm_l1": 3.559999942779541, "err_test_cmm_l1": 6.345000267028809, "err_train_cavm_l1": 0.0, "err_train_cmm_l1": 0.0, "_timestamp": 1650965142, "_runtime": 59, "_step": 0, "_wandb": {"runtime": 58}}