{"err_test_cavm": 20.565000534057617, "err_test_cmm": 15.459999084472656, "err_train_cavm": 8.0, "err_train_cmm": 0.0, "_timestamp": 1651247642, "_runtime": 4, "_step": 1, "err_test_cavm_l1": 0.0, "err_test_cmm_l1": 9.069999694824219, "err_train_cavm_l1": 0.0, "err_train_cmm_l1": 0.0, "_wandb": {"runtime": 2}}