{"err_test_cmm": 5.15500020980835, "err_train_cmm": 0.0, "_timestamp": 1653521818, "_runtime": 219, "_step": 1, "err_test_cmm_l1": 2.3600001335144043, "err_train_cmm_l1": 0.0, "_wandb": {"runtime": 217}}