{"err_test_cavm": 0.1599999964237213, "err_test_cmm": 0.44999998807907104, "err_train_cavm": 0.0, "err_train_cmm": 0.0, "_timestamp": 1653662303, "_runtime": 19, "_step": 1, "err_test_cavm_l1": 0.12999999523162842, "err_test_cmm_l1": 0.17999999225139618, "err_train_cavm_l1": 0.0, "err_train_cmm_l1": 0.0, "_wandb": {"runtime": 16}}