{"err_test_cavm": 19.829999923706055, "err_test_cmm": 20.264999389648438, "err_train_cavm": 0.0, "err_train_cmm": 0.0, "_timestamp": 1653664001, "_runtime": 6, "_step": 1, "err_test_cavm_l1": 8.890000343322754, "err_test_cmm_l1": 4.695000171661377, "err_train_cavm_l1": 0.0, "err_train_cmm_l1": 0.0, "_wandb": {"runtime": 3}}