{"err_test_cavm": 16.06999969482422, "err_test_cmm": 7.514999866485596, "err_train_cavm": 11.0, "err_train_cmm": 0.0, "_timestamp": 1651246957, "_runtime": 4, "_step": 1, "err_test_cavm_l1": 0.0, "err_test_cmm_l1": 3.4600000381469727, "err_train_cavm_l1": 0.0, "err_train_cmm_l1": 0.0, "_wandb": {"runtime": 2}}