{"err_test_cavm_l1": 5.424999713897705, "err_test_cmm_l1": 21.139999389648438, "err_train_cavm_l1": 0.0, "err_train_cmm_l1": 0.0, "_timestamp": 1653133632, "_runtime": 7, "_step": 0, "_wandb": {"runtime": 2}}