{"err_test_cavm": 46.39500045776367, "err_test_cmm": 46.31999969482422, "err_train_cavm": 0.0, "err_train_cmm": 0.0, "_timestamp": 1651588358, "_runtime": 5, "_step": 1, "err_test_cavm_l1": 0.0, "err_test_cmm_l1": 50.445003509521484, "err_train_cavm_l1": 0.0, "err_train_cmm_l1": 0.0, "_wandb": {"runtime": 3}}