{"err_test_cavm": 35.31999969482422, "err_test_cmm": 33.68499755859375, "err_train_cavm": 3.5714287757873535, "err_train_cmm": 0.0, "_timestamp": 1652109517, "_runtime": 9, "_step": 1, "err_test_cavm_l1": 35.10000228881836, "err_test_cmm_l1": 46.869998931884766, "err_train_cavm_l1": 21.428571701049805, "err_train_cmm_l1": 0.0, "_wandb": {"runtime": 3}}