{"err_test_cavm": 45.17499923706055, "err_test_cmm": 45.03499984741211, "err_train_cavm": 0.0, "err_train_cmm": 0.0, "_timestamp": 1649740645, "_runtime": 110, "_step": 0, "_wandb": {"runtime": 1321}}