{"err_test_cavm": 42.30500030517578, "err_test_cmm": 41.71000289916992, "err_train_cavm": 0.0, "err_train_cmm": 0.0, "_timestamp": 1652109315, "_runtime": 10, "_step": 1, "err_test_cavm_l1": 50.2349967956543, "err_test_cmm_l1": 42.029998779296875, "err_train_cavm_l1": 23.076923370361328, "err_train_cmm_l1": 0.0, "_wandb": {"runtime": 3}}