{"err_test_cavm": 14.614999771118164, "err_test_cmm": 11.220000267028809, "err_train_cavm": 13.0, "err_train_cmm": 0.0, "_timestamp": 1651586634, "_runtime": 3, "_step": 1, "err_test_cavm_l1": 0.0, "err_test_cmm_l1": 4.914999961853027, "err_train_cavm_l1": 0.0, "err_train_cmm_l1": 0.0, "_wandb": {"runtime": 2}}