{"err_test_cavm_l1": 50.125003814697266, "err_test_cmm_l1": 49.900001525878906, "err_train_cavm_l1": 0.0, "err_train_cmm_l1": 0.0, "_timestamp": 1653606786, "_runtime": 5, "_step": 0, "_wandb": {"runtime": 2}}