{"err_test_cavm": 42.23999786376953, "err_test_cmm": 41.83000183105469, "err_train_cavm": 1.0, "err_train_cmm": 0.0, "_timestamp": 1651584155, "_runtime": 4, "_step": 1, "err_test_cavm_l1": 0.0, "err_test_cmm_l1": 50.14500045776367, "err_train_cavm_l1": 0.0, "err_train_cmm_l1": 0.0, "_wandb": {"runtime": 2}}