{"err_test_cavm": 43.630001068115234, "err_test_cmm": 43.85499954223633, "err_train_cavm": 0.0, "err_train_cmm": 0.0, "_timestamp": 1651248388, "_runtime": 9, "_step": 1, "err_test_cavm_l1": 0.0, "err_test_cmm_l1": 10.859999656677246, "err_train_cavm_l1": 0.0, "err_train_cmm_l1": 0.0, "_wandb": {"runtime": 3}}