{"err_test_cmm": 8.880000114440918, "err_train_cmm": 0.0, "_timestamp": 1653525374, "_runtime": 38, "_step": 1, "err_test_cmm_l1": 4.679999828338623, "err_train_cmm_l1": 0.0, "_wandb": {"runtime": 35}}