{"err_test_cmm": 46.6349983215332, "err_train_cmm": 0.0, "_timestamp": 1653640233, "_runtime": 5, "_step": 1, "err_test_cmm_l1": 31.850000381469727, "err_train_cmm_l1": 0.0, "_wandb": {"runtime": 2}}