{"err_test_cavm_l1": 12.819999694824219, "err_test_cmm_l1": 36.64500045776367, "err_train_cavm_l1": 0.0, "err_train_cmm_l1": 0.0, "_timestamp": 1651030999, "_runtime": 106, "_step": 0, "_wandb": {"runtime": 104}}