{"err_test_cavm_l1": 8.274999618530273, "err_test_cmm_l1": 37.95500183105469, "err_train_cavm_l1": 0.0, "err_train_cmm_l1": 0.0, "_timestamp": 1653130820, "_runtime": 6, "_step": 0, "_wandb": {"runtime": 2}}