{"err_test_cavm_l1": 4.675000190734863, "err_test_cmm_l1": 27.225000381469727, "err_train_cavm_l1": 0.0, "err_train_cmm_l1": 0.0, "_timestamp": 1652281655, "_runtime": 6, "_step": 0, "_wandb": {"runtime": 2}}