{"err_test_cavm": 8.604999542236328, "err_test_cmm": 10.005000114440918, "err_train_cavm": 0.0, "err_train_cmm": 0.1996007984031989, "_timestamp": 1649804801, "_runtime": 222, "_step": 1, "err_test_cavm_l1": 1.6100000143051147, "err_test_cmm_l1": 2.9700000286102295, "err_train_cavm_l1": 0.0, "err_train_cmm_l1": 0.0, "_wandb": {"runtime": 219}}