{"err_test_cavm_l1": 28.90999984741211, "err_test_cmm_l1": 37.915000915527344, "err_train_cavm_l1": 0.0, "err_train_cmm_l1": 0.0, "_timestamp": 1653078518, "_runtime": 19, "_step": 0, "_wandb": {"runtime": 3}}