{"err_test_cavm": 32.92499923706055, "err_test_cmm": 31.84000015258789, "err_train_cavm": 2.0, "err_train_cmm": 0.0, "_timestamp": 1651582577, "_runtime": 5, "_step": 1, "err_test_cavm_l1": 0.0, "err_test_cmm_l1": 33.11499786376953, "err_train_cavm_l1": 0.0, "err_train_cmm_l1": 0.0, "_wandb": {"runtime": 2}}