{"err_test_cavm": 3.5149998664855957, "err_test_cmm": 3.7749998569488525, "err_train_cavm": 0.0, "err_train_cmm": 0.0, "_timestamp": 1653662488, "_runtime": 6, "_step": 1, "err_test_cavm_l1": 0.12999999523162842, "err_test_cmm_l1": 0.25, "err_train_cavm_l1": 0.0, "err_train_cmm_l1": 0.0, "_wandb": {"runtime": 3}}