{"err_test_cavm_l1": 0.16499999165534973, "err_test_cmm_l1": 23.029998779296875, "err_train_cavm_l1": 0.0, "err_train_cmm_l1": 0.0, "_timestamp": 1653053397, "_runtime": 10, "_step": 0, "_wandb": {"runtime": 2}}