{"err_test_cmm": 46.83000183105469, "err_train_cmm": 0.0, "_timestamp": 1653555200, "_runtime": 5, "_step": 1, "err_test_cmm_l1": 19.095001220703125, "err_train_cmm_l1": 0.0, "_wandb": {"runtime": 2}}