{"err_test_cmm": 49.154998779296875, "err_train_cmm": 0.0, "_timestamp": 1653573412, "_runtime": 22, "_step": 1, "err_test_cmm_l1": 14.515000343322754, "err_train_cmm_l1": 0.0, "_wandb": {"runtime": 19}}