{"err_test_cavm_l1": 1.909999966621399, "err_test_cmm_l1": 3.615000009536743, "err_train_cavm_l1": 0.0, "err_train_cmm_l1": 0.0, "_timestamp": 1653129981, "_runtime": 4, "_step": 0, "_wandb": {"runtime": 1}}