{"err_test_cavm_l1": 13.914999008178711, "err_test_cmm_l1": 18.099998474121094, "err_train_cavm_l1": 0.0, "err_train_cmm_l1": 0.0, "_timestamp": 1650995822, "_runtime": 105, "_step": 0, "_wandb": {"runtime": 102}}