{"err_test_cavm_l1": 4.470000267028809, "err_test_cmm_l1": 9.460000038146973, "err_train_cavm_l1": 0.0, "err_train_cmm_l1": 0.0, "_timestamp": 1650967226, "_runtime": 58, "_step": 0, "_wandb": {"runtime": 56}}