{"err_test_cavm": 44.76499938964844, "err_test_cmm": 44.71500015258789, "err_train_cavm": 0.0, "err_train_cmm": 0.0, "_timestamp": 1649812009, "_runtime": 78, "_step": 1, "err_test_cavm_l1": 49.96500015258789, "err_test_cmm_l1": 50.1150016784668, "err_train_cavm_l1": 0.0, "err_train_cmm_l1": 0.0, "_wandb": {"runtime": 76}}