{"err_test_cavm": 18.635000228881836, "err_test_cmm": 17.565000534057617, "err_train_cavm": 8.0, "err_train_cmm": 0.0, "_timestamp": 1652261200, "_runtime": 7, "_step": 1, "err_test_cavm_l1": 0.0, "err_test_cmm_l1": 14.094999313354492, "err_train_cavm_l1": 0.0, "err_train_cmm_l1": 0.0, "_wandb": {"runtime": 3}}