{"err_test_cavm": 32.974998474121094, "err_test_cmm": 31.729999542236328, "err_train_cavm": 6.896551609039307, "err_train_cmm": 0.0, "_timestamp": 1652259506, "_runtime": 8, "_step": 1, "err_test_cavm_l1": 0.0, "err_test_cmm_l1": 38.92000198364258, "err_train_cavm_l1": 0.0, "err_train_cmm_l1": 0.0, "_wandb": {"runtime": 3}}