{"err_test_cavm_l1": 3.4149999618530273, "err_test_cmm_l1": 9.595000267028809, "err_train_cavm_l1": 0.0, "err_train_cmm_l1": 0.0, "_timestamp": 1651141283, "_runtime": 111, "_step": 0, "_wandb": {"runtime": 108}}