{"err_test_cmm": 46.720001220703125, "err_train_cmm": 0.0, "_timestamp": 1653571029, "_runtime": 6, "_step": 1, "err_test_cmm_l1": 10.270000457763672, "err_train_cmm_l1": 0.0, "_wandb": {"runtime": 4}}