{"avg_test_c0": 0.4950000047683716, "avg_test_c1": 0.7699999809265137, "avg_test_c2": 2.430000066757202, "avg_test_cmm": 2.325000047683716, "_timestamp": 1649325756, "_runtime": 10, "_step": 0, "_wandb": {"runtime": 7}}