{"err_test_cavm_l1": 26.124998092651367, "err_test_cmm_l1": 48.31500244140625, "err_train_cavm_l1": 0.0, "err_train_cmm_l1": 0.0, "_timestamp": 1652279550, "_runtime": 14, "_step": 0, "_wandb": {"runtime": 10}}