{"err_test_c0": 14.494999885559082, "err_test_c1": 6.65500020980835, "err_test_c2": 6.12999963760376, "err_test_cmm": 10.674999237060547, "err_train_c0": 0.0, "err_train_c1": 0.0, "err_train_c2": 0.0, "err_train_cmm": 0.0, "_timestamp": 1649334364, "_runtime": 12, "_step": 0, "_wandb": {"runtime": 1103}}