{"err_test_cavm": 45.05000305175781, "err_test_cmm": 45.17000198364258, "err_train_cavm": 0.0, "err_train_cmm": 0.0, "_timestamp": 1649788130, "_runtime": 171, "_step": 1, "err_test_cavm_l1": 3.4000000953674316, "err_test_cmm_l1": 6.875, "err_train_cavm_l1": 0.0, "err_train_cmm_l1": 0.0, "_wandb": {"runtime": 168}}