{"err_test_cmm": 17.15999984741211, "err_train_cmm": 0.0, "_timestamp": 1653527452, "_runtime": 4, "_step": 1, "err_test_cmm_l1": 13.0649995803833, "err_train_cmm_l1": 0.0, "_wandb": {"runtime": 1}}