{"err_test_cavm": 3.674999952316284, "err_test_cmm": 5.065000057220459, "err_train_cavm": 2.0, "err_train_cmm": 5.000000000000004, "_timestamp": 1649788784, "_runtime": 114, "_step": 1, "err_test_cavm_l1": 48.97999954223633, "err_test_cmm_l1": 1.1850000619888306, "err_train_cavm_l1": 52.0, "err_train_cmm_l1": 1.0000000000000009, "_wandb": {"runtime": 111}}