{"err_test_cavm": 43.05999755859375, "err_test_cmm": 43.255001068115234, "err_train_cavm": 0.0, "err_train_cmm": 0.0, "_timestamp": 1651247582, "_runtime": 4, "_step": 1, "err_test_cavm_l1": 0.004999999888241291, "err_test_cmm_l1": 50.02499771118164, "err_train_cavm_l1": 0.0, "err_train_cmm_l1": 0.0, "_wandb": {"runtime": 2}}