{"err_test_cavm": 41.220001220703125, "err_test_cmm": 41.62000274658203, "err_train_cavm": 0.0, "err_train_cmm": 0.0, "_timestamp": 1649811923, "_runtime": 82, "_step": 1, "err_test_cavm_l1": 5.215000152587891, "err_test_cmm_l1": 10.795000076293945, "err_train_cavm_l1": 0.0, "err_train_cmm_l1": 0.0, "_wandb": {"runtime": 80}}