{"err_test_cavm": 0.550000011920929, "err_test_cmm": 1.1100000143051147, "err_train_cavm": 0.0, "err_train_cmm": 0.0, "_timestamp": 1653662784, "_runtime": 9, "_step": 1, "err_test_cavm_l1": 0.16499999165534973, "err_test_cmm_l1": 0.23499999940395355, "err_train_cavm_l1": 0.0, "err_train_cmm_l1": 0.0, "_wandb": {"runtime": 6}}