{"err_test_cavm_l1": 31.079998016357422, "err_test_cmm_l1": 38.70500183105469, "err_train_cavm_l1": 0.0, "err_train_cmm_l1": 0.0, "_timestamp": 1651035665, "_runtime": 109, "_step": 0, "_wandb": {"runtime": 108}}