{"err_test_cavm": 38.6400032043457, "err_test_cmm": 37.900001525878906, "err_train_cavm": 1.0, "err_train_cmm": 0.0, "_timestamp": 1651250482, "_runtime": 5, "_step": 1, "err_test_cavm_l1": 0.0, "err_test_cmm_l1": 43.53499984741211, "err_train_cavm_l1": 0.0, "err_train_cmm_l1": 0.0, "_wandb": {"runtime": 2}}