{"err_test_cavm": 47.80500030517578, "err_test_cmm": 47.53000259399414, "err_train_cavm": 0.0, "err_train_cmm": 0.0, "_timestamp": 1652109612, "_runtime": 17, "_step": 1, "err_test_cavm_l1": 50.185001373291016, "err_test_cmm_l1": 50.314998626708984, "err_train_cavm_l1": 0.0, "err_train_cmm_l1": 0.0, "_wandb": {"runtime": 3}}