{"err_test_cavm_l1": 18.114999771118164, "err_test_cmm_l1": 23.885000228881836, "err_train_cavm_l1": 0.0, "err_train_cmm_l1": 0.0, "_timestamp": 1650999564, "_runtime": 95, "_step": 0, "_wandb": {"runtime": 91}}