{"err_test_cmm": 49.29999923706055, "err_train_cmm": 0.0, "_timestamp": 1653572691, "_runtime": 54, "_step": 1, "err_test_cmm_l1": 18.655000686645508, "err_train_cmm_l1": 0.0, "_wandb": {"runtime": 50}}