{"err_test_cavm_l1": 49.5099983215332, "err_test_cmm_l1": 25.459999084472656, "err_train_cavm_l1": 50.15812683105469, "err_train_cmm_l1": 9.297912713472488, "_timestamp": 1650997302, "_runtime": 206, "_step": 0, "_wandb": {"runtime": 203}}