{"err_test_cavm_l1": 36.880001068115234, "err_test_cmm_l1": 43.56999969482422, "err_train_cavm_l1": 9.523809432983398, "err_train_cmm_l1": 0.0, "_timestamp": 1651851514, "_runtime": 4, "_step": 0, "_wandb": {"runtime": 2}}