{"err_test_cavm": 27.05000114440918, "err_test_cmm": 22.994998931884766, "err_train_cavm": 7.56302547454834, "err_train_cmm": 0.0, "_timestamp": 1651667790, "_runtime": 4, "_step": 1, "err_test_cavm_l1": 35.64500045776367, "err_test_cmm_l1": 22.06999969482422, "err_train_cavm_l1": 29.411766052246094, "err_train_cmm_l1": 0.0, "_wandb": {"runtime": 2}}