{"err_test_cavm": 17.114999771118164, "err_test_cmm": 8.855000495910645, "err_train_cavm": 9.980039596557617, "err_train_cmm": 0.0, "_timestamp": 1651667865, "_runtime": 5, "_step": 1, "err_test_cavm_l1": 35.22500228881836, "err_test_cmm_l1": 8.065000534057617, "err_train_cavm_l1": 32.13572692871094, "err_train_cmm_l1": 0.0, "_wandb": {"runtime": 2}}