{"err_test_cmm": 38.64500045776367, "err_train_cmm": 0.0, "_timestamp": 1653521934, "_runtime": 4, "_step": 1, "err_test_cmm_l1": 32.685001373291016, "err_train_cmm_l1": 0.0, "_wandb": {"runtime": 1}}