{"err_test_cavm_l1": 4.050000190734863, "err_test_cmm_l1": 31.729999542236328, "err_train_cavm_l1": 2.0, "err_train_cmm_l1": 0.0, "_timestamp": 1651851379, "_runtime": 4, "_step": 0, "_wandb": {"runtime": 2}}