{"err_test_cavm_l1": 0.6550000309944153, "err_test_cmm_l1": 40.52000045776367, "err_train_cavm_l1": 0.0, "err_train_cmm_l1": 0.0, "_timestamp": 1653053447, "_runtime": 21, "_step": 0, "_wandb": {"runtime": 2}}