{"err_test_cavm_l1": 35.28499984741211, "err_test_cmm_l1": 49.744998931884766, "err_train_cavm_l1": 0.0, "err_train_cmm_l1": 0.0, "_timestamp": 1651836560, "_runtime": 4, "_step": 0, "_wandb": {"runtime": 1}}