{"err_test_cavm_l1": 1.6349998712539673, "err_test_cmm_l1": 16.15999984741211, "err_train_cavm_l1": 0.9302325248718262, "err_train_cmm_l1": 0.0, "_timestamp": 1651851367, "_runtime": 5, "_step": 0, "_wandb": {"runtime": 2}}