{"err_test_cavm": 48.09000015258789, "err_test_cmm": 47.9900016784668, "err_train_cavm": 0.0, "err_train_cmm": 0.0, "_timestamp": 1651151793, "_runtime": 4, "_step": 1, "err_test_cavm_l1": 50.33000183105469, "err_test_cmm_l1": 49.70499801635742, "err_train_cavm_l1": 10.0, "err_train_cmm_l1": 0.0, "_wandb": {"runtime": 2}}