{"err_test_cmm": 26.159997940063477, "err_train_cmm": 0.0, "_timestamp": 1653565708, "_runtime": 10, "_step": 1, "err_test_cmm_l1": 3.510000228881836, "err_train_cmm_l1": 0.0, "_wandb": {"runtime": 7}}