{"err_test_cmm": 46.23500061035156, "err_train_cmm": 0.0, "_timestamp": 1653554928, "_runtime": 5, "_step": 1, "err_test_cmm_l1": 12.700000762939453, "err_train_cmm_l1": 0.0, "_wandb": {"runtime": 2}}