{"err_test_cavm": 35.869998931884766, "err_test_cmm": 35.98999786376953, "err_train_cavm": 2.0, "err_train_cmm": 0.0, "_timestamp": 1651583887, "_runtime": 5, "_step": 1, "err_test_cavm_l1": 0.0, "err_test_cmm_l1": 48.30500030517578, "err_train_cavm_l1": 0.0, "err_train_cmm_l1": 0.0, "_wandb": {"runtime": 1}}