{"err_test_cavm_l1": 50.19000244140625, "err_test_cmm_l1": 40.84000015258789, "err_train_cavm_l1": 0.0, "err_train_cmm_l1": 0.0, "_timestamp": 1653668164, "_runtime": 14, "_step": 0, "_wandb": {"runtime": 5}}