{"err_test_cavm": 45.60499954223633, "err_test_cmm": 45.59000015258789, "err_train_cavm": 0.0, "err_train_cmm": 0.0, "_timestamp": 1651657001, "_runtime": 8, "_step": 1, "err_test_cavm_l1": 45.60499954223633, "err_test_cmm_l1": 49.7599983215332, "err_train_cavm_l1": 0.0, "err_train_cmm_l1": 0.0, "_wandb": {"runtime": 4}}