{"err_test_cavm": 44.28499984741211, "err_test_cmm": 44.42000198364258, "err_train_cavm": 0.0, "err_train_cmm": 0.0, "_timestamp": 1652880781, "_runtime": 3, "_step": 1, "err_test_cavm_l1": 0.0, "err_test_cmm_l1": 49.90999984741211, "err_train_cavm_l1": 0.0, "err_train_cmm_l1": 0.0, "_wandb": {"runtime": 1}}