{"err_test_cavm": 16.864999771118164, "err_test_cmm": 6.12999963760376, "err_train_cavm": 7.0, "err_train_cmm": 0.0, "_timestamp": 1651583591, "_runtime": 4, "_step": 1, "err_test_cavm_l1": 0.0, "err_test_cmm_l1": 3.2249999046325684, "err_train_cavm_l1": 0.0, "err_train_cmm_l1": 0.0, "_wandb": {"runtime": 2}}