{"err_test_cavm_l1": 28.705001831054688, "err_test_cmm_l1": 33.21500015258789, "err_train_cavm_l1": 0.0, "err_train_cmm_l1": 0.0, "_timestamp": 1651004549, "_runtime": 106, "_step": 0, "_wandb": {"runtime": 103}}