{"err_test_cmm": 41.40500259399414, "err_train_cmm": 0.0, "_timestamp": 1653571721, "_runtime": 5, "_step": 1, "err_test_cmm_l1": 8.225000381469727, "err_train_cmm_l1": 0.0, "_wandb": {"runtime": 2}}