{"err_test_cmm": 49.56999969482422, "err_train_cmm": 0.0, "_timestamp": 1653527189, "_runtime": 6, "_step": 1, "err_test_cmm_l1": 49.8849983215332, "err_train_cmm_l1": 0.0, "_wandb": {"runtime": 3}}