{"err_test_cavm": 29.954999923706055, "err_test_cmm": 22.395000457763672, "err_train_cavm": 8.0, "err_train_cmm": 0.0, "_timestamp": 1651249025, "_runtime": 5, "_step": 1, "err_test_cavm_l1": 0.0, "err_test_cmm_l1": 6.404999732971191, "err_train_cavm_l1": 0.0, "err_train_cmm_l1": 0.0, "_wandb": {"runtime": 2}}