{"err_test_cavm": 12.604999542236328, "err_test_cmm": 3.5250000953674316, "err_train_cavm": 11.0, "err_train_cmm": 0.0, "_timestamp": 1652880752, "_runtime": 3, "_step": 1, "err_test_cavm_l1": 0.0, "err_test_cmm_l1": 1.6150000095367432, "err_train_cavm_l1": 0.0, "err_train_cmm_l1": 0.0, "_wandb": {"runtime": 1}}