{"err_test_cmm": 47.04500198364258, "err_train_cmm": 0.0, "_timestamp": 1653566250, "_runtime": 6, "_step": 1, "err_test_cmm_l1": 49.9900016784668, "err_train_cmm_l1": 0.0, "_wandb": {"runtime": 2}}