{"err_test_cavm": 17.2549991607666, "err_test_cmm": 10.380000114440918, "err_train_cavm": 12.0, "err_train_cmm": 0.0, "_timestamp": 1651588386, "_runtime": 4, "_step": 1, "err_test_cavm_l1": 0.0, "err_test_cmm_l1": 3.929999828338623, "err_train_cavm_l1": 0.0, "err_train_cmm_l1": 0.0, "_wandb": {"runtime": 1}}