{"err_test_cavm": 21.90999984741211, "err_test_cmm": 17.64000129699707, "err_train_cavm": 7.0, "err_train_cmm": 0.0, "_timestamp": 1651250142, "_runtime": 4, "_step": 1, "err_test_cavm_l1": 0.0, "err_test_cmm_l1": 11.449999809265137, "err_train_cavm_l1": 0.0, "err_train_cmm_l1": 0.0, "_wandb": {"runtime": 2}}