{"err_test_cavm_l1": 49.85499954223633, "err_test_cmm_l1": 49.994998931884766, "err_train_cavm_l1": 0.0, "err_train_cmm_l1": 0.0, "_timestamp": 1651665784, "_runtime": 4, "_step": 0, "_wandb": {"runtime": 1}}