{"err_test_cavm_l1": 31.905000686645508, "err_test_cmm_l1": 40.26499938964844, "err_train_cavm_l1": 15.217391014099121, "err_train_cmm_l1": 0.0, "_timestamp": 1651851502, "_runtime": 4, "_step": 0, "_wandb": {"runtime": 2}}