{"err_test_cavm": 37.209999084472656, "err_test_cmm": 0.0, "err_train_cavm": 41.0, "err_train_cmm": 0.0, "_timestamp": 1653048506, "_runtime": 9, "_step": 1, "err_test_cavm_l1": 50.36000061035156, "err_test_cmm_l1": 21.145000457763672, "err_train_cavm_l1": 52.0, "err_train_cmm_l1": 0.0, "_wandb": {"runtime": 2}}