{"err_test_cavm": 29.624998092651367, "err_test_cmm": 30.309999465942383, "err_train_cavm": 0.0, "err_train_cmm": 0.0, "_timestamp": 1649838984, "_runtime": 202, "_step": 1, "err_test_cavm_l1": 3.2850000858306885, "err_test_cmm_l1": 7.190000057220459, "err_train_cavm_l1": 0.0, "err_train_cmm_l1": 0.0, "_wandb": {"runtime": 200}}