{"err_test_cavm": 0.5099999904632568, "err_test_cmm": 1.2649999856948853, "err_train_cavm": 0.0, "err_train_cmm": 0.0, "_timestamp": 1653663810, "_runtime": 8, "_step": 1, "err_test_cavm_l1": 1.65500009059906, "err_test_cmm_l1": 0.3100000023841858, "err_train_cavm_l1": 0.0, "err_train_cmm_l1": 0.0, "_wandb": {"runtime": 6}}