{"err_test_cavm_l1": 1.4000000953674316, "err_test_cmm_l1": 17.270000457763672, "err_train_cavm_l1": 0.0, "err_train_cmm_l1": 0.0, "_timestamp": 1653135406, "_runtime": 6, "_step": 0, "_wandb": {"runtime": 2}}