{"err_test_cavm": 14.084999084472656, "err_test_cmm": 6.340000152587891, "err_train_cavm": 8.0, "err_train_cmm": 0.0, "_timestamp": 1651252069, "_runtime": 6, "_step": 1, "err_test_cavm_l1": 0.0, "err_test_cmm_l1": 2.2899999618530273, "err_train_cavm_l1": 0.0, "err_train_cmm_l1": 0.0, "_wandb": {"runtime": 2}}