{"err_test_cavm": 39.34000015258789, "err_test_cmm": 40.814998626708984, "err_train_cavm": 0.0, "err_train_cmm": 0.0, "_timestamp": 1651668105, "_runtime": 4, "_step": 1, "err_test_cavm_l1": 49.959999084472656, "err_test_cmm_l1": 48.79999923706055, "err_train_cavm_l1": 38.46154022216797, "err_train_cmm_l1": 0.0, "_wandb": {"runtime": 2}}