{"err_test_cavm_l1": 2.0250000953674316, "err_test_cmm_l1": 5.460000038146973, "err_train_cavm_l1": 0.0, "err_train_cmm_l1": 0.0, "_timestamp": 1650474642, "_runtime": 198, "_step": 0, "_wandb": {"runtime": 174}}