{"err_test_cavm_l1": 35.40500259399414, "err_test_cmm_l1": 49.79999923706055, "err_train_cavm_l1": 0.0, "err_train_cmm_l1": 0.0, "_timestamp": 1651830546, "_runtime": 5, "_step": 0, "_wandb": {"runtime": 2}}