{"err_test_cavm": 41.01499938964844, "err_test_cmm": 40.994998931884766, "err_train_cavm": 1.0, "err_train_cmm": 0.0, "_timestamp": 1651587446, "_runtime": 4, "_step": 1, "err_test_cavm_l1": 0.0, "err_test_cmm_l1": 42.849998474121094, "err_train_cavm_l1": 0.0, "err_train_cmm_l1": 0.0, "_wandb": {"runtime": 2}}