{"err_test_cmm": 45.55999755859375, "err_train_cmm": 0.0, "_timestamp": 1653585498, "_runtime": 6, "_step": 1, "err_test_cmm_l1": 32.31999969482422, "err_train_cmm_l1": 0.0, "_wandb": {"runtime": 3}}