{"err_test_cmm": 45.87999725341797, "err_train_cmm": 0.0, "_timestamp": 1653527077, "_runtime": 3, "_step": 1, "err_test_cmm_l1": 32.01499938964844, "err_train_cmm_l1": 0.0, "_wandb": {"runtime": 1}}