{"err_test_cavm": 15.620000839233398, "err_test_cmm": 1.2400000095367432, "err_train_cavm": 0.0, "err_train_cmm": 0.0, "_timestamp": 1653608045, "_runtime": 22, "_step": 1, "err_test_cavm_l1": 1.7599999904632568, "err_test_cmm_l1": 0.5849999785423279, "err_train_cavm_l1": 0.0, "err_train_cmm_l1": 0.0, "_wandb": {"runtime": 19}}