{"err_test_cavm": 47.03499984741211, "err_test_cmm": 47.310001373291016, "err_train_cavm": 0.0, "err_train_cmm": 0.0, "_timestamp": 1653669347, "_runtime": 5, "_step": 1, "err_test_cavm_l1": 49.54999923706055, "err_test_cmm_l1": 50.03499984741211, "err_train_cavm_l1": 0.0, "err_train_cmm_l1": 0.0, "_wandb": {"runtime": 2}}