{"err_test_cavm": 24.6299991607666, "err_test_cmm": 21.604999542236328, "err_train_cavm": 7.0, "err_train_cmm": 0.0, "_timestamp": 1651585025, "_runtime": 4, "_step": 1, "err_test_cavm_l1": 0.0, "err_test_cmm_l1": 16.985000610351562, "err_train_cavm_l1": 0.0, "err_train_cmm_l1": 0.0, "_wandb": {"runtime": 2}}