{"err_test_cavm": 29.565000534057617, "err_test_cmm": 27.669998168945312, "err_train_cavm": 7.0, "err_train_cmm": 0.0, "_timestamp": 1651251373, "_runtime": 5, "_step": 1, "err_test_cavm_l1": 0.0, "err_test_cmm_l1": 21.084999084472656, "err_train_cavm_l1": 0.0, "err_train_cmm_l1": 0.0, "_wandb": {"runtime": 1}}