{"err_test_cavm_l1": 6.750000476837158, "err_test_cmm_l1": 33.37999725341797, "err_train_cavm_l1": 0.0, "err_train_cmm_l1": 0.0, "_timestamp": 1651025855, "_runtime": 106, "_step": 0, "_wandb": {"runtime": 104}}