{"err_test_cavm": 0.17000000178813934, "err_test_cmm": 0.4000000059604645, "err_train_cavm": 0.0, "err_train_cmm": 0.0, "_timestamp": 1653663768, "_runtime": 82, "_step": 1, "err_test_cavm_l1": 0.23000000417232513, "err_test_cmm_l1": 0.26499998569488525, "err_train_cavm_l1": 0.0, "err_train_cmm_l1": 0.0, "_wandb": {"runtime": 78}}