{"err_test_cavm_l1": 28.810001373291016, "err_test_cmm_l1": 32.73500061035156, "err_train_cavm_l1": 0.0, "err_train_cmm_l1": 0.0, "_timestamp": 1651003678, "_runtime": 104, "_step": 0, "_wandb": {"runtime": 101}}