{"err_test_cavm_l1": 2.6599998474121094, "err_test_cmm_l1": 16.69999885559082, "err_train_cavm_l1": 0.0, "err_train_cmm_l1": 0.0, "_timestamp": 1653607102, "_runtime": 6, "_step": 0, "_wandb": {"runtime": 3}}