{"err_test_cavm": 46.90999984741211, "err_test_cmm": 47.040000915527344, "err_train_cavm": 0.0, "err_train_cmm": 0.0, "_timestamp": 1651587124, "_runtime": 6, "_step": 1, "err_test_cavm_l1": 0.0, "err_test_cmm_l1": 49.34000015258789, "err_train_cavm_l1": 0.0, "err_train_cmm_l1": 0.0, "_wandb": {"runtime": 3}}