{"err_test_cavm": 0.4449999928474426, "err_test_cmm": 0.9449999928474426, "err_train_cavm": 0.0, "err_train_cmm": 0.0, "_timestamp": 1653662626, "_runtime": 7, "_step": 1, "err_test_cavm_l1": 0.10999999940395355, "err_test_cmm_l1": 0.15000000596046448, "err_train_cavm_l1": 0.0, "err_train_cmm_l1": 0.0, "_wandb": {"runtime": 5}}