{"err_test_cavm_l1": 2.7950000762939453, "err_test_cmm_l1": 44.1150016784668, "err_train_cavm_l1": 0.0, "err_train_cmm_l1": 0.0, "_timestamp": 1653130054, "_runtime": 3, "_step": 0, "_wandb": {"runtime": 1}}