{"err_test_cmm": 48.14500045776367, "err_train_cmm": 0.0, "_timestamp": 1653571413, "_runtime": 11, "_step": 1, "err_test_cmm_l1": 9.28499984741211, "err_train_cmm_l1": 0.0, "_wandb": {"runtime": 7}}