{"err_test_cavm_l1": 2.8000001907348633, "err_test_cmm_l1": 7.28000020980835, "err_train_cavm_l1": 0.0, "err_train_cmm_l1": 0.0, "_timestamp": 1651144704, "_runtime": 107, "_step": 0, "_wandb": {"runtime": 104}}