{"err_test_cavm": 11.770000457763672, "err_test_cmm": 13.054999351501465, "err_train_cavm": 5.0, "err_train_cmm": 0.0, "_timestamp": 1651587514, "_runtime": 3, "_step": 1, "err_test_cavm_l1": 0.0, "err_test_cmm_l1": 7.689999580383301, "err_train_cavm_l1": 0.0, "err_train_cmm_l1": 0.0, "_wandb": {"runtime": 2}}