{"err_test_cavm_l1": 13.47499942779541, "err_test_cmm_l1": 30.149999618530273, "err_train_cavm_l1": 0.0, "err_train_cmm_l1": 0.0, "_timestamp": 1651022604, "_runtime": 115, "_step": 0, "_wandb": {"runtime": 112}}