{"err_test_c0": 45.53499984741211, "err_test_c1": 45.53499984741211, "err_test_c2": 45.53499984741211, "err_test_cmm": 45.42499923706055, "err_train_c0": 0.0, "err_train_c1": 0.0, "err_train_c2": 0.0, "err_train_cmm": 0.0, "_timestamp": 1649524524, "_runtime": 116629, "_step": 1, "err_test_c0_l1": 100.0, "err_test_c1_l1": 100.0, "err_test_c2_l1": 100.0, "err_test_cmm_l1": 6.380000114440918, "err_train_c0_l1": 100.0, "err_train_c1_l1": 100.0, "err_train_c2_l1": 100.0, "err_train_cmm_l1": 0.0, "_wandb": {"runtime": 116624}}