{"err_test_cavm": 14.669999122619629, "err_test_cmm": 7.069999694824219, "err_train_cavm": 14.0, "err_train_cmm": 0.0, "_timestamp": 1651249282, "_runtime": 5, "_step": 1, "err_test_cavm_l1": 0.0, "err_test_cmm_l1": 4.105000019073486, "err_train_cavm_l1": 0.0, "err_train_cmm_l1": 0.0, "_wandb": {"runtime": 2}}