{"err_test_cavm": 18.915000915527344, "err_test_cmm": 18.55500030517578, "err_train_cavm": 9.016392707824707, "err_train_cmm": 0.0, "_timestamp": 1652187456, "_runtime": 6, "_step": 1, "err_test_cavm_l1": 0.0, "err_test_cmm_l1": 10.824999809265137, "err_train_cavm_l1": 0.0, "err_train_cmm_l1": 0.0, "_wandb": {"runtime": 2}}