{"err_test_cavm_l1": 3.765000104904175, "err_test_cmm_l1": 8.569999694824219, "err_train_cavm_l1": 0.0, "err_train_cmm_l1": 0.0, "_timestamp": 1650964308, "_runtime": 63, "_step": 0, "_wandb": {"runtime": 61}}