{"err_test_cmm": 27.21500015258789, "err_train_cmm": 0.0, "_timestamp": 1653571160, "_runtime": 4, "_step": 1, "err_test_cmm_l1": 8.095000267028809, "err_train_cmm_l1": 0.0, "_wandb": {"runtime": 2}}