{"err_test_cavm_l1": 49.654998779296875, "err_test_cmm_l1": 27.170000076293945, "err_train_cavm_l1": 0.0, "err_train_cmm_l1": 0.0, "_timestamp": 1652282583, "_runtime": 10, "_step": 0, "_wandb": {"runtime": 3}}