{"avg_test_c0": 0.9900000095367432, "avg_test_c1": 1.034999966621399, "avg_test_c2": 1.8700000047683716, "avg_test_cmm": 1.6799999475479126, "_timestamp": 1649326103, "_runtime": 10, "_step": 0, "_wandb": {"runtime": 7}}