{"err_test_cavm": 17.170000076293945, "err_test_cmm": 12.399999618530273, "err_train_cavm": 7.0, "err_train_cmm": 0.0, "_timestamp": 1651249811, "_runtime": 5, "_step": 1, "err_test_cavm_l1": 0.0, "err_test_cmm_l1": 8.730000495910645, "err_train_cavm_l1": 0.0, "err_train_cmm_l1": 0.0, "_wandb": {"runtime": 2}}