{"err_test_cavm_l1": 1.3650000095367432, "err_test_cmm_l1": 4.380000114440918, "err_train_cavm_l1": 0.0, "err_train_cmm_l1": 0.0, "_timestamp": 1650973448, "_runtime": 105, "_step": 0, "_wandb": {"runtime": 103}}