{"err_test_cavm": 45.5099983215332, "err_test_cmm": 45.47999954223633, "err_train_cavm": 0.0, "err_train_cmm": 0.0, "_timestamp": 1649830562, "_runtime": 97, "_step": 1, "err_test_cavm_l1": 10.0649995803833, "err_test_cmm_l1": 20.795000076293945, "err_train_cavm_l1": 0.0, "err_train_cmm_l1": 0.0, "_wandb": {"runtime": 95}}