{"err_test_cmm": 15.264999389648438, "err_train_cmm": 0.0, "_timestamp": 1653524911, "_runtime": 8, "_step": 1, "err_test_cmm_l1": 9.300000190734863, "err_train_cmm_l1": 0.0, "_wandb": {"runtime": 5}}