{"err_test_cavm_l1": 0.14000000059604645, "err_test_cmm_l1": 6.599999904632568, "err_train_cavm_l1": 0.0, "err_train_cmm_l1": 0.0, "_timestamp": 1653607191, "_runtime": 10, "_step": 0, "_wandb": {"runtime": 7}}