{"err_test_cavm": 46.85499954223633, "err_test_cmm": 46.630001068115234, "err_train_cavm": 0.0, "err_train_cmm": 0.0, "_timestamp": 1651252423, "_runtime": 8, "_step": 1, "err_test_cavm_l1": 0.0, "err_test_cmm_l1": 37.14500045776367, "err_train_cavm_l1": 0.0, "err_train_cmm_l1": 0.0, "_wandb": {"runtime": 4}}