{"err_test_cavm_l1": 1.0150001049041748, "err_test_cmm_l1": 3.1050000190734863, "err_train_cavm_l1": 0.0, "err_train_cmm_l1": 0.0, "_timestamp": 1650976174, "_runtime": 119, "_step": 0, "_wandb": {"runtime": 116}}