{"err_test_cavm_l1": 0.9750000238418579, "err_test_cmm_l1": 5.059999942779541, "err_train_cavm_l1": 0.20000000298023224, "err_train_cmm_l1": 0.0, "_timestamp": 1651829349, "_runtime": 7, "_step": 0, "_wandb": {"runtime": 4}}