{"err_test_cavm_l1": 4.235000133514404, "err_test_cmm_l1": 29.655000686645508, "err_train_cavm_l1": 0.0, "err_train_cmm_l1": 0.0, "_timestamp": 1652281956, "_runtime": 9, "_step": 0, "_wandb": {"runtime": 2}}