{"err_test_cavm": 14.494999885559082, "err_test_cmm": 0.0, "err_train_cavm": 17.0, "err_train_cmm": 0.0, "_timestamp": 1653048303, "_runtime": 11, "_step": 1, "err_test_cavm_l1": 50.089996337890625, "err_test_cmm_l1": 49.2599983215332, "err_train_cavm_l1": 56.0, "err_train_cmm_l1": 0.0, "_wandb": {"runtime": 5}}