{"err_test_cavm": 0.5799999833106995, "err_test_cmm": 1.090000033378601, "err_train_cavm": 0.0, "err_train_cmm": 0.0, "_timestamp": 1653662475, "_runtime": 8, "_step": 1, "err_test_cavm_l1": 0.15000000596046448, "err_test_cmm_l1": 0.17999999225139618, "err_train_cavm_l1": 0.0, "err_train_cmm_l1": 0.0, "_wandb": {"runtime": 5}}