{"err_test_cavm": 43.244998931884766, "err_test_cmm": 42.79999923706055, "err_train_cavm": 0.0, "err_train_cmm": 0.0, "_timestamp": 1651588333, "_runtime": 4, "_step": 1, "err_test_cavm_l1": 0.0, "err_test_cmm_l1": 49.44499969482422, "err_train_cavm_l1": 0.0, "err_train_cmm_l1": 0.0, "_wandb": {"runtime": 2}}