{"err_test_cavm_l1": 0.06499999761581421, "err_test_cmm_l1": 0.07500000298023224, "err_train_cavm_l1": 1.0, "err_train_cmm_l1": 0.0, "_timestamp": 1653134161, "_runtime": 7, "_step": 0, "_wandb": {"runtime": 2}}