{"err_test_cavm": 39.869998931884766, "err_test_cmm": 39.78499984741211, "err_train_cavm": 0.0, "err_train_cmm": 0.0, "_timestamp": 1649814559, "_runtime": 84, "_step": 1, "err_test_cavm_l1": 11.670000076293945, "err_test_cmm_l1": 14.069999694824219, "err_train_cavm_l1": 0.0, "err_train_cmm_l1": 0.0, "_wandb": {"runtime": 83}}