{"err_test_cmm": 37.334999084472656, "err_train_cmm": 0.0, "_timestamp": 1653573918, "_runtime": 4, "_step": 1, "err_test_cmm_l1": 19.235000610351562, "err_train_cmm_l1": 0.0, "_wandb": {"runtime": 2}}