{"err_test_cavm": 45.35499954223633, "err_test_cmm": 45.15999984741211, "err_train_cavm": 0.0, "err_train_cmm": 0.0, "_timestamp": 1651582500, "_runtime": 4, "_step": 1, "err_test_cavm_l1": 0.0, "err_test_cmm_l1": 49.709999084472656, "err_train_cavm_l1": 0.0, "err_train_cmm_l1": 0.0, "_wandb": {"runtime": 3}}