{"err_test_cmm": 45.91499710083008, "err_train_cmm": 0.0, "_timestamp": 1653525473, "_runtime": 3, "_step": 1, "err_test_cmm_l1": 50.410003662109375, "err_train_cmm_l1": 0.0, "_wandb": {"runtime": 1}}