{"err_test_cavm_l1": 11.514999389648438, "err_test_cmm_l1": 14.475000381469727, "err_train_cavm_l1": 0.0, "err_train_cmm_l1": 0.0, "_timestamp": 1650980783, "_runtime": 110, "_step": 0, "_wandb": {"runtime": 106}}