{"err_test_cavm": 43.97999954223633, "err_test_cmm": 44.06999969482422, "err_train_cavm": 0.0, "err_train_cmm": 0.0, "_timestamp": 1649813870, "_runtime": 79, "_step": 1, "err_test_cavm_l1": 49.53499984741211, "err_test_cmm_l1": 49.45000076293945, "err_train_cavm_l1": 0.0, "err_train_cmm_l1": 0.0, "_wandb": {"runtime": 77}}