{"err_test_cavm_l1": 7.389999866485596, "err_test_cmm_l1": 43.30500030517578, "err_train_cavm_l1": 4.0, "err_train_cmm_l1": 0.0, "_timestamp": 1652274002, "_runtime": 9, "_step": 0, "_wandb": {"runtime": 3}}