{"err_test_cavm": 46.84000015258789, "err_test_cmm": 46.85499954223633, "err_train_cavm": 0.0, "err_train_cmm": 0.0, "_timestamp": 1649786904, "_runtime": 183, "_step": 1, "err_test_cavm_l1": 4.010000228881836, "err_test_cmm_l1": 7.204999923706055, "err_train_cavm_l1": 0.0, "err_train_cmm_l1": 0.0, "_wandb": {"runtime": 180}}