{"err_test_cavm_l1": 49.55500030517578, "err_test_cmm_l1": 50.6150016784668, "err_train_cavm_l1": 0.0, "err_train_cmm_l1": 0.0, "_timestamp": 1653128039, "_runtime": 32, "_step": 0, "_wandb": {"runtime": 29}}