{"err_test_cmm": 47.31999969482422, "err_train_cmm": 0.0, "_timestamp": 1653571228, "_runtime": 9, "_step": 1, "err_test_cmm_l1": 8.77500057220459, "err_train_cmm_l1": 0.0, "_wandb": {"runtime": 7}}