{"err_test_cavm_l1": 27.235000610351562, "err_test_cmm_l1": 38.43000030517578, "err_train_cavm_l1": 0.0, "err_train_cmm_l1": 0.0, "_timestamp": 1651032816, "_runtime": 115, "_step": 0, "_wandb": {"runtime": 112}}