{"err_test_cmm": 49.07500076293945, "err_train_cmm": 0.0, "_timestamp": 1653585788, "_runtime": 25, "_step": 1, "err_test_cmm_l1": 30.81999969482422, "err_train_cmm_l1": 0.0, "_wandb": {"runtime": 21}}