{"err_test_cavm": 47.2400016784668, "err_test_cmm": 47.31999969482422, "err_train_cavm": 0.0, "err_train_cmm": 0.0, "_timestamp": 1652261800, "_runtime": 11, "_step": 1, "err_test_cavm_l1": 0.0, "err_test_cmm_l1": 49.96500015258789, "err_train_cavm_l1": 0.0, "err_train_cmm_l1": 0.0, "_wandb": {"runtime": 7}}