{"err_test_cavm_l1": 0.32999998331069946, "err_test_cmm_l1": 1.559999942779541, "err_train_cavm_l1": 0.0, "err_train_cmm_l1": 0.0, "_timestamp": 1650894611, "_runtime": 3028, "_step": 0, "_wandb": {"runtime": 3024}}