{"err_test_cmm": 49.880001068115234, "err_train_cmm": 0.0, "_timestamp": 1653585188, "_runtime": 85, "_step": 1, "err_test_cmm_l1": 32.86499786376953, "err_train_cmm_l1": 0.0, "_wandb": {"runtime": 81}}