{"err_test_cavm_l1": 24.91499900817871, "err_test_cmm_l1": 39.244998931884766, "err_train_cavm_l1": 8.69565200805664, "err_train_cmm_l1": 0.0, "_timestamp": 1651851129, "_runtime": 5, "_step": 0, "_wandb": {"runtime": 2}}