{"err_test_cmm": 72.8550033569336, "err_train_cmm": 100.0, "_timestamp": 1653565129, "_runtime": 9, "_step": 1, "err_test_cmm_l1": 95.68499755859375, "err_train_cmm_l1": 100.0, "_wandb": {"runtime": 7}}