{"err_test_cavm_l1": 31.115001678466797, "err_test_cmm_l1": 43.73500061035156, "err_train_cavm_l1": 0.0, "err_train_cmm_l1": 0.0, "_timestamp": 1651036963, "_runtime": 104, "_step": 0, "_wandb": {"runtime": 101}}