{"err_test_cavm": 40.28499984741211, "err_test_cmm": 40.084999084472656, "err_train_cavm": 0.0, "err_train_cmm": 0.0, "_timestamp": 1651582951, "_runtime": 4, "_step": 1, "err_test_cavm_l1": 0.0, "err_test_cmm_l1": 43.05500030517578, "err_train_cavm_l1": 0.0, "err_train_cmm_l1": 0.0, "_wandb": {"runtime": 2}}