{"err_test_cavm_l1": 16.08500099182129, "err_test_cmm_l1": 21.389999389648438, "err_train_cavm_l1": 0.0, "err_train_cmm_l1": 0.0, "_timestamp": 1650993093, "_runtime": 92, "_step": 0, "_wandb": {"runtime": 90}}