{"err_test_cavm_l1": 0.949999988079071, "err_test_cmm_l1": 26.85999870300293, "err_train_cavm_l1": 0.0, "err_train_cmm_l1": 0.0, "_timestamp": 1653135184, "_runtime": 6, "_step": 0, "_wandb": {"runtime": 2}}