{"err_test_cavm_l1": 0.42500001192092896, "err_test_cmm_l1": 1.3949999809265137, "err_train_cavm_l1": 0.0, "err_train_cmm_l1": 0.0, "_timestamp": 1650111602, "_runtime": 3559, "_step": 0, "_wandb": {"runtime": 3550}}