{"err_test_cavm": 40.93000030517578, "err_test_cmm": 41.22999954223633, "err_train_cavm": 0.0, "err_train_cmm": 0.0, "_timestamp": 1651251574, "_runtime": 5, "_step": 1, "err_test_cavm_l1": 0.0, "err_test_cmm_l1": 22.110000610351562, "err_train_cavm_l1": 0.0, "err_train_cmm_l1": 0.0, "_wandb": {"runtime": 2}}