{"err_test_cavm": 24.889999389648438, "err_test_cmm": 14.40999984741211, "err_train_cavm": 4.0, "err_train_cmm": 0.0, "_timestamp": 1651588398, "_runtime": 4, "_step": 1, "err_test_cavm_l1": 0.0, "err_test_cmm_l1": 9.039999961853027, "err_train_cavm_l1": 0.0, "err_train_cmm_l1": 0.0, "_wandb": {"runtime": 2}}