{"err_test_cavm": 23.01999855041504, "err_test_cmm": 15.170000076293945, "err_train_cavm": 12.704917907714844, "err_train_cmm": 0.0, "_timestamp": 1651668057, "_runtime": 4, "_step": 1, "err_test_cavm_l1": 35.03000259399414, "err_test_cmm_l1": 15.870000839233398, "err_train_cavm_l1": 33.6065559387207, "err_train_cmm_l1": 0.0, "_wandb": {"runtime": 2}}