{"err_test_cavm": 37.67499923706055, "err_test_cmm": 36.974998474121094, "err_train_cavm": 2.0, "err_train_cmm": 0.0, "_timestamp": 1651584800, "_runtime": 5, "_step": 1, "err_test_cavm_l1": 0.0, "err_test_cmm_l1": 34.189998626708984, "err_train_cavm_l1": 0.0, "err_train_cmm_l1": 0.0, "_wandb": {"runtime": 2}}