{"err_test_cavm": 37.935001373291016, "err_test_cmm": 36.869998931884766, "err_train_cavm": 1.0, "err_train_cmm": 0.0, "_timestamp": 1651587560, "_runtime": 4, "_step": 1, "err_test_cavm_l1": 0.0, "err_test_cmm_l1": 41.47999954223633, "err_train_cavm_l1": 0.0, "err_train_cmm_l1": 0.0, "_wandb": {"runtime": 2}}