{"err_test_cavm_l1": 2.1600000858306885, "err_test_cmm_l1": 4.960000038146973, "err_train_cavm_l1": 0.0, "err_train_cmm_l1": 0.0, "_timestamp": 1650976514, "_runtime": 100, "_step": 0, "_wandb": {"runtime": 98}}