{"err_test_cavm": 45.71500015258789, "err_test_cmm": 45.54499816894531, "err_train_cavm": 0.0, "err_train_cmm": 0.0, "_timestamp": 1651247594, "_runtime": 4, "_step": 1, "err_test_cavm_l1": 0.0, "err_test_cmm_l1": 50.04500198364258, "err_train_cavm_l1": 0.0, "err_train_cmm_l1": 0.0, "_wandb": {"runtime": 2}}