{"err_test_cavm": 47.20500183105469, "err_test_cmm": 47.28499984741211, "err_train_cavm": 0.0, "err_train_cmm": 0.0, "_timestamp": 1649785732, "_runtime": 250, "_step": 1, "err_test_cavm_l1": 4.079999923706055, "err_test_cmm_l1": 9.630000114440918, "err_train_cavm_l1": 0.0, "err_train_cmm_l1": 0.0, "_wandb": {"runtime": 247}}