{"err_test_cmm": 46.48500061035156, "err_train_cmm": 0.0, "_timestamp": 1653555076, "_runtime": 4, "_step": 1, "err_test_cmm_l1": 31.44499969482422, "err_train_cmm_l1": 0.0, "_wandb": {"runtime": 2}}