{"err_test_cmm": 48.6349983215332, "err_train_cmm": 0.0, "_timestamp": 1653526278, "_runtime": 5, "_step": 1, "err_test_cmm_l1": 49.244998931884766, "err_train_cmm_l1": 0.0, "_wandb": {"runtime": 2}}