{"err_test_cavm_l1": 40.98500061035156, "err_test_cmm_l1": 43.994998931884766, "err_train_cavm_l1": 0.0, "err_train_cmm_l1": 0.0, "_timestamp": 1652376942, "_runtime": 7, "_step": 0, "_wandb": {"runtime": 2}}