{"err_test_cmm": 43.9900016784668, "err_train_cmm": 0.0, "_timestamp": 1653573520, "_runtime": 5, "_step": 1, "err_test_cmm_l1": 21.9950008392334, "err_train_cmm_l1": 0.0, "_wandb": {"runtime": 2}}