{"err_test_cavm": 7.774999618530273, "err_test_cmm": 8.614999771118164, "err_train_cavm": 0.0, "err_train_cmm": 0.0, "_timestamp": 1653601758, "_runtime": 5, "_step": 1, "err_test_cavm_l1": 0.32999998331069946, "err_test_cmm_l1": 0.42500001192092896, "err_train_cavm_l1": 0.0, "err_train_cmm_l1": 0.0, "_wandb": {"runtime": 3}}