{"err_test_cavm_l1": 1.0049999952316284, "err_test_cmm_l1": 10.095000267028809, "err_train_cavm_l1": 0.43103447556495667, "err_train_cmm_l1": 0.0, "_timestamp": 1651667387, "_runtime": 4, "_step": 0, "_wandb": {"runtime": 2}}