{"err_test_cmm": 32.14500045776367, "err_train_cmm": 0.0, "_timestamp": 1653572897, "_runtime": 6, "_step": 1, "err_test_cmm_l1": 23.475000381469727, "err_train_cmm_l1": 0.0, "_wandb": {"runtime": 2}}