{"err_test_cavm": 11.354999542236328, "err_test_cmm": 11.015000343322754, "err_train_cavm": 0.0, "err_train_cmm": 0.0, "_timestamp": 1649810586, "_runtime": 145, "_step": 1, "err_test_cavm_l1": 1.7400000095367432, "err_test_cmm_l1": 3.700000047683716, "err_train_cavm_l1": 0.0, "err_train_cmm_l1": 0.0, "_wandb": {"runtime": 143}}