{"err_test_cavm_l1": 23.30500030517578, "err_test_cmm_l1": 24.739999771118164, "err_train_cavm_l1": 0.0, "err_train_cmm_l1": 0.0, "_timestamp": 1651022204, "_runtime": 198, "_step": 0, "_wandb": {"runtime": 195}}