{"err_test_cavm": 14.270000457763672, "err_test_cmm": 12.494999885559082, "err_train_cavm": 4.0, "err_train_cmm": 0.0, "_timestamp": 1651251864, "_runtime": 6, "_step": 1, "err_test_cavm_l1": 0.0, "err_test_cmm_l1": 8.335000038146973, "err_train_cavm_l1": 0.0, "err_train_cmm_l1": 0.0, "_wandb": {"runtime": 2}}