{"err_test_cavm": 28.670001983642578, "err_test_cmm": 26.85500144958496, "err_train_cavm": 6.0, "err_train_cmm": 0.0, "_timestamp": 1651247548, "_runtime": 4, "_step": 1, "err_test_cavm_l1": 0.0, "err_test_cmm_l1": 27.790000915527344, "err_train_cavm_l1": 0.0, "err_train_cmm_l1": 0.0, "_wandb": {"runtime": 2}}