{"err_test_cmm": 14.454999923706055, "err_train_cmm": 0.0, "_timestamp": 1653521889, "_runtime": 9, "_step": 1, "err_test_cmm_l1": 8.90999984741211, "err_train_cmm_l1": 0.0, "_wandb": {"runtime": 6}}