{"err_test_cavm": 16.494998931884766, "err_test_cmm": 21.0, "err_train_cavm": 0.0, "err_train_cmm": 0.0, "_timestamp": 1649784640, "_runtime": 100, "_step": 1, "err_test_cavm_l1": 2.3399999141693115, "err_test_cmm_l1": 4.599999904632568, "err_train_cavm_l1": 0.0, "err_train_cmm_l1": 0.0, "_wandb": {"runtime": 98}}