{"err_test_cavm": 35.15999984741211, "err_test_cmm": 32.584999084472656, "err_train_cavm": 0.0, "err_train_cmm": 0.0, "_timestamp": 1651659155, "_runtime": 6, "_step": 1, "err_test_cavm_l1": 0.0, "err_test_cmm_l1": 43.67499923706055, "err_train_cavm_l1": 0.0, "err_train_cmm_l1": 0.0, "_wandb": {"runtime": 2}}