{"err_test_cmm": 42.55500030517578, "err_train_cmm": 0.0, "_timestamp": 1653565723, "_runtime": 6, "_step": 1, "err_test_cmm_l1": 8.725000381469727, "err_train_cmm_l1": 0.0, "_wandb": {"runtime": 3}}