{"err_test_cavm_l1": 49.599998474121094, "err_test_cmm_l1": 45.86499786376953, "err_train_cavm_l1": 0.0, "err_train_cmm_l1": 0.0, "_timestamp": 1652263323, "_runtime": 10, "_step": 0, "_wandb": {"runtime": 4}}