{"err_test_cavm": 15.344999313354492, "err_test_cmm": 17.360000610351562, "err_train_cavm": 0.0, "err_train_cmm": 0.0, "_timestamp": 1649838552, "_runtime": 274, "_step": 1, "err_test_cavm_l1": 1.5049999952316284, "err_test_cmm_l1": 4.519999980926514, "err_train_cavm_l1": 0.0, "err_train_cmm_l1": 0.0, "_wandb": {"runtime": 271}}