{"err_test_cavm_l1": 2.140000104904175, "err_test_cmm_l1": 12.015000343322754, "err_train_cavm_l1": 0.0, "err_train_cmm_l1": 0.0, "_timestamp": 1653606966, "_runtime": 7, "_step": 0, "_wandb": {"runtime": 4}}