{"err_test_cavm": 37.76000213623047, "err_test_cmm": 35.94499969482422, "err_train_cavm": 5.0, "err_train_cmm": 0.0, "_timestamp": 1651583069, "_runtime": 4, "_step": 1, "err_test_cavm_l1": 0.0, "err_test_cmm_l1": 47.01499938964844, "err_train_cavm_l1": 0.0, "err_train_cmm_l1": 0.0, "_wandb": {"runtime": 2}}