{"err_test_cavm": 30.90999984741211, "err_test_cmm": 32.47500228881836, "err_train_cavm": 0.0, "err_train_cmm": 0.0, "_timestamp": 1649814371, "_runtime": 91, "_step": 1, "err_test_cavm_l1": 4.309999942779541, "err_test_cmm_l1": 9.824999809265137, "err_train_cavm_l1": 0.0, "err_train_cmm_l1": 0.0, "_wandb": {"runtime": 88}}