{"err_test_cavm": 25.310001373291016, "err_test_cmm": 23.96500015258789, "err_train_cavm": 5.0, "err_train_cmm": 0.0, "_timestamp": 1651583046, "_runtime": 4, "_step": 1, "err_test_cavm_l1": 0.0, "err_test_cmm_l1": 24.459999084472656, "err_train_cavm_l1": 0.0, "err_train_cmm_l1": 0.0, "_wandb": {"runtime": 2}}