{"err_test_cavm_l1": 4.170000076293945, "err_test_cmm_l1": 11.105000495910645, "err_train_cavm_l1": 1.0, "err_train_cmm_l1": 0.0, "_timestamp": 1652273907, "_runtime": 7, "_step": 0, "_wandb": {"runtime": 3}}