{"err_test_cavm": 48.400001525878906, "err_test_cmm": 48.470001220703125, "err_train_cavm": 0.0, "err_train_cmm": 0.0, "_timestamp": 1651583291, "_runtime": 9, "_step": 1, "err_test_cavm_l1": 0.0, "err_test_cmm_l1": 49.67499923706055, "err_train_cavm_l1": 0.0, "err_train_cmm_l1": 0.0, "_wandb": {"runtime": 6}}