{"err_test_cavm": 28.810001373291016, "err_test_cmm": 2.365000009536743, "err_train_cavm": 0.0, "err_train_cmm": 0.0, "_timestamp": 1653607736, "_runtime": 7, "_step": 1, "err_test_cavm_l1": 2.690000057220459, "err_test_cmm_l1": 0.5099999904632568, "err_train_cavm_l1": 0.0, "err_train_cmm_l1": 0.0, "_wandb": {"runtime": 5}}