{"err_test_cmm": 47.53000259399414, "err_train_cmm": 0.0, "_timestamp": 1653526226, "_runtime": 3, "_step": 1, "err_test_cmm_l1": 50.26000213623047, "err_train_cmm_l1": 0.0, "_wandb": {"runtime": 1}}