{"err_test_cavm": 25.934999465942383, "err_test_cmm": 23.69499969482422, "err_train_cavm": 12.0, "err_train_cmm": 0.0, "_timestamp": 1651584646, "_runtime": 4, "_step": 1, "err_test_cavm_l1": 0.0, "err_test_cmm_l1": 20.094999313354492, "err_train_cavm_l1": 0.0, "err_train_cmm_l1": 0.0, "_wandb": {"runtime": 2}}