{"err_test_cavm": 44.2400016784668, "err_test_cmm": 44.42499923706055, "err_train_cavm": 0.0, "err_train_cmm": 0.0, "_timestamp": 1651586337, "_runtime": 5, "_step": 1, "err_test_cavm_l1": 0.0, "err_test_cmm_l1": 45.869998931884766, "err_train_cavm_l1": 0.0, "err_train_cmm_l1": 0.0, "_wandb": {"runtime": 2}}