{"avg_test_c0": 1.2799999713897705, "avg_test_c1": 0.800000011920929, "avg_test_c2": 2.8399999141693115, "avg_test_cmm": 1.0750000476837158, "_timestamp": 1649326912, "_runtime": 17, "_step": 0, "_wandb": {"runtime": 15}}