{"err_test_cmm": 46.029998779296875, "err_train_cmm": 0.0, "_timestamp": 1653527089, "_runtime": 3, "_step": 1, "err_test_cmm_l1": 49.369998931884766, "err_train_cmm_l1": 0.0, "_wandb": {"runtime": 1}}