{"err_test_cavm": 31.96500015258789, "err_test_cmm": 29.6200008392334, "err_train_cavm": 5.1724138259887695, "err_train_cmm": 0.0, "_timestamp": 1652109994, "_runtime": 14, "_step": 1, "err_test_cavm_l1": 34.959999084472656, "err_test_cmm_l1": 37.20000076293945, "err_train_cavm_l1": 17.241378784179688, "err_train_cmm_l1": 0.0, "_wandb": {"runtime": 2}}