{"err_test_cavm": 40.58000183105469, "err_test_cmm": 40.685001373291016, "err_train_cavm": 0.0, "err_train_cmm": 0.0, "_timestamp": 1651583226, "_runtime": 5, "_step": 1, "err_test_cavm_l1": 0.0, "err_test_cmm_l1": 50.08000183105469, "err_train_cavm_l1": 0.0, "err_train_cmm_l1": 0.0, "_wandb": {"runtime": 2}}