{"loss": 0.0012100843014195561, "train_accuracy": 0.09375, "test_accuracy": 0.1, "_timestamp": 1654271674, "_runtime": 145, "_step": 7, "_wandb": {"runtime": 153}}