{"err_test_cavm_l1": 48.08000183105469, "err_test_cmm_l1": 26.690000534057617, "err_train_cavm_l1": 47.090450286865234, "err_train_cmm_l1": 8.76027830487034, "_timestamp": 1651030355, "_runtime": 185, "_step": 0, "_wandb": {"runtime": 182}}