{"err_test_cavm": 1.3899999856948853, "err_test_cmm": 2.755000114440918, "err_train_cavm": 0.0, "err_train_cmm": 0.0, "_timestamp": 1653608755, "_runtime": 8, "_step": 1, "err_test_cavm_l1": 1.7599999904632568, "err_test_cmm_l1": 0.7400000095367432, "err_train_cavm_l1": 0.0, "err_train_cmm_l1": 0.0, "_wandb": {"runtime": 6}}