{"err_test_cavm": 27.110000610351562, "err_test_cmm": 2.625, "err_train_cavm": 0.0, "err_train_cmm": 0.0, "_timestamp": 1653602921, "_runtime": 8, "_step": 1, "err_test_cavm_l1": 4.835000038146973, "err_test_cmm_l1": 0.6550000309944153, "err_train_cavm_l1": 0.0, "err_train_cmm_l1": 0.0, "_wandb": {"runtime": 5}}