{"err_test_cavm": 5.684999942779541, "err_test_cmm": 0.949999988079071, "err_train_cavm": 4.800000190734863, "err_train_cmm": 0.20000000000000018, "_timestamp": 1651152606, "_runtime": 4, "_step": 1, "err_test_cavm_l1": 0.0, "err_test_cmm_l1": 0.5450000166893005, "err_train_cavm_l1": 0.0, "err_train_cmm_l1": 0.0, "_wandb": {"runtime": 2}}