{"err_test_cavm_l1": 2.6549999713897705, "err_test_cmm_l1": 35.220001220703125, "err_train_cavm_l1": 0.0, "err_train_cmm_l1": 0.0, "_timestamp": 1653134183, "_runtime": 7, "_step": 0, "_wandb": {"runtime": 2}}