{"err_test_cmm": 42.5099983215332, "err_train_cmm": 0.0, "_timestamp": 1653525452, "_runtime": 3, "_step": 1, "err_test_cmm_l1": 49.630001068115234, "err_train_cmm_l1": 0.0, "_wandb": {"runtime": 1}}