{"err_test_cavm": 13.27500057220459, "err_test_cmm": 3.5850000381469727, "err_train_cavm": 8.0, "err_train_cmm": 0.0, "_timestamp": 1652877077, "_runtime": 3, "_step": 1, "err_test_cavm_l1": 0.0, "err_test_cmm_l1": 2.5399999618530273, "err_train_cavm_l1": 0.0, "err_train_cmm_l1": 0.0, "_wandb": {"runtime": 1}}