{"err_test_cavm": 13.985000610351562, "err_test_cmm": 4.489999771118164, "err_train_cavm": 7.0, "err_train_cmm": 2.0000000000000018, "_timestamp": 1650871846, "_runtime": 5, "_step": 1, "err_test_cavm_l1": 0.0, "err_test_cmm_l1": 2.4100000858306885, "err_train_cavm_l1": 0.0, "err_train_cmm_l1": 0.0, "_wandb": {"runtime": 2}}