{"err_test_cavm": 37.689998626708984, "err_test_cmm": 8.829999923706055, "err_train_cavm": 0.0, "err_train_cmm": 0.0, "_timestamp": 1653603097, "_runtime": 6, "_step": 1, "err_test_cavm_l1": 8.895000457763672, "err_test_cmm_l1": 0.6699999570846558, "err_train_cavm_l1": 0.0, "err_train_cmm_l1": 0.0, "_wandb": {"runtime": 3}}