{"err_test_cavm": 33.625, "err_test_cmm": 33.32999801635742, "err_train_cavm": 0.0, "err_train_cmm": 0.0, "_timestamp": 1649789304, "_runtime": 118, "_step": 1, "err_test_cavm_l1": 2.9549999237060547, "err_test_cmm_l1": 8.11500072479248, "err_train_cavm_l1": 0.0, "err_train_cmm_l1": 0.0, "_wandb": {"runtime": 107}}