{"err_test_cmm": 47.80500030517578, "err_train_cmm": 0.0, "_timestamp": 1653527544, "_runtime": 4, "_step": 1, "err_test_cmm_l1": 49.72999954223633, "err_train_cmm_l1": 0.0, "_wandb": {"runtime": 0}}