{"err_test_cavm": 8.295000076293945, "err_test_cmm": 8.164999961853027, "err_train_cavm": 5.0, "err_train_cmm": 0.0, "_timestamp": 1651584745, "_runtime": 4, "_step": 1, "err_test_cavm_l1": 0.0, "err_test_cmm_l1": 5.275000095367432, "err_train_cavm_l1": 0.0, "err_train_cmm_l1": 0.0, "_wandb": {"runtime": 2}}