{"err_test_cavm": 22.809999465942383, "err_test_cmm": 21.889999389648438, "err_train_cavm": 5.0, "err_train_cmm": 0.0, "_timestamp": 1651586538, "_runtime": 4, "_step": 1, "err_test_cavm_l1": 0.0, "err_test_cmm_l1": 22.255001068115234, "err_train_cavm_l1": 0.0, "err_train_cmm_l1": 0.0, "_wandb": {"runtime": 1}}