{"err_test_cavm": 39.5099983215332, "err_test_cmm": 40.005001068115234, "err_train_cavm": 0.0, "err_train_cmm": 0.0, "_timestamp": 1649783554, "_runtime": 100, "_step": 1, "err_test_cavm_l1": 4.740000247955322, "err_test_cmm_l1": 10.524999618530273, "err_train_cavm_l1": 0.0, "err_train_cmm_l1": 0.0, "_wandb": {"runtime": 97}}