{"err_test_cavm_l1": 0.4699999988079071, "err_test_cmm_l1": 4.760000228881836, "err_train_cavm_l1": 0.30000001192092896, "err_train_cmm_l1": 0.0, "_timestamp": 1651830442, "_runtime": 6, "_step": 0, "_wandb": {"runtime": 3}}