{"err_test_cavm": 48.05000305175781, "err_test_cmm": 48.02000045776367, "err_train_cavm": 0.0, "err_train_cmm": 0.0, "_timestamp": 1651249269, "_runtime": 9, "_step": 1, "err_test_cavm_l1": 0.0, "err_test_cmm_l1": 7.450000286102295, "err_train_cavm_l1": 0.0, "err_train_cmm_l1": 0.0, "_wandb": {"runtime": 6}}