{"err_test_cavm": 18.649999618530273, "err_test_cmm": 9.0649995803833, "err_train_cavm": 7.0, "err_train_cmm": 0.0, "_timestamp": 1651585001, "_runtime": 3, "_step": 1, "err_test_cavm_l1": 0.0, "err_test_cmm_l1": 4.650000095367432, "err_train_cavm_l1": 0.0, "err_train_cmm_l1": 0.0, "_wandb": {"runtime": 2}}