{"err_test_cavm": 26.80499839782715, "err_test_cmm": 30.170000076293945, "err_train_cavm": 5.0, "err_train_cmm": 0.0, "_timestamp": 1651584906, "_runtime": 4, "_step": 1, "err_test_cavm_l1": 0.0, "err_test_cmm_l1": 23.829999923706055, "err_train_cavm_l1": 0.0, "err_train_cmm_l1": 0.0, "_wandb": {"runtime": 2}}