{"err_test_cavm_l1": 38.80000305175781, "err_test_cmm_l1": 49.55999755859375, "err_train_cavm_l1": 0.0, "err_train_cmm_l1": 0.0, "_timestamp": 1651036103, "_runtime": 95, "_step": 0, "_wandb": {"runtime": 93}}