{"err_test_cavm": 46.53499984741211, "err_test_cmm": 46.529998779296875, "err_train_cavm": 0.0, "err_train_cmm": 0.0, "_timestamp": 1651588229, "_runtime": 5, "_step": 1, "err_test_cavm_l1": 0.0, "err_test_cmm_l1": 50.2349967956543, "err_train_cavm_l1": 0.0, "err_train_cmm_l1": 0.0, "_wandb": {"runtime": 3}}