{"err_test_cavm_l1": 49.630001068115234, "err_test_cmm_l1": 42.349998474121094, "err_train_cavm_l1": 9.523809432983398, "err_train_cmm_l1": 0.0, "_timestamp": 1651831351, "_runtime": 6, "_step": 0, "_wandb": {"runtime": 2}}