{"err_test_cmm": 48.22500228881836, "err_train_cmm": 0.0, "_timestamp": 1653527338, "_runtime": 4, "_step": 1, "err_test_cmm_l1": 50.599998474121094, "err_train_cmm_l1": 0.0, "_wandb": {"runtime": 1}}