{"err_test_cavm": 0.14499999582767487, "err_test_cmm": 0.3700000047683716, "err_train_cavm": 0.0, "err_train_cmm": 0.0, "_timestamp": 1653663931, "_runtime": 88, "_step": 1, "err_test_cavm_l1": 0.1550000011920929, "err_test_cmm_l1": 0.17500001192092896, "err_train_cavm_l1": 0.0, "err_train_cmm_l1": 0.0, "_wandb": {"runtime": 86}}