{"err_test_cavm": 37.17499923706055, "err_test_cmm": 36.269996643066406, "err_train_cavm": 3.0, "err_train_cmm": 0.0, "_timestamp": 1651588561, "_runtime": 7, "_step": 1, "err_test_cavm_l1": 0.0, "err_test_cmm_l1": 23.344999313354492, "err_train_cavm_l1": 0.0, "err_train_cmm_l1": 0.0, "_wandb": {"runtime": 2}}