{"err_test_cavm": 45.150001525878906, "err_test_cmm": 45.38999938964844, "err_train_cavm": 0.0, "err_train_cmm": 0.0, "_timestamp": 1652261328, "_runtime": 10, "_step": 1, "err_test_cavm_l1": 0.0, "err_test_cmm_l1": 49.494998931884766, "err_train_cavm_l1": 0.0, "err_train_cmm_l1": 0.0, "_wandb": {"runtime": 4}}