{"err_test_cavm": 37.474998474121094, "err_test_cmm": 37.845001220703125, "err_train_cavm": 1.0, "err_train_cmm": 0.0, "_timestamp": 1652261267, "_runtime": 8, "_step": 1, "err_test_cavm_l1": 0.0, "err_test_cmm_l1": 43.00499725341797, "err_train_cavm_l1": 0.0, "err_train_cmm_l1": 0.0, "_wandb": {"runtime": 3}}