{"err_test_cavm_l1": 50.185001373291016, "err_test_cmm_l1": 49.119998931884766, "err_train_cavm_l1": 0.0, "err_train_cmm_l1": 0.0, "_timestamp": 1651667555, "_runtime": 4, "_step": 0, "_wandb": {"runtime": 2}}