{"err_test_cavm": 27.735000610351562, "err_test_cmm": 2.244999885559082, "err_train_cavm": 0.0, "err_train_cmm": 0.0, "_timestamp": 1653602758, "_runtime": 7, "_step": 1, "err_test_cavm_l1": 1.8200000524520874, "err_test_cmm_l1": 0.46000000834465027, "err_train_cavm_l1": 0.0, "err_train_cmm_l1": 0.0, "_wandb": {"runtime": 6}}