{"err_test_cmm": 49.16499710083008, "err_train_cmm": 0.0, "_timestamp": 1653574292, "_runtime": 51, "_step": 1, "err_test_cmm_l1": 18.760000228881836, "err_train_cmm_l1": 0.0, "_wandb": {"runtime": 48}}