{"err_test_cavm_l1": 4.340000152587891, "err_test_cmm_l1": 10.84999942779541, "err_train_cavm_l1": 0.0, "err_train_cmm_l1": 0.0, "_timestamp": 1650968558, "_runtime": 63, "_step": 0, "_wandb": {"runtime": 61}}