{"err_test_cavm": 0.1599999964237213, "err_test_cmm": 0.4749999940395355, "err_train_cavm": 0.0, "err_train_cmm": 0.0, "_timestamp": 1653663613, "_runtime": 82, "_step": 1, "err_test_cavm_l1": 0.1899999976158142, "err_test_cmm_l1": 0.19499999284744263, "err_train_cavm_l1": 0.0, "err_train_cmm_l1": 0.0, "_wandb": {"runtime": 80}}