{"err_test_cavm": 33.70000076293945, "err_test_cmm": 33.34499740600586, "err_train_cavm": 7.0, "err_train_cmm": 0.0, "_timestamp": 1651585686, "_runtime": 3, "_step": 1, "err_test_cavm_l1": 0.0, "err_test_cmm_l1": 31.349998474121094, "err_train_cavm_l1": 0.0, "err_train_cmm_l1": 0.0, "_wandb": {"runtime": 2}}