{"err_test_cavm": 45.94499969482422, "err_test_cmm": 46.04999923706055, "err_train_cavm": 0.0, "err_train_cmm": 0.0, "_timestamp": 1651584198, "_runtime": 5, "_step": 1, "err_test_cavm_l1": 0.0, "err_test_cmm_l1": 50.660003662109375, "err_train_cavm_l1": 0.0, "err_train_cmm_l1": 0.0, "_wandb": {"runtime": 3}}