{"err_test_cavm_l1": 0.9300000071525574, "err_test_cmm_l1": 2.9100000858306885, "err_train_cavm_l1": 0.0, "err_train_cmm_l1": 0.0, "_timestamp": 1650981779, "_runtime": 160, "_step": 0, "_wandb": {"runtime": 157}}