{"err_test_cavm_l1": 0.42500001192092896, "err_test_cmm_l1": 1.4399999380111694, "err_train_cavm_l1": 0.0, "err_train_cmm_l1": 0.0, "_timestamp": 1650890722, "_runtime": 3009, "_step": 0, "_wandb": {"runtime": 3006}}