{"err_test_cavm": 32.18000030517578, "err_test_cmm": 30.924999237060547, "err_train_cavm": 5.0, "err_train_cmm": 0.0, "_timestamp": 1651252128, "_runtime": 7, "_step": 1, "err_test_cavm_l1": 0.0, "err_test_cmm_l1": 25.009998321533203, "err_train_cavm_l1": 0.0, "err_train_cmm_l1": 0.0, "_wandb": {"runtime": 2}}