{"err_test_cavm_l1": 3.299999952316284, "err_test_cmm_l1": 14.28499984741211, "err_train_cavm_l1": 0.0, "err_train_cmm_l1": 0.0, "_timestamp": 1651038776, "_runtime": 65, "_step": 0, "_wandb": {"runtime": 62}}