{"err_test_cavm": 45.369998931884766, "err_test_cmm": 45.7349967956543, "err_train_cavm": 0.0, "err_train_cmm": 0.0, "_timestamp": 1653669408, "_runtime": 5, "_step": 1, "err_test_cavm_l1": 32.755001068115234, "err_test_cmm_l1": 37.97999954223633, "err_train_cavm_l1": 0.0, "err_train_cmm_l1": 0.0, "_wandb": {"runtime": 2}}