{"err_test_cavm": 44.185001373291016, "err_test_cmm": 44.540000915527344, "err_train_cavm": 0.0, "err_train_cmm": 0.0, "_timestamp": 1652261517, "_runtime": 9, "_step": 1, "err_test_cavm_l1": 0.0, "err_test_cmm_l1": 49.95500183105469, "err_train_cavm_l1": 0.0, "err_train_cmm_l1": 0.0, "_wandb": {"runtime": 4}}