{"err_test_cavm": 46.125, "err_test_cmm": 46.23999786376953, "err_train_cavm": 0.0, "err_train_cmm": 0.0, "_timestamp": 1649785474, "_runtime": 185, "_step": 1, "err_test_cavm_l1": 4.944999694824219, "err_test_cmm_l1": 9.144999504089355, "err_train_cavm_l1": 0.0, "err_train_cmm_l1": 0.0, "_wandb": {"runtime": 182}}