{"err_test_cavm": 28.920000076293945, "err_test_cmm": 2.325000047683716, "err_train_cavm": 0.0, "err_train_cmm": 0.0, "_timestamp": 1653602593, "_runtime": 8, "_step": 1, "err_test_cavm_l1": 1.7950000762939453, "err_test_cmm_l1": 0.5849999785423279, "err_train_cavm_l1": 0.0, "err_train_cmm_l1": 0.0, "_wandb": {"runtime": 5}}