{"err_test_cavm": 36.93499755859375, "err_test_cmm": 35.88999938964844, "err_train_cavm": 0.0, "err_train_cmm": 0.0, "_timestamp": 1651247560, "_runtime": 4, "_step": 1, "err_test_cavm_l1": 0.0, "err_test_cmm_l1": 48.849998474121094, "err_train_cavm_l1": 0.0, "err_train_cmm_l1": 0.0, "_wandb": {"runtime": 2}}