{"err_test_cmm": 31.564998626708984, "err_train_cmm": 0.0, "_timestamp": 1653573089, "_runtime": 6, "_step": 1, "err_test_cmm_l1": 22.939998626708984, "err_train_cmm_l1": 0.0, "_wandb": {"runtime": 2}}