{"err_test_cavm": 0.4399999976158142, "err_test_cmm": 1.059999942779541, "err_train_cavm": 0.0, "err_train_cmm": 0.0, "_timestamp": 1653601400, "_runtime": 84, "_step": 1, "err_test_cavm_l1": 0.4399999976158142, "err_test_cmm_l1": 0.6000000238418579, "err_train_cavm_l1": 0.0, "err_train_cmm_l1": 0.0, "_wandb": {"runtime": 81}}