{"err_test_cavm": 42.6349983215332, "err_test_cmm": 42.814998626708984, "err_train_cavm": 0.0, "err_train_cmm": 0.0, "_timestamp": 1651588718, "_runtime": 4, "_step": 1, "err_test_cavm_l1": 0.0, "err_test_cmm_l1": 49.64999771118164, "err_train_cavm_l1": 0.0, "err_train_cmm_l1": 0.0, "_wandb": {"runtime": 2}}