{"err_test_cavm_l1": 49.35499954223633, "err_test_cmm_l1": 49.6349983215332, "err_train_cavm_l1": 0.0, "err_train_cmm_l1": 0.0, "_timestamp": 1651662586, "_runtime": 4, "_step": 0, "_wandb": {"runtime": 2}}