{"err_test_cavm_l1": 5.889999866485596, "err_test_cmm_l1": 36.93000030517578, "err_train_cavm_l1": 0.0, "err_train_cmm_l1": 0.0, "_timestamp": 1652281326, "_runtime": 7, "_step": 0, "_wandb": {"runtime": 3}}