{"err_test_cmm": 46.47999954223633, "err_train_cmm": 0.0, "_timestamp": 1653571571, "_runtime": 6, "_step": 1, "err_test_cmm_l1": 9.585000038146973, "err_train_cmm_l1": 0.0, "_wandb": {"runtime": 3}}