{"err_test_cavm": 47.040000915527344, "err_test_cmm": 10.244999885559082, "err_train_cavm": 43.31337356567383, "err_train_cmm": 0.1996007984031989, "_timestamp": 1649809551, "_runtime": 152, "_step": 1, "err_test_cavm_l1": 1.4100000858306885, "err_test_cmm_l1": 3.1449999809265137, "err_train_cavm_l1": 0.0, "err_train_cmm_l1": 0.0, "_wandb": {"runtime": 149}}