{"err_test_cavm": 44.40500259399414, "err_test_cmm": 44.54999923706055, "err_train_cavm": 0.0, "err_train_cmm": 0.0, "_timestamp": 1649770305, "_runtime": 90, "_step": 0, "_wandb": {"runtime": 262}}