{"err_test_cavm_l1": 0.015000000596046448, "err_test_cmm_l1": 0.009999999776482582, "err_train_cavm_l1": 0.0, "err_train_cmm_l1": 0.0, "_timestamp": 1653131221, "_runtime": 8, "_step": 0, "_wandb": {"runtime": 3}}