{"err_test_cavm_l1": 4.489999771118164, "err_test_cmm_l1": 10.220000267028809, "err_train_cavm_l1": 0.0, "err_train_cmm_l1": 0.0, "_timestamp": 1650967161, "_runtime": 58, "_step": 0, "_wandb": {"runtime": 56}}