{"err_test_cavm_l1": 2.0950000286102295, "err_test_cmm_l1": 5.889999866485596, "err_train_cavm_l1": 0.0, "err_train_cmm_l1": 0.0, "_timestamp": 1650972635, "_runtime": 102, "_step": 0, "_wandb": {"runtime": 100}}