{"err_test_cavm": 24.989999771118164, "err_test_cmm": 21.28999900817871, "err_train_cavm": 10.0, "err_train_cmm": 0.0, "_timestamp": 1651583479, "_runtime": 5, "_step": 1, "err_test_cavm_l1": 0.0, "err_test_cmm_l1": 17.18000030517578, "err_train_cavm_l1": 0.0, "err_train_cmm_l1": 0.0, "_wandb": {"runtime": 2}}