{"err_test_cavm": 44.44499969482422, "err_test_cmm": 44.630001068115234, "err_train_cavm": 0.0, "err_train_cmm": 0.0, "_timestamp": 1649830457, "_runtime": 144, "_step": 1, "err_test_cavm_l1": 4.5, "err_test_cmm_l1": 11.289999961853027, "err_train_cavm_l1": 0.0, "err_train_cmm_l1": 0.0, "_wandb": {"runtime": 142}}