{"err_test_cavm_l1": 25.650001525878906, "err_test_cmm_l1": 29.46000099182129, "err_train_cavm_l1": 0.0, "err_train_cmm_l1": 0.0, "_timestamp": 1651000103, "_runtime": 122, "_step": 0, "_wandb": {"runtime": 119}}