{"err_test_cavm": 47.64500045776367, "err_test_cmm": 47.540000915527344, "err_train_cavm": 0.0, "err_train_cmm": 0.0, "_timestamp": 1652880846, "_runtime": 5, "_step": 1, "err_test_cavm_l1": 0.0, "err_test_cmm_l1": 49.48999786376953, "err_train_cavm_l1": 0.0, "err_train_cmm_l1": 0.0, "_wandb": {"runtime": 3}}