{"err_test_cavm_l1": 0.7000000476837158, "err_test_cmm_l1": 4.440000057220459, "err_train_cavm_l1": 0.20000000298023224, "err_train_cmm_l1": 0.0, "_timestamp": 1651667183, "_runtime": 7, "_step": 0, "_wandb": {"runtime": 3}}