{"err_test_cavm": 16.475000381469727, "err_test_cmm": 17.135000228881836, "err_train_cavm": 0.0, "err_train_cmm": 0.0, "_timestamp": 1649808821, "_runtime": 145, "_step": 1, "err_test_cavm_l1": 2.0950000286102295, "err_test_cmm_l1": 4.59499979019165, "err_train_cavm_l1": 0.0, "err_train_cmm_l1": 0.0, "_wandb": {"runtime": 143}}