{"err_test_cavm": 8.425000190734863, "err_test_cmm": 9.71500015258789, "err_train_cavm": 0.0, "err_train_cmm": 0.0, "_timestamp": 1649803945, "_runtime": 148, "_step": 1, "err_test_cavm_l1": 1.4399999380111694, "err_test_cmm_l1": 3.2900002002716064, "err_train_cavm_l1": 0.0, "err_train_cmm_l1": 0.0, "_wandb": {"runtime": 145}}