{"err_test_cavm": 46.12999725341797, "err_test_cmm": 46.474998474121094, "err_train_cavm": 0.0, "err_train_cmm": 0.0, "_timestamp": 1651585220, "_runtime": 5, "_step": 1, "err_test_cavm_l1": 0.0, "err_test_cmm_l1": 50.054996490478516, "err_train_cavm_l1": 0.0, "err_train_cmm_l1": 0.0, "_wandb": {"runtime": 3}}