{"err_test_cavm": 41.855003356933594, "err_test_cmm": 41.400001525878906, "err_train_cavm": 0.0, "err_train_cmm": 0.0, "_timestamp": 1651587332, "_runtime": 3, "_step": 1, "err_test_cavm_l1": 0.0, "err_test_cmm_l1": 42.70499801635742, "err_train_cavm_l1": 0.0, "err_train_cmm_l1": 0.0, "_wandb": {"runtime": 2}}