{"err_test_cavm_l1": 1.2699999809265137, "err_test_cmm_l1": 3.6100001335144043, "err_train_cavm_l1": 0.0, "err_train_cmm_l1": 0.0, "_timestamp": 1650977233, "_runtime": 110, "_step": 0, "_wandb": {"runtime": 108}}