{"err_test_cavm_l1": 50.45499801635742, "err_test_cmm_l1": 50.16999816894531, "err_train_cavm_l1": 0.0, "err_train_cmm_l1": 0.0, "_timestamp": 1653127762, "_runtime": 35, "_step": 0, "_wandb": {"runtime": 33}}