{"err_test_cavm": 20.565000534057617, "err_test_cmm": 16.869998931884766, "err_train_cavm": 7.0, "err_train_cmm": 0.0, "_timestamp": 1651248281, "_runtime": 10, "_step": 1, "err_test_cavm_l1": 0.0, "err_test_cmm_l1": 7.304999828338623, "err_train_cavm_l1": 0.0, "err_train_cmm_l1": 0.0, "_wandb": {"runtime": 2}}