{"err_test_cavm": 16.53499984741211, "err_test_cmm": 1.3100000619888306, "err_train_cavm": 0.0, "err_train_cmm": 0.0, "_timestamp": 1653608370, "_runtime": 21, "_step": 1, "err_test_cavm_l1": 1.3650000095367432, "err_test_cmm_l1": 0.46000000834465027, "err_train_cavm_l1": 0.0, "err_train_cmm_l1": 0.0, "_wandb": {"runtime": 18}}