{"err_test_cavm_l1": 34.85249710083008, "err_test_cmm_l1": 0.15049999952316284, "err_train_cavm_l1": 31.0, "err_train_cmm_l1": 0.0, "_timestamp": 1651149038, "_runtime": 49, "_step": 0, "_wandb": {"runtime": 48}}