{"err_test_cavm_l1": 32.10000228881836, "err_test_cmm_l1": 37.564998626708984, "err_train_cavm_l1": 6.5217390060424805, "err_train_cmm_l1": 0.0, "_timestamp": 1651836534, "_runtime": 4, "_step": 0, "_wandb": {"runtime": 2}}