{"err_test_cavm_l1": 1.1549999713897705, "err_test_cmm_l1": 36.54999923706055, "err_train_cavm_l1": 0.0, "err_train_cmm_l1": 0.0, "_timestamp": 1653132075, "_runtime": 7, "_step": 0, "_wandb": {"runtime": 2}}