{"err_test_cavm_l1": 23.720001220703125, "err_test_cmm_l1": 49.845001220703125, "err_train_cavm_l1": 0.0, "err_train_cmm_l1": 0.0, "_timestamp": 1652281778, "_runtime": 36, "_step": 0, "_wandb": {"runtime": 32}}