{"err_test_cavm_l1": 50.02499771118164, "err_test_cmm_l1": 28.940000534057617, "err_train_cavm_l1": 0.0, "err_train_cmm_l1": 0.0, "_timestamp": 1653078564, "_runtime": 18, "_step": 0, "_wandb": {"runtime": 3}}