{"err_test_cavm": 35.849998474121094, "err_test_cmm": 34.81500244140625, "err_train_cavm": 3.5714287757873535, "err_train_cmm": 0.0, "_timestamp": 1652260033, "_runtime": 7, "_step": 1, "err_test_cavm_l1": 0.0, "err_test_cmm_l1": 30.03999900817871, "err_train_cavm_l1": 0.0, "err_train_cmm_l1": 0.0, "_wandb": {"runtime": 3}}