{"err_test_cmm": 39.52000045776367, "err_train_cmm": 0.0, "_timestamp": 1653527265, "_runtime": 3, "_step": 1, "err_test_cmm_l1": 44.89500045776367, "err_train_cmm_l1": 0.0, "_wandb": {"runtime": 1}}