{"err_test_cavm_l1": 9.260000228881836, "err_test_cmm_l1": 30.08500099182129, "err_train_cavm_l1": 3.0, "err_train_cmm_l1": 0.0, "_timestamp": 1652273618, "_runtime": 9, "_step": 0, "_wandb": {"runtime": 3}}