{"avg_test_c0": 0.5950000286102295, "avg_test_c1": 1.534999966621399, "avg_test_c2": 7.869999885559082, "avg_test_cmm": 98.29999542236328, "_timestamp": 1649325250, "_runtime": 19, "_step": 0, "_wandb": {"runtime": 14}}