{"err_test_cavm": 43.970001220703125, "err_test_cmm": 43.77000045776367, "err_train_cavm": 0.0, "err_train_cmm": 0.0, "_timestamp": 1651250773, "_runtime": 8, "_step": 1, "err_test_cavm_l1": 0.0, "err_test_cmm_l1": 50.52000427246094, "err_train_cavm_l1": 0.0, "err_train_cmm_l1": 0.0, "_wandb": {"runtime": 2}}