{"err_test_cavm_l1": 1.2549999952316284, "err_test_cmm_l1": 9.199999809265137, "err_train_cavm_l1": 0.0, "err_train_cmm_l1": 0.0, "_timestamp": 1652283680, "_runtime": 6, "_step": 0, "_wandb": {"runtime": 3}}