{"err_test_cavm_l1": 4.079999923706055, "err_test_cmm_l1": 10.289999961853027, "err_train_cavm_l1": 0.0, "err_train_cmm_l1": 0.0, "_timestamp": 1651143856, "_runtime": 136, "_step": 0, "_wandb": {"runtime": 131}}