{"err_test_cavm_l1": 16.240001678466797, "err_test_cmm_l1": 21.600000381469727, "err_train_cavm_l1": 0.0, "err_train_cmm_l1": 0.0, "_timestamp": 1650998001, "_runtime": 88, "_step": 0, "_wandb": {"runtime": 86}}