{"err_test_cavm": 0.15000000596046448, "err_test_cmm": 0.574999988079071, "err_train_cavm": 0.0, "err_train_cmm": 0.0, "_timestamp": 1653663794, "_runtime": 20, "_step": 1, "err_test_cavm_l1": 0.14000000059604645, "err_test_cmm_l1": 0.20000000298023224, "err_train_cavm_l1": 0.0, "err_train_cmm_l1": 0.0, "_wandb": {"runtime": 17}}