{"err_test_cavm_l1": 5.90500020980835, "err_test_cmm_l1": 11.930000305175781, "err_train_cavm_l1": 0.0, "err_train_cmm_l1": 0.0, "_timestamp": 1650974961, "_runtime": 66, "_step": 0, "_wandb": {"runtime": 64}}