{"err_test_cavm_l1": 4.050000190734863, "err_test_cmm_l1": 7.869999885559082, "err_train_cavm_l1": 0.0, "err_train_cmm_l1": 0.0, "_timestamp": 1650984420, "_runtime": 59, "_step": 0, "_wandb": {"runtime": 57}}