{"err_test_cavm": 42.21500015258789, "err_test_cmm": 41.47500228881836, "err_train_cavm": 0.0, "err_train_cmm": 0.0, "_timestamp": 1651668013, "_runtime": 4, "_step": 1, "err_test_cavm_l1": 50.10499954223633, "err_test_cmm_l1": 50.55000305175781, "err_train_cavm_l1": 23.076923370361328, "err_train_cmm_l1": 0.0, "_wandb": {"runtime": 1}}