{"avg_test_c0": 0.7099999785423279, "avg_test_c1": 0.9900000095367432, "avg_test_c2": 1.4499999284744263, "avg_test_cmm": 2.434999942779541, "_timestamp": 1649325882, "_runtime": 9, "_step": 0, "_wandb": {"runtime": 6}}