{"err_test_cavm_l1": 0.4699999988079071, "err_test_cmm_l1": 0.0949999988079071, "err_train_cavm_l1": 0.0, "err_train_cmm_l1": 0.0, "_timestamp": 1653130250, "_runtime": 9, "_step": 0, "_wandb": {"runtime": 2}}