{"err_test_cavm": 43.1349983215332, "err_test_cmm": 42.724998474121094, "err_train_cavm": 0.0, "err_train_cmm": 0.0, "_timestamp": 1651152014, "_runtime": 4, "_step": 1, "err_test_cavm_l1": 0.0, "err_test_cmm_l1": 9.354999542236328, "err_train_cavm_l1": 0.0, "err_train_cmm_l1": 0.0, "_wandb": {"runtime": 2}}