{"err_test_cavm": 0.17500001192092896, "err_test_cmm": 0.6050000190734863, "err_train_cavm": 0.0, "err_train_cmm": 0.0, "_timestamp": 1653661636, "_runtime": 18, "_step": 1, "err_test_cavm_l1": 0.1599999964237213, "err_test_cmm_l1": 0.20499999821186066, "err_train_cavm_l1": 0.0, "err_train_cmm_l1": 0.0, "_wandb": {"runtime": 15}}