{"err_test_cavm": 41.255001068115234, "err_test_cmm": 41.31500244140625, "err_train_cavm": 0.0, "err_train_cmm": 0.0, "_timestamp": 1651585446, "_runtime": 4, "_step": 1, "err_test_cavm_l1": 0.0, "err_test_cmm_l1": 49.209999084472656, "err_train_cavm_l1": 0.0, "err_train_cmm_l1": 0.0, "_wandb": {"runtime": 2}}