{"err_test_cavm": 23.229999542236328, "err_test_cmm": 0.0, "err_train_cavm": 25.0, "err_train_cmm": 0.0, "_timestamp": 1653047726, "_runtime": 8, "_step": 1, "err_test_cavm_l1": 49.56999969482422, "err_test_cmm_l1": 48.91999816894531, "err_train_cavm_l1": 46.0, "err_train_cmm_l1": 0.0, "_wandb": {"runtime": 2}}