{"err_test_cavm": 3.9099998474121094, "err_test_cmm": 6.539999485015869, "err_train_cavm": 0.0, "err_train_cmm": 0.0, "_timestamp": 1649787257, "_runtime": 92, "_step": 1, "err_test_cavm_l1": 2.4700000286102295, "err_test_cmm_l1": 3.620000123977661, "err_train_cavm_l1": 0.0, "err_train_cmm_l1": 0.0, "_wandb": {"runtime": 90}}