{"err_test_cavm": 32.24500274658203, "err_test_cmm": 30.970001220703125, "err_train_cavm": 6.0, "err_train_cmm": 0.0, "_timestamp": 1651586181, "_runtime": 3, "_step": 1, "err_test_cavm_l1": 0.0, "err_test_cmm_l1": 27.420000076293945, "err_train_cavm_l1": 0.0, "err_train_cmm_l1": 0.0, "_wandb": {"runtime": 2}}