{"err_test_cavm_l1": 3.3349997997283936, "err_test_cmm_l1": 8.299999237060547, "err_train_cavm_l1": 0.0, "err_train_cmm_l1": 0.0, "_timestamp": 1650974811, "_runtime": 100, "_step": 0, "_wandb": {"runtime": 96}}