{"err_test_cavm": 46.77000045776367, "err_test_cmm": 46.869998931884766, "err_train_cavm": 0.0, "err_train_cmm": 0.0, "_timestamp": 1649780000, "_runtime": 197, "_step": 1, "err_test_cavm_l1": 8.164999961853027, "err_test_cmm_l1": 13.335000038146973, "err_train_cavm_l1": 0.0, "err_train_cmm_l1": 0.0, "_wandb": {"runtime": 195}}