{"err_test_cavm": 15.050000190734863, "err_test_cmm": 16.475000381469727, "err_train_cavm": 0.0, "err_train_cmm": 0.0, "_timestamp": 1649827505, "_runtime": 245, "_step": 1, "err_test_cavm_l1": 0.875, "err_test_cmm_l1": 2.6499998569488525, "err_train_cavm_l1": 0.0, "err_train_cmm_l1": 0.0, "_wandb": {"runtime": 244}}