{"err_test_cmm": 32.11000061035156, "err_train_cmm": 0.0, "_timestamp": 1653522768, "_runtime": 3, "_step": 1, "err_test_cmm_l1": 38.29500198364258, "err_train_cmm_l1": 0.0, "_wandb": {"runtime": 1}}