{"err_test_cavm": 44.76000213623047, "err_test_cmm": 44.74500274658203, "err_train_cavm": 0.0, "err_train_cmm": 0.0, "_timestamp": 1649772624, "_runtime": 90, "_step": 0, "_wandb": {"runtime": 212}}