{"err_test_cavm": 41.625, "err_test_cmm": 41.755001068115234, "err_train_cavm": 0.0, "err_train_cmm": 0.0, "_timestamp": 1649779599, "_runtime": 185, "_step": 1, "err_test_cavm_l1": 2.684999942779541, "err_test_cmm_l1": 7.5400004386901855, "err_train_cavm_l1": 0.0, "err_train_cmm_l1": 0.0, "_wandb": {"runtime": 181}}