{"err_test_cavm_l1": 2.1600000858306885, "err_test_cmm_l1": 7.485000133514404, "err_train_cavm_l1": 0.0, "err_train_cmm_l1": 0.0, "_timestamp": 1651144826, "_runtime": 111, "_step": 0, "_wandb": {"runtime": 108}}