{"err_test_cavm": 11.429999351501465, "err_test_cmm": 6.509999752044678, "err_train_cavm": 7.0, "err_train_cmm": 0.0, "_timestamp": 1651584882, "_runtime": 5, "_step": 1, "err_test_cavm_l1": 0.0, "err_test_cmm_l1": 2.0899999141693115, "err_train_cavm_l1": 0.0, "err_train_cmm_l1": 0.0, "_wandb": {"runtime": 2}}