{"err_test_cavm": 42.459999084472656, "err_test_cmm": 43.06999969482422, "err_train_cavm": 0.0, "err_train_cmm": 0.0, "_timestamp": 1651247987, "_runtime": 5, "_step": 1, "err_test_cavm_l1": 0.0, "err_test_cmm_l1": 9.854999542236328, "err_train_cavm_l1": 0.0, "err_train_cmm_l1": 0.0, "_wandb": {"runtime": 2}}