{"err_test_cavm_l1": 3.119999885559082, "err_test_cmm_l1": 9.515000343322754, "err_train_cavm_l1": 0.0, "err_train_cmm_l1": 0.0, "_timestamp": 1651140536, "_runtime": 120, "_step": 0, "_wandb": {"runtime": 114}}