{"err_test_cavm": 41.78000259399414, "err_test_cmm": 41.7650032043457, "err_train_cavm": 0.0, "err_train_cmm": 0.0, "_timestamp": 1649795120, "_runtime": 179, "_step": 1, "err_test_cavm_l1": 3.424999952316284, "err_test_cmm_l1": 9.03499984741211, "err_train_cavm_l1": 0.0, "err_train_cmm_l1": 0.0, "_wandb": {"runtime": 177}}