{"err_test_cavm": 26.17999839782715, "err_test_cmm": 24.78499984741211, "err_train_cavm": 11.0, "err_train_cmm": 0.0, "_timestamp": 1651583185, "_runtime": 7, "_step": 1, "err_test_cavm_l1": 0.0, "err_test_cmm_l1": 17.44499969482422, "err_train_cavm_l1": 0.0, "err_train_cmm_l1": 0.0, "_wandb": {"runtime": 2}}