{"err_test_cmm": 21.030000686645508, "err_train_cmm": 0.0, "_timestamp": 1653525737, "_runtime": 5, "_step": 1, "err_test_cmm_l1": 18.579999923706055, "err_train_cmm_l1": 0.0, "_wandb": {"runtime": 2}}