{"err_test_cavm_l1": 16.619998931884766, "err_test_cmm_l1": 39.28499984741211, "err_train_cavm_l1": 0.0, "err_train_cmm_l1": 0.0, "_timestamp": 1651024852, "_runtime": 105, "_step": 0, "_wandb": {"runtime": 99}}