{"err_test_cavm": 27.764999389648438, "err_test_cmm": 26.454999923706055, "err_train_cavm": 8.0, "err_train_cmm": 0.0, "_timestamp": 1651250712, "_runtime": 5, "_step": 1, "err_test_cavm_l1": 0.0, "err_test_cmm_l1": 29.100000381469727, "err_train_cavm_l1": 0.0, "err_train_cmm_l1": 0.0, "_wandb": {"runtime": 2}}