{"err_test_cavm": 7.774999618530273, "err_test_cmm": 8.78499984741211, "err_train_cavm": 0.0, "err_train_cmm": 0.1996007984031989, "_timestamp": 1649803352, "_runtime": 153, "_step": 1, "err_test_cavm_l1": 1.4399999380111694, "err_test_cmm_l1": 2.6549999713897705, "err_train_cavm_l1": 0.0, "err_train_cmm_l1": 0.0, "_wandb": {"runtime": 150}}