{"err_test_cmm": 47.1150016784668, "err_train_cmm": 0.0, "_timestamp": 1653585263, "_runtime": 6, "_step": 1, "err_test_cmm_l1": 46.60499954223633, "err_train_cmm_l1": 0.0, "_wandb": {"runtime": 3}}