{"err_test_cmm": 37.130001068115234, "err_train_cmm": 0.0, "_timestamp": 1653522779, "_runtime": 3, "_step": 1, "err_test_cmm_l1": 44.20500183105469, "err_train_cmm_l1": 0.0, "_wandb": {"runtime": 1}}