{"err_test_cavm": 45.21500015258789, "err_test_cmm": 45.34000015258789, "err_train_cavm": 0.0, "err_train_cmm": 0.0, "_timestamp": 1649718036, "_runtime": 19, "_step": 0, "_wandb": {"runtime": 21422}}