{"err_test_cavm": 42.89500045776367, "err_test_cmm": 42.994998931884766, "err_train_cavm": 0.0, "err_train_cmm": 0.0, "_timestamp": 1649787952, "_runtime": 171, "_step": 1, "err_test_cavm_l1": 4.654999732971191, "err_test_cmm_l1": 11.155000686645508, "err_train_cavm_l1": 0.0, "err_train_cmm_l1": 0.0, "_wandb": {"runtime": 168}}