{"err_test_cavm": 85.71500396728516, "err_test_cmm": 4.190000057220459, "err_train_cavm": 93.0, "err_train_cmm": 1.0000000000000009, "_timestamp": 1650843220, "_runtime": 66, "_step": 1, "err_test_cavm_l1": 0.6599999666213989, "err_test_cmm_l1": 1.090000033378601, "err_train_cavm_l1": 0.0, "err_train_cmm_l1": 0.0, "_wandb": {"runtime": 63}}