{"err_test_cavm": 32.47500228881836, "err_test_cmm": 31.529998779296875, "err_train_cavm": 7.0, "err_train_cmm": 0.0, "_timestamp": 1652261456, "_runtime": 7, "_step": 1, "err_test_cavm_l1": 0.0, "err_test_cmm_l1": 34.505001068115234, "err_train_cavm_l1": 0.0, "err_train_cmm_l1": 0.0, "_wandb": {"runtime": 3}}