{"err_test_cavm_l1": 49.904998779296875, "err_test_cmm_l1": 52.26499938964844, "err_train_cavm_l1": 0.0, "err_train_cmm_l1": 0.0, "_timestamp": 1651851058, "_runtime": 5, "_step": 0, "_wandb": {"runtime": 2}}