{"err_test_cavm_l1": 4.695000171661377, "err_test_cmm_l1": 10.039999961853027, "err_train_cavm_l1": 0.0, "err_train_cmm_l1": 0.0, "_timestamp": 1650988736, "_runtime": 90, "_step": 0, "_wandb": {"runtime": 88}}