{"err_test_cmm": 48.59000015258789, "err_train_cmm": 0.0, "_timestamp": 1653524048, "_runtime": 3, "_step": 1, "err_test_cmm_l1": 49.994998931884766, "err_train_cmm_l1": 0.0, "_wandb": {"runtime": 0}}