{"err_test_cavm": 37.46500015258789, "err_test_cmm": 36.05500030517578, "err_train_cavm": 4.0, "err_train_cmm": 0.0, "_timestamp": 1651250894, "_runtime": 5, "_step": 1, "err_test_cavm_l1": 0.0, "err_test_cmm_l1": 26.350000381469727, "err_train_cavm_l1": 0.0, "err_train_cmm_l1": 0.0, "_wandb": {"runtime": 2}}