{"err_test_cavm_l1": 3.2249999046325684, "err_test_cmm_l1": 5.699999809265137, "err_train_cavm_l1": 0.0, "err_train_cmm_l1": 0.0, "_timestamp": 1650968967, "_runtime": 67, "_step": 0, "_wandb": {"runtime": 64}}