{"err_test_cavm_l1": 49.88999938964844, "err_test_cmm_l1": 50.054996490478516, "err_train_cavm_l1": 0.0, "err_train_cmm_l1": 0.0, "_timestamp": 1653078770, "_runtime": 19, "_step": 0, "_wandb": {"runtime": 13}}