{"err_test_cavm": 3.4650001525878906, "err_test_cmm": 0.6399999856948853, "err_train_cavm": 3.200000047683716, "err_train_cmm": 0.10000000000000009, "_timestamp": 1651151291, "_runtime": 4, "_step": 1, "err_test_cavm_l1": 0.0, "err_test_cmm_l1": 0.1899999976158142, "err_train_cavm_l1": 0.0, "err_train_cmm_l1": 0.0, "_wandb": {"runtime": 2}}