{"err_test_cavm": 14.114999771118164, "err_test_cmm": 7.159999847412109, "err_train_cavm": 5.0, "err_train_cmm": 0.0, "_timestamp": 1652260914, "_runtime": 7, "_step": 1, "err_test_cavm_l1": 0.0, "err_test_cmm_l1": 5.585000038146973, "err_train_cavm_l1": 0.0, "err_train_cmm_l1": 0.0, "_wandb": {"runtime": 2}}