{"err_test_cmm": 49.89500045776367, "err_train_cmm": 0.0, "_timestamp": 1653585446, "_runtime": 60, "_step": 1, "err_test_cmm_l1": 36.01499938964844, "err_train_cmm_l1": 0.0, "_wandb": {"runtime": 57}}