{"err_test_cavm": 13.160000801086426, "err_test_cmm": 4.735000133514404, "err_train_cavm": 11.0, "err_train_cmm": 0.0, "_timestamp": 1651245834, "_runtime": 3, "_step": 1, "err_test_cavm_l1": 0.0, "err_test_cmm_l1": 2.3949999809265137, "err_train_cavm_l1": 0.0, "err_train_cmm_l1": 0.0, "_wandb": {"runtime": 1}}