{"err_test_cmm": 44.67499923706055, "err_train_cmm": 0.0, "_timestamp": 1653525462, "_runtime": 3, "_step": 1, "err_test_cmm_l1": 49.474998474121094, "err_train_cmm_l1": 0.0, "_wandb": {"runtime": 1}}