{"err_test_cavm_l1": 9.010000228881836, "err_test_cmm_l1": 14.72499942779541, "err_train_cavm_l1": 0.0, "err_train_cmm_l1": 0.0, "_timestamp": 1651020074, "_runtime": 65, "_step": 0, "_wandb": {"runtime": 63}}