{"err_test_cavm": 44.970001220703125, "err_test_cmm": 44.92000198364258, "err_train_cavm": 0.0, "err_train_cmm": 0.0, "_timestamp": 1649783878, "_runtime": 157, "_step": 1, "err_test_cavm_l1": 3.9200000762939453, "err_test_cmm_l1": 7.960000038146973, "err_train_cavm_l1": 0.0, "err_train_cmm_l1": 0.0, "_wandb": {"runtime": 155}}