{"err_test_cmm": 44.154998779296875, "err_train_cmm": 0.0, "_timestamp": 1653527519, "_runtime": 4, "_step": 1, "err_test_cmm_l1": 49.369998931884766, "err_train_cmm_l1": 0.0, "_wandb": {"runtime": 1}}