{"err_test_cmm": 40.474998474121094, "err_train_cmm": 0.0, "_timestamp": 1653565770, "_runtime": 6, "_step": 1, "err_test_cmm_l1": 11.545000076293945, "err_train_cmm_l1": 0.0, "_wandb": {"runtime": 2}}