{"err_test_cavm_l1": 0.9150000214576721, "err_test_cmm_l1": 0.3349999785423279, "err_train_cavm_l1": 0.0, "err_train_cmm_l1": 0.0, "_timestamp": 1651148316, "_runtime": 51, "_step": 0, "_wandb": {"runtime": 49}}