{"err_test_cavm": 44.154998779296875, "err_test_cmm": 43.79999923706055, "err_train_cavm": 0.0, "err_train_cmm": 0.0, "_timestamp": 1652877343, "_runtime": 4, "_step": 1, "err_test_cavm_l1": 0.0, "err_test_cmm_l1": 50.18000030517578, "err_train_cavm_l1": 0.0, "err_train_cmm_l1": 0.0, "_wandb": {"runtime": 1}}