{"err_test_cavm_l1": 10.445000648498535, "err_test_cmm_l1": 18.30500030517578, "err_train_cavm_l1": 0.0, "err_train_cmm_l1": 0.0, "_timestamp": 1650977716, "_runtime": 64, "_step": 0, "_wandb": {"runtime": 61}}