{"err_test_cavm_l1": 0.03500000014901161, "err_test_cmm_l1": 0.03500000014901161, "err_train_cavm_l1": 0.0, "err_train_cmm_l1": 0.0, "_timestamp": 1651148237, "_runtime": 56, "_step": 0, "_wandb": {"runtime": 53}}