{"err_test_cmm": 36.1349983215332, "err_train_cmm": 0.0, "_timestamp": 1653525916, "_runtime": 3, "_step": 1, "err_test_cmm_l1": 35.34000015258789, "err_train_cmm_l1": 0.0, "_wandb": {"runtime": 1}}