{"err_test_cavm_l1": 46.935001373291016, "err_test_cmm_l1": 18.010000228881836, "err_train_cavm_l1": 38.0, "err_train_cmm_l1": 7.9999999999999964, "_timestamp": 1651040620, "_runtime": 59, "_step": 0, "_wandb": {"runtime": 57}}