{"err_test_cmm": 46.935001373291016, "err_train_cmm": 0.0, "_timestamp": 1653640169, "_runtime": 5, "_step": 1, "err_test_cmm_l1": 49.72999954223633, "err_train_cmm_l1": 0.0, "_wandb": {"runtime": 2}}