{"err_test_cavm_l1": 0.03999999910593033, "err_test_cmm_l1": 12.460000038146973, "err_train_cavm_l1": 0.0, "err_train_cmm_l1": 0.0, "_timestamp": 1653130799, "_runtime": 6, "_step": 0, "_wandb": {"runtime": 2}}