{"err_test_cavm": 38.834999084472656, "err_test_cmm": 38.84000015258789, "err_train_cavm": 0.0, "err_train_cmm": 0.0, "_timestamp": 1649786385, "_runtime": 101, "_step": 1, "err_test_cavm_l1": 3.8600001335144043, "err_test_cmm_l1": 8.055000305175781, "err_train_cavm_l1": 0.0, "err_train_cmm_l1": 0.0, "_wandb": {"runtime": 99}}