{"err_test_cavm": 9.13499927520752, "err_test_cmm": 2.740000009536743, "err_train_cavm": 5.0, "err_train_cmm": 0.0, "_timestamp": 1651150091, "_runtime": 4, "_step": 1, "err_test_cavm_l1": 0.0, "err_test_cmm_l1": 1.8650001287460327, "err_train_cavm_l1": 0.0, "err_train_cmm_l1": 0.0, "_wandb": {"runtime": 2}}