{"err_test_cmm": 27.14000129699707, "err_train_cmm": 0.0, "_timestamp": 1653640019, "_runtime": 9, "_step": 1, "err_test_cmm_l1": 3.265000104904175, "err_train_cmm_l1": 0.0, "_wandb": {"runtime": 7}}