{"err_test_cavm": 24.9950008392334, "err_test_cmm": 23.96000099182129, "err_train_cavm": 4.0, "err_train_cmm": 0.0, "_timestamp": 1651252307, "_runtime": 6, "_step": 1, "err_test_cavm_l1": 0.0, "err_test_cmm_l1": 27.564998626708984, "err_train_cavm_l1": 0.0, "err_train_cmm_l1": 0.0, "_wandb": {"runtime": 2}}