{"err_test_cavm_l1": 2.195000171661377, "err_test_cmm_l1": 16.599998474121094, "err_train_cavm_l1": 0.9302325248718262, "err_train_cmm_l1": 0.0, "_timestamp": 1651667398, "_runtime": 4, "_step": 0, "_wandb": {"runtime": 2}}