{"err_test_cavm_l1": 9.90999984741211, "err_test_cmm_l1": 29.475000381469727, "err_train_cavm_l1": 0.0, "err_train_cmm_l1": 0.0, "_timestamp": 1651026781, "_runtime": 109, "_step": 0, "_wandb": {"runtime": 106}}