{"avg_test_c0": 99.31500244140625, "avg_test_c1": 98.88999938964844, "avg_test_c2": 97.39500427246094, "avg_test_cmm": 0.9100000262260437, "_timestamp": 1649324806, "_runtime": 10, "_step": 0, "_wandb": {"runtime": 5}}