{"err_test_cavm_l1": 32.4900016784668, "err_test_cmm_l1": 27.270000457763672, "err_train_cavm_l1": 0.0, "err_train_cmm_l1": 0.0, "_timestamp": 1653079007, "_runtime": 10, "_step": 0, "_wandb": {"runtime": 2}}