{"err_test_cavm": 28.69499969482422, "err_test_cmm": 24.770000457763672, "err_train_cavm": 7.0, "err_train_cmm": 0.0, "_timestamp": 1651585920, "_runtime": 5, "_step": 1, "err_test_cavm_l1": 0.0, "err_test_cmm_l1": 20.360000610351562, "err_train_cavm_l1": 0.0, "err_train_cmm_l1": 0.0, "_wandb": {"runtime": 2}}