{"err_test_cavm": 15.264999389648438, "err_test_cmm": 16.670000076293945, "err_train_cavm": 0.0, "err_train_cmm": 0.0, "_timestamp": 1649847203, "_runtime": 307, "_step": 1, "err_test_cavm_l1": 1.6750000715255737, "err_test_cmm_l1": 4.850000381469727, "err_train_cavm_l1": 0.0, "err_train_cmm_l1": 0.0, "_wandb": {"runtime": 304}}