{"err_test_cavm": 11.699999809265137, "err_test_cmm": 7.299999713897705, "err_train_cavm": 8.0, "err_train_cmm": 0.0, "_timestamp": 1651245584, "_runtime": 4, "_step": 1, "err_test_cavm_l1": 0.0, "err_test_cmm_l1": 2.2899999618530273, "err_train_cavm_l1": 0.0, "err_train_cmm_l1": 0.0, "_wandb": {"runtime": 2}}