{"err_test_cmm": 25.389999389648438, "err_train_cmm": 0.0, "_timestamp": 1653571698, "_runtime": 4, "_step": 1, "err_test_cmm_l1": 7.559999942779541, "err_train_cmm_l1": 0.0, "_wandb": {"runtime": 1}}