{"err_test_cmm": 29.76500129699707, "err_train_cmm": 0.0, "_timestamp": 1653570789, "_runtime": 6, "_step": 1, "err_test_cmm_l1": 7.935000419616699, "err_train_cmm_l1": 0.0, "_wandb": {"runtime": 2}}