{"err_test_cavm": 37.01499938964844, "err_test_cmm": 36.86000061035156, "err_train_cavm": 0.0, "err_train_cmm": 0.0, "_timestamp": 1649789424, "_runtime": 113, "_step": 1, "err_test_cavm_l1": 3.5450000762939453, "err_test_cmm_l1": 7.864999771118164, "err_train_cavm_l1": 0.0, "err_train_cmm_l1": 0.0, "_wandb": {"runtime": 110}}