{"err_test_cavm": 45.52499771118164, "err_test_cmm": 45.380001068115234, "err_train_cavm": 0.0, "err_train_cmm": 0.0, "_timestamp": 1649832672, "_runtime": 111, "_step": 1, "err_test_cavm_l1": 9.239999771118164, "err_test_cmm_l1": 16.719999313354492, "err_train_cavm_l1": 0.0, "err_train_cmm_l1": 0.0, "_wandb": {"runtime": 109}}