{"err_test_cavm_l1": 7.190000057220459, "err_test_cmm_l1": 33.01499938964844, "err_train_cavm_l1": 0.0, "err_train_cmm_l1": 0.0, "_timestamp": 1651024738, "_runtime": 107, "_step": 0, "_wandb": {"runtime": 105}}