{"err_test_cmm": 49.40999984741211, "err_train_cmm": 0.0, "_timestamp": 1653525841, "_runtime": 3, "_step": 1, "err_test_cmm_l1": 49.89500045776367, "err_train_cmm_l1": 0.0, "_wandb": {"runtime": 1}}