{"err_test_cavm": 19.329999923706055, "err_test_cmm": 16.6299991607666, "err_train_cavm": 0.0, "err_train_cmm": 0.0, "_timestamp": 1649787453, "_runtime": 89, "_step": 1, "err_test_cavm_l1": 3.950000286102295, "err_test_cmm_l1": 8.324999809265137, "err_train_cavm_l1": 0.0, "err_train_cmm_l1": 0.0, "_wandb": {"runtime": 87}}