{"err_test_cavm": 0.9900000095367432, "err_test_cmm": 0.0, "err_train_cavm": 0.0, "err_train_cmm": 0.0, "_timestamp": 1653054330, "_runtime": 8, "_step": 1, "err_test_cavm_l1": 0.9750000238418579, "err_test_cmm_l1": 0.3400000035762787, "err_train_cavm_l1": 0.0, "err_train_cmm_l1": 0.0, "_wandb": {"runtime": 2}}