{"err_test_cavm": 45.224998474121094, "err_test_cmm": 45.220001220703125, "err_train_cavm": 0.0, "err_train_cmm": 0.0, "_timestamp": 1649743592, "_runtime": 105, "_step": 0, "_wandb": {"runtime": 6025}}