{"err_test_cavm": 36.89500045776367, "err_test_cmm": 6.535000324249268, "err_train_cavm": 0.0, "err_train_cmm": 0.0, "_timestamp": 1653603259, "_runtime": 6, "_step": 1, "err_test_cavm_l1": 6.795000076293945, "err_test_cmm_l1": 0.4950000047683716, "err_train_cavm_l1": 0.0, "err_train_cmm_l1": 0.0, "_wandb": {"runtime": 3}}