{"err_test_cavm": 20.334999084472656, "err_test_cmm": 15.404998779296875, "err_train_cavm": 10.0, "err_train_cmm": 0.0, "_timestamp": 1651252289, "_runtime": 5, "_step": 1, "err_test_cavm_l1": 0.0, "err_test_cmm_l1": 10.369999885559082, "err_train_cavm_l1": 0.0, "err_train_cmm_l1": 0.0, "_wandb": {"runtime": 2}}