{"err_test_cmm": 49.029998779296875, "err_train_cmm": 0.0, "_timestamp": 1653571998, "_runtime": 19, "_step": 1, "err_test_cmm_l1": 10.0649995803833, "err_train_cmm_l1": 0.0, "_wandb": {"runtime": 17}}