{"err_test_cavm": 45.349998474121094, "err_test_cmm": 45.29499816894531, "err_train_cavm": 0.0, "err_train_cmm": 0.0, "_timestamp": 1651586475, "_runtime": 4, "_step": 1, "err_test_cavm_l1": 0.0, "err_test_cmm_l1": 49.724998474121094, "err_train_cavm_l1": 0.0, "err_train_cmm_l1": 0.0, "_wandb": {"runtime": 2}}