{"err_test_cavm": 0.375, "err_test_cmm": 1.0700000524520874, "err_train_cavm": 0.0, "err_train_cmm": 0.0, "_timestamp": 1653608713, "_runtime": 75, "_step": 1, "err_test_cavm_l1": 0.4749999940395355, "err_test_cmm_l1": 0.6100000143051147, "err_train_cavm_l1": 0.0, "err_train_cmm_l1": 0.0, "_wandb": {"runtime": 72}}