{"err_test_cavm": 18.03499984741211, "err_test_cmm": 19.625, "err_train_cavm": 0.0, "err_train_cmm": 0.0, "_timestamp": 1649779135, "_runtime": 108, "_step": 1, "err_test_cavm_l1": 3.234999895095825, "err_test_cmm_l1": 5.505000114440918, "err_train_cavm_l1": 0.0, "err_train_cmm_l1": 0.0, "_wandb": {"runtime": 105}}