{"err_test_cavm_l1": 3.6549999713897705, "err_test_cmm_l1": 8.329999923706055, "err_train_cavm_l1": 0.0, "err_train_cmm_l1": 0.0, "_timestamp": 1651037267, "_runtime": 57, "_step": 0, "_wandb": {"runtime": 54}}