{"err_test_cavm": 36.07500076293945, "err_test_cmm": 35.67500305175781, "err_train_cavm": 2.0, "err_train_cmm": 0.0, "_timestamp": 1651250743, "_runtime": 5, "_step": 1, "err_test_cavm_l1": 0.0, "err_test_cmm_l1": 46.209999084472656, "err_train_cavm_l1": 0.0, "err_train_cmm_l1": 0.0, "_wandb": {"runtime": 2}}