{"err_test_cavm_l1": 2.944999933242798, "err_test_cmm_l1": 49.939998626708984, "err_train_cavm_l1": 0.0, "err_train_cmm_l1": 0.0, "_timestamp": 1652891092, "_runtime": 6, "_step": 0, "_wandb": {"runtime": 3}}