{"err_test_cavm": 16.635000228881836, "err_test_cmm": 6.864999771118164, "err_train_cavm": 11.0, "err_train_cmm": 0.0, "_timestamp": 1651251342, "_runtime": 5, "_step": 1, "err_test_cavm_l1": 0.0, "err_test_cmm_l1": 3.190000057220459, "err_train_cavm_l1": 0.0, "err_train_cmm_l1": 0.0, "_wandb": {"runtime": 2}}