{"err_test_cavm_l1": 1.3450000286102295, "err_test_cmm_l1": 4.920000076293945, "err_train_cavm_l1": 0.0, "err_train_cmm_l1": 0.0, "_timestamp": 1650485345, "_runtime": 282, "_step": 0, "_wandb": {"runtime": 277}}