{"err_test_cavm_l1": 16.329999923706055, "err_test_cmm_l1": 20.03499984741211, "err_train_cavm_l1": 0.0, "err_train_cmm_l1": 0.0, "_timestamp": 1650995460, "_runtime": 128, "_step": 0, "_wandb": {"runtime": 125}}