{"err_test_cmm": 43.20499801635742, "err_train_cmm": 0.0, "_timestamp": 1653555315, "_runtime": 6, "_step": 1, "err_test_cmm_l1": 11.514999389648438, "err_train_cmm_l1": 0.0, "_wandb": {"runtime": 1}}