{"err_test_cavm": 31.720001220703125, "err_test_cmm": 0.0, "err_train_cavm": 27.000001907348633, "err_train_cmm": 0.0, "_timestamp": 1653047964, "_runtime": 6, "_step": 1, "err_test_cavm_l1": 50.26000213623047, "err_test_cmm_l1": 36.68499755859375, "err_train_cavm_l1": 46.0, "err_train_cmm_l1": 0.0, "_wandb": {"runtime": 1}}