{"err_test_cmm": 41.470001220703125, "err_train_cmm": 0.0, "_timestamp": 1653566188, "_runtime": 6, "_step": 1, "err_test_cmm_l1": 9.739999771118164, "err_train_cmm_l1": 0.0, "_wandb": {"runtime": 2}}