{"err_test_cavm": 29.44999885559082, "err_test_cmm": 29.100000381469727, "err_train_cavm": 0.0, "err_train_cmm": 0.0, "_timestamp": 1649813503, "_runtime": 91, "_step": 1, "err_test_cavm_l1": 5.389999866485596, "err_test_cmm_l1": 12.214999198913574, "err_train_cavm_l1": 0.0, "err_train_cmm_l1": 0.0, "_wandb": {"runtime": 89}}