{"err_test_cmm": 47.33000183105469, "err_train_cmm": 0.0, "_timestamp": 1653570450, "_runtime": 7, "_step": 1, "err_test_cmm_l1": 10.899999618530273, "err_train_cmm_l1": 0.0, "_wandb": {"runtime": 4}}