{"err_test_cavm": 33.349998474121094, "err_test_cmm": 31.51000213623047, "err_train_cavm": 4.0, "err_train_cmm": 0.0, "_timestamp": 1651582332, "_runtime": 3, "_step": 1, "err_test_cavm_l1": 0.0, "err_test_cmm_l1": 35.67000198364258, "err_train_cavm_l1": 0.0, "err_train_cmm_l1": 0.0, "_wandb": {"runtime": 2}}