{"err_test_cavm": 41.78000259399414, "err_test_cmm": 41.28000259399414, "err_train_cavm": 0.0, "err_train_cmm": 0.0, "_timestamp": 1651588066, "_runtime": 5, "_step": 1, "err_test_cavm_l1": 0.0, "err_test_cmm_l1": 50.30000305175781, "err_train_cavm_l1": 0.0, "err_train_cmm_l1": 0.0, "_wandb": {"runtime": 2}}