{"err_test_cmm": 46.345001220703125, "err_train_cmm": 0.0, "_timestamp": 1653526430, "_runtime": 3, "_step": 1, "err_test_cmm_l1": 50.33000183105469, "err_train_cmm_l1": 0.0, "_wandb": {"runtime": 1}}