{"err_test_cavm": 0.39499998092651367, "err_test_cmm": 1.1349999904632568, "err_train_cavm": 0.0, "err_train_cmm": 0.0, "_timestamp": 1653601703, "_runtime": 79, "_step": 1, "err_test_cavm_l1": 0.44999998807907104, "err_test_cmm_l1": 0.5600000023841858, "err_train_cavm_l1": 0.0, "err_train_cmm_l1": 0.0, "_wandb": {"runtime": 76}}