{"err_test_cmm": 9.03499984741211, "err_train_cmm": 0.0, "_timestamp": 1653523930, "_runtime": 37, "_step": 1, "err_test_cmm_l1": 4.670000076293945, "err_train_cmm_l1": 0.0, "_wandb": {"runtime": 35}}