{"err_test_cavm_l1": 2.8550000190734863, "err_test_cmm_l1": 17.204999923706055, "err_train_cavm_l1": 0.0, "err_train_cmm_l1": 0.0, "_timestamp": 1651829251, "_runtime": 5, "_step": 0, "_wandb": {"runtime": 2}}