{"err_test_cavm": 24.53499984741211, "err_test_cmm": 25.575000762939453, "err_train_cavm": 0.0, "err_train_cmm": 0.0, "_timestamp": 1649789176, "_runtime": 123, "_step": 1, "err_test_cavm_l1": 3.5349998474121094, "err_test_cmm_l1": 7.575000286102295, "err_train_cavm_l1": 0.0, "err_train_cmm_l1": 0.0, "_wandb": {"runtime": 119}}