{"err_test_cavm_l1": 47.6150016784668, "err_test_cmm_l1": 46.82500076293945, "err_train_cavm_l1": 0.0, "err_train_cmm_l1": 0.0, "_timestamp": 1650999799, "_runtime": 58, "_step": 0, "_wandb": {"runtime": 57}}