{"err_test_cavm": 37.46500015258789, "err_test_cmm": 36.21999740600586, "err_train_cavm": 1.0, "err_train_cmm": 0.0, "_timestamp": 1651585299, "_runtime": 4, "_step": 1, "err_test_cavm_l1": 0.0, "err_test_cmm_l1": 43.72999954223633, "err_train_cavm_l1": 0.0, "err_train_cmm_l1": 0.0, "_wandb": {"runtime": 2}}