{"err_test_cavm": 35.20000076293945, "err_test_cmm": 32.84000015258789, "err_train_cavm": 2.0, "err_train_cmm": 0.0, "_timestamp": 1651585568, "_runtime": 4, "_step": 1, "err_test_cavm_l1": 0.0, "err_test_cmm_l1": 41.80000305175781, "err_train_cavm_l1": 0.0, "err_train_cmm_l1": 0.0, "_wandb": {"runtime": 2}}