{"err_test_cavm": 0.46000000834465027, "err_test_cmm": 1.2000000476837158, "err_train_cavm": 0.0, "err_train_cmm": 0.0, "_timestamp": 1653601858, "_runtime": 81, "_step": 1, "err_test_cavm_l1": 0.4350000023841858, "err_test_cmm_l1": 0.6150000095367432, "err_train_cavm_l1": 0.0, "err_train_cmm_l1": 0.0, "_wandb": {"runtime": 78}}