{"err_test_cavm": 28.760000228881836, "err_test_cmm": 25.595001220703125, "err_train_cavm": 11.0, "err_train_cmm": 0.0, "_timestamp": 1651588158, "_runtime": 3, "_step": 1, "err_test_cavm_l1": 0.0, "err_test_cmm_l1": 18.94499969482422, "err_train_cavm_l1": 0.0, "err_train_cmm_l1": 0.0, "_wandb": {"runtime": 1}}