{"err_test_cavm": 35.55000305175781, "err_test_cmm": 36.68000030517578, "err_train_cavm": 0.0, "err_train_cmm": 0.0, "_timestamp": 1651658803, "_runtime": 6, "_step": 0, "_wandb": {"runtime": 3}}