{"err_test_cavm_l1": 38.84000015258789, "err_test_cmm_l1": 43.14500045776367, "err_train_cavm_l1": 19.047618865966797, "err_train_cmm_l1": 0.0, "_timestamp": 1651851262, "_runtime": 6, "_step": 0, "_wandb": {"runtime": 2}}