{"err_test_cavm_l1": 49.595001220703125, "err_test_cmm_l1": 47.31999969482422, "err_train_cavm_l1": 0.0, "err_train_cmm_l1": 0.0, "_timestamp": 1651830530, "_runtime": 5, "_step": 0, "_wandb": {"runtime": 2}}