{"err_test_cavm": 23.434999465942383, "err_test_cmm": 23.94499969482422, "err_train_cavm": 0.0, "err_train_cmm": 0.0, "_timestamp": 1649812504, "_runtime": 90, "_step": 1, "err_test_cavm_l1": 2.815000057220459, "err_test_cmm_l1": 6.829999923706055, "err_train_cavm_l1": 0.0, "err_train_cmm_l1": 0.0, "_wandb": {"runtime": 88}}