{"err_test_cavm": 30.954998016357422, "err_test_cmm": 31.869998931884766, "err_train_cavm": 0.0, "err_train_cmm": 0.0, "_timestamp": 1649786276, "_runtime": 97, "_step": 1, "err_test_cavm_l1": 3.1800003051757812, "err_test_cmm_l1": 7.074999809265137, "err_train_cavm_l1": 0.0, "err_train_cmm_l1": 0.0, "_wandb": {"runtime": 95}}