{"err_test_cmm": 43.02499771118164, "err_train_cmm": 0.0, "_timestamp": 1653523193, "_runtime": 3, "_step": 1, "err_test_cmm_l1": 50.30500411987305, "err_train_cmm_l1": 0.0, "_wandb": {"runtime": 1}}