{"err_test_cavm_l1": 0.3500000238418579, "err_test_cmm_l1": 14.914999961853027, "err_train_cavm_l1": 0.0, "err_train_cmm_l1": 0.0, "_timestamp": 1653134520, "_runtime": 6, "_step": 0, "_wandb": {"runtime": 2}}