{"err_test_cavm_l1": 0.3700000047683716, "err_test_cmm_l1": 4.744999885559082, "err_train_cavm_l1": 0.0, "err_train_cmm_l1": 0.0, "_timestamp": 1652283345, "_runtime": 11, "_step": 0, "_wandb": {"runtime": 4}}