{"err_test_cavm": 31.150001525878906, "err_test_cmm": 30.235000610351562, "err_train_cavm": 1.7241379022598267, "err_train_cmm": 0.0, "_timestamp": 1652187659, "_runtime": 9, "_step": 1, "err_test_cavm_l1": 0.0, "err_test_cmm_l1": 33.45499801635742, "err_train_cavm_l1": 0.0, "err_train_cmm_l1": 0.0, "_wandb": {"runtime": 2}}