{"err_test_cavm_l1": 51.47999954223633, "err_test_cmm_l1": 26.39499855041504, "err_train_cavm_l1": 48.893104553222656, "err_train_cmm_l1": 8.475648323845665, "_timestamp": 1651029353, "_runtime": 194, "_step": 0, "_wandb": {"runtime": 192}}