{"err_test_cavm_l1": 23.68000030517578, "err_test_cmm_l1": 39.88999938964844, "err_train_cavm_l1": 0.0, "err_train_cmm_l1": 0.0, "_timestamp": 1651037067, "_runtime": 97, "_step": 0, "_wandb": {"runtime": 94}}