{"err_test_cmm": 39.2599983215332, "err_train_cmm": 0.0, "_timestamp": 1653640044, "_runtime": 5, "_step": 1, "err_test_cmm_l1": 7.694999694824219, "err_train_cmm_l1": 0.0, "_wandb": {"runtime": 2}}