{"err_test_cavm_l1": 3.4000000953674316, "err_test_cmm_l1": 24.899999618530273, "err_train_cavm_l1": 3.22580623626709, "err_train_cmm_l1": 0.0, "_timestamp": 1653134848, "_runtime": 6, "_step": 0, "_wandb": {"runtime": 2}}