{"err_test_cavm": 47.2400016784668, "err_test_cmm": 47.04500198364258, "err_train_cavm": 0.0, "err_train_cmm": 0.0, "_timestamp": 1651151864, "_runtime": 4, "_step": 1, "err_test_cavm_l1": 49.915000915527344, "err_test_cmm_l1": 49.88999938964844, "err_train_cavm_l1": 90.0, "err_train_cmm_l1": 0.0, "_wandb": {"runtime": 2}}