{"err_test_cavm": 20.825000762939453, "err_test_cmm": 15.170000076293945, "err_train_cavm": 10.65573787689209, "err_train_cmm": 0.0, "_timestamp": 1652187772, "_runtime": 6, "_step": 1, "err_test_cavm_l1": 0.0, "err_test_cmm_l1": 8.194999694824219, "err_train_cavm_l1": 0.0, "err_train_cmm_l1": 0.0, "_wandb": {"runtime": 2}}