{"err_test_cavm_l1": 7.235000133514404, "err_test_cmm_l1": 16.18000030517578, "err_train_cavm_l1": 0.0, "err_train_cmm_l1": 0.0, "_timestamp": 1650972892, "_runtime": 66, "_step": 0, "_wandb": {"runtime": 64}}