{"err_test_cmm": 46.61499786376953, "err_train_cmm": 0.0, "_timestamp": 1653573356, "_runtime": 8, "_step": 1, "err_test_cmm_l1": 22.045000076293945, "err_train_cmm_l1": 0.0, "_wandb": {"runtime": 4}}