{"err_test_cavm": 14.669999122619629, "err_test_cmm": 13.979999542236328, "err_train_cavm": 9.0, "err_train_cmm": 0.0, "_timestamp": 1651247926, "_runtime": 4, "_step": 1, "err_test_cavm_l1": 0.0, "err_test_cmm_l1": 5.359999656677246, "err_train_cavm_l1": 0.0, "err_train_cmm_l1": 0.0, "_wandb": {"runtime": 2}}