{"err_test_cavm": 25.345001220703125, "err_test_cmm": 21.59000015258789, "err_train_cavm": 9.0, "err_train_cmm": 0.0, "_timestamp": 1651587173, "_runtime": 3, "_step": 1, "err_test_cavm_l1": 0.0, "err_test_cmm_l1": 20.94499969482422, "err_train_cavm_l1": 0.0, "err_train_cmm_l1": 0.0, "_wandb": {"runtime": 2}}