{"err_test_cmm": 39.75499725341797, "err_train_cmm": 0.0, "_timestamp": 1653555302, "_runtime": 6, "_step": 1, "err_test_cmm_l1": 7.419999599456787, "err_train_cmm_l1": 0.0, "_wandb": {"runtime": 2}}