{"err_test_cavm_l1": 21.454999923706055, "err_test_cmm_l1": 49.709999084472656, "err_train_cavm_l1": 0.0, "err_train_cmm_l1": 0.0, "_timestamp": 1652280899, "_runtime": 7, "_step": 0, "_wandb": {"runtime": 4}}