{"err_test_cavm": 43.994998931884766, "err_test_cmm": 43.98500061035156, "err_train_cavm": 0.0, "err_train_cmm": 0.0, "_timestamp": 1651667852, "_runtime": 3, "_step": 1, "err_test_cavm_l1": 50.05000305175781, "err_test_cmm_l1": 40.57500076293945, "err_train_cavm_l1": 33.333335876464844, "err_train_cmm_l1": 0.0, "_wandb": {"runtime": 2}}