{"err_test_cavm": 1.3899999856948853, "err_test_cmm": 2.2899999618530273, "err_train_cavm": 0.0, "err_train_cmm": 0.0, "_timestamp": 1653609066, "_runtime": 8, "_step": 1, "err_test_cavm_l1": 1.2549999952316284, "err_test_cmm_l1": 0.7099999785423279, "err_train_cavm_l1": 0.0, "err_train_cmm_l1": 0.0, "_wandb": {"runtime": 6}}