{"err_test_cmm": 28.38500213623047, "err_train_cmm": 0.0, "_timestamp": 1653523570, "_runtime": 3, "_step": 1, "err_test_cmm_l1": 23.489999771118164, "err_train_cmm_l1": 0.0, "_wandb": {"runtime": 1}}