{"err_test_cavm": 47.665000915527344, "err_test_cmm": 47.76000213623047, "err_train_cavm": 0.0, "err_train_cmm": 0.0, "_timestamp": 1651582879, "_runtime": 7, "_step": 1, "err_test_cavm_l1": 0.0, "err_test_cmm_l1": 50.48999786376953, "err_train_cavm_l1": 0.0, "err_train_cmm_l1": 0.0, "_wandb": {"runtime": 5}}