{"err_test_cavm_l1": 10.36500072479248, "err_test_cmm_l1": 13.779999732971191, "err_train_cavm_l1": 0.0, "err_train_cmm_l1": 0.0, "_timestamp": 1650994080, "_runtime": 88, "_step": 0, "_wandb": {"runtime": 86}}