{"err_test_cavm": 42.98500061035156, "err_test_cmm": 42.96999740600586, "err_train_cavm": 0.0, "err_train_cmm": 0.0, "_timestamp": 1649848132, "_runtime": 148, "_step": 1, "err_test_cavm_l1": 34.345001220703125, "err_test_cmm_l1": 36.51499938964844, "err_train_cavm_l1": 0.0, "err_train_cmm_l1": 0.0, "_wandb": {"runtime": 146}}