{"err_test_cavm": 41.65999984741211, "err_test_cmm": 40.57500076293945, "err_train_cavm": 0.0, "err_train_cmm": 0.0, "_timestamp": 1652259725, "_runtime": 7, "_step": 1, "err_test_cavm_l1": 49.55500030517578, "err_test_cmm_l1": 37.775001525878906, "err_train_cavm_l1": 23.076923370361328, "err_train_cmm_l1": 0.0, "_wandb": {"runtime": 3}}