{"err_test_cavm": 35.26000213623047, "err_test_cmm": 34.959999084472656, "err_train_cavm": 0.0, "err_train_cmm": 0.0, "_timestamp": 1651668094, "_runtime": 3, "_step": 1, "err_test_cavm_l1": 49.67499923706055, "err_test_cmm_l1": 42.220001220703125, "err_train_cavm_l1": 35.71428680419922, "err_train_cmm_l1": 0.0, "_wandb": {"runtime": 2}}