{"err_test_cavm": 14.139999389648438, "err_test_cmm": 14.405000686645508, "err_train_cavm": 0.0, "err_train_cmm": 0.0, "_timestamp": 1649813285, "_runtime": 154, "_step": 1, "err_test_cavm_l1": 2.3600001335144043, "err_test_cmm_l1": 4.210000038146973, "err_train_cavm_l1": 0.0, "err_train_cmm_l1": 0.0, "_wandb": {"runtime": 151}}