{"err_test_cavm_l1": 32.060001373291016, "err_test_cmm_l1": 34.17499923706055, "err_train_cavm_l1": 0.0, "err_train_cmm_l1": 0.0, "_timestamp": 1651002725, "_runtime": 118, "_step": 0, "_wandb": {"runtime": 116}}