{"err_test_cavm": 45.599998474121094, "err_test_cmm": 45.619998931884766, "err_train_cavm": 0.0, "err_train_cmm": 0.0, "_timestamp": 1649839630, "_runtime": 101, "_step": 1, "err_test_cavm_l1": 30.814998626708984, "err_test_cmm_l1": 33.349998474121094, "err_train_cavm_l1": 0.0, "err_train_cmm_l1": 0.0, "_wandb": {"runtime": 99}}