{"err_test_cavm": 46.994998931884766, "err_test_cmm": 47.005001068115234, "err_train_cavm": 0.0, "err_train_cmm": 0.0, "_timestamp": 1651250388, "_runtime": 6, "_step": 1, "err_test_cavm_l1": 0.0, "err_test_cmm_l1": 49.66999816894531, "err_train_cavm_l1": 0.0, "err_train_cmm_l1": 0.0, "_wandb": {"runtime": 3}}