{"err_test_cavm_l1": 1.5950000286102295, "err_test_cmm_l1": 5.690000057220459, "err_train_cavm_l1": 0.0, "err_train_cmm_l1": 0.0, "_timestamp": 1650988399, "_runtime": 49, "_step": 0, "_wandb": {"runtime": 47}}