{"err_test_cavm_l1": 9.3149995803833, "err_test_cmm_l1": 26.885000228881836, "err_train_cavm_l1": 0.0, "err_train_cmm_l1": 0.0, "_timestamp": 1651024624, "_runtime": 112, "_step": 0, "_wandb": {"runtime": 109}}