{"err_test_cavm": 17.380001068115234, "err_test_cmm": 7.090000152587891, "err_train_cavm": 10.978043556213379, "err_train_cmm": 0.0, "_timestamp": 1652109904, "_runtime": 15, "_step": 1, "err_test_cavm_l1": 35.51000213623047, "err_test_cmm_l1": 6.809999942779541, "err_train_cavm_l1": 34.93014144897461, "err_train_cmm_l1": 0.0, "_wandb": {"runtime": 6}}