{"err_test_cavm_l1": 0.23000000417232513, "err_test_cmm_l1": 4.579999923706055, "err_train_cavm_l1": 0.0, "err_train_cmm_l1": 0.0, "_timestamp": 1651667090, "_runtime": 6, "_step": 0, "_wandb": {"runtime": 3}}