{"err_test_cavm_l1": 5.045000076293945, "err_test_cmm_l1": 45.76499938964844, "err_train_cavm_l1": 0.0, "err_train_cmm_l1": 0.0, "_timestamp": 1652280578, "_runtime": 7, "_step": 0, "_wandb": {"runtime": 3}}