{"err_test_cavm": 46.48999786376953, "err_test_cmm": 46.52499771118164, "err_train_cavm": 0.0, "err_train_cmm": 0.0, "_timestamp": 1652109369, "_runtime": 7, "_step": 1, "err_test_cavm_l1": 50.290000915527344, "err_test_cmm_l1": 49.654998779296875, "err_train_cavm_l1": 0.0, "err_train_cmm_l1": 0.0, "_wandb": {"runtime": 3}}