{"err_test_cavm_l1": 45.974998474121094, "err_test_cmm_l1": 32.05500030517578, "err_train_cavm_l1": 0.0, "err_train_cmm_l1": 0.0, "_timestamp": 1653128065, "_runtime": 4, "_step": 0, "_wandb": {"runtime": 1}}