{"err_test_cavm": 43.78499984741211, "err_test_cmm": 44.209999084472656, "err_train_cavm": 0.0, "err_train_cmm": 0.0, "_timestamp": 1651667840, "_runtime": 3, "_step": 1, "err_test_cavm_l1": 49.57500076293945, "err_test_cmm_l1": 49.65999984741211, "err_train_cavm_l1": 0.0, "err_train_cmm_l1": 0.0, "_wandb": {"runtime": 2}}