{"err_test_cavm_l1": 3.130000114440918, "err_test_cmm_l1": 6.150000095367432, "err_train_cavm_l1": 0.0, "err_train_cmm_l1": 0.0, "_timestamp": 1650990278, "_runtime": 57, "_step": 0, "_wandb": {"runtime": 55}}