{"err_test_cavm": 31.505001068115234, "err_test_cmm": 31.93000030517578, "err_train_cavm": 2.0, "err_train_cmm": 0.0, "_timestamp": 1651582450, "_runtime": 4, "_step": 1, "err_test_cavm_l1": 0.0, "err_test_cmm_l1": 32.939998626708984, "err_train_cavm_l1": 0.0, "err_train_cmm_l1": 0.0, "_wandb": {"runtime": 2}}