{"err_test_cavm": 20.895000457763672, "err_test_cmm": 14.510000228881836, "err_train_cavm": 11.0, "err_train_cmm": 0.0, "_timestamp": 1651583460, "_runtime": 4, "_step": 1, "err_test_cavm_l1": 0.0, "err_test_cmm_l1": 8.960000038146973, "err_train_cavm_l1": 0.0, "err_train_cmm_l1": 0.0, "_wandb": {"runtime": 2}}