{"err_test_cavm_l1": 30.924999237060547, "err_test_cmm_l1": 41.22500228881836, "err_train_cavm_l1": 8.69565200805664, "err_train_cmm_l1": 0.0, "_timestamp": 1651829284, "_runtime": 6, "_step": 0, "_wandb": {"runtime": 2}}