{"err_test_cavm": 39.39999771118164, "err_test_cmm": 39.70000076293945, "err_train_cavm": 0.0, "err_train_cmm": 0.0, "_timestamp": 1651251959, "_runtime": 6, "_step": 1, "err_test_cavm_l1": 0.0, "err_test_cmm_l1": 41.31500244140625, "err_train_cavm_l1": 0.0, "err_train_cmm_l1": 0.0, "_wandb": {"runtime": 2}}