{"err_test_cavm": 31.28499984741211, "err_test_cmm": 0.0, "err_train_cavm": 29.0, "err_train_cmm": 0.0, "_timestamp": 1653048824, "_runtime": 8, "_step": 1, "err_test_cavm_l1": 50.34499740600586, "err_test_cmm_l1": 18.90999984741211, "err_train_cavm_l1": 47.0, "err_train_cmm_l1": 0.0, "_wandb": {"runtime": 2}}