{"err_test_cmm": 37.23999786376953, "err_train_cmm": 0.0, "_timestamp": 1653522403, "_runtime": 4, "_step": 1, "err_test_cmm_l1": 38.80000305175781, "err_train_cmm_l1": 0.0, "_wandb": {"runtime": 1}}