{"err_test_cavm_l1": 6.235000133514404, "err_test_cmm_l1": 15.815000534057617, "err_train_cavm_l1": 5.0, "err_train_cmm_l1": 0.0, "_timestamp": 1652273568, "_runtime": 9, "_step": 0, "_wandb": {"runtime": 3}}