{"err_test_cavm": 9.119999885559082, "err_test_cmm": 9.4350004196167, "err_train_cavm": 0.0, "err_train_cmm": 0.0, "_timestamp": 1653600941, "_runtime": 6, "_step": 1, "err_test_cavm_l1": 0.4300000071525574, "err_test_cmm_l1": 0.7199999690055847, "err_train_cavm_l1": 0.0, "err_train_cmm_l1": 0.0, "_wandb": {"runtime": 3}}