{"err_test_cavm": 36.66499710083008, "err_test_cmm": 37.119998931884766, "err_train_cavm": 0.0, "err_train_cmm": 0.0, "_timestamp": 1649779405, "_runtime": 138, "_step": 1, "err_test_cavm_l1": 3.1700000762939453, "err_test_cmm_l1": 7.5400004386901855, "err_train_cavm_l1": 0.0, "err_train_cmm_l1": 0.0, "_wandb": {"runtime": 135}}