{"err_test_cavm": 37.85000228881836, "err_test_cmm": 37.01499938964844, "err_train_cavm": 3.5714287757873535, "err_train_cmm": 0.0, "_timestamp": 1651667713, "_runtime": 4, "_step": 1, "err_test_cavm_l1": 35.380001068115234, "err_test_cmm_l1": 39.394996643066406, "err_train_cavm_l1": 21.428571701049805, "err_train_cmm_l1": 0.0, "_wandb": {"runtime": 2}}