{"err_test_cavm_l1": 3.6050000190734863, "err_test_cmm_l1": 8.404999732971191, "err_train_cavm_l1": 0.0, "err_train_cmm_l1": 0.0, "_timestamp": 1650968659, "_runtime": 93, "_step": 0, "_wandb": {"runtime": 91}}