{"err_test_cmm": 27.28499984741211, "err_train_cmm": 0.0, "_timestamp": 1653640260, "_runtime": 9, "_step": 1, "err_test_cmm_l1": 3.8899998664855957, "err_train_cmm_l1": 0.0, "_wandb": {"runtime": 7}}