{"err_test_cavm": 44.31999969482422, "err_test_cmm": 44.19499969482422, "err_train_cavm": 0.0, "err_train_cmm": 0.0, "_timestamp": 1651587833, "_runtime": 5, "_step": 1, "err_test_cavm_l1": 0.0, "err_test_cmm_l1": 50.019996643066406, "err_train_cavm_l1": 0.0, "err_train_cmm_l1": 0.0, "_wandb": {"runtime": 2}}