{"err_test_cavm": 40.14500045776367, "err_test_cmm": 39.55500030517578, "err_train_cavm": 1.0, "err_train_cmm": 0.0, "_timestamp": 1651582355, "_runtime": 4, "_step": 1, "err_test_cavm_l1": 0.0, "err_test_cmm_l1": 49.94499969482422, "err_train_cavm_l1": 0.0, "err_train_cmm_l1": 0.0, "_wandb": {"runtime": 2}}