{"err_test_cavm": 46.69499969482422, "err_test_cmm": 46.689998626708984, "err_train_cavm": 0.0, "err_train_cmm": 0.0, "_timestamp": 1651587615, "_runtime": 10, "_step": 1, "err_test_cavm_l1": 0.0, "err_test_cmm_l1": 49.81999969482422, "err_train_cavm_l1": 0.0, "err_train_cmm_l1": 0.0, "_wandb": {"runtime": 3}}