{"err_test_cavm_l1": 0.25999999046325684, "err_test_cmm_l1": 1.0549999475479126, "err_train_cavm_l1": 0.0, "err_train_cmm_l1": 0.0, "_timestamp": 1652376854, "_runtime": 10, "_step": 0, "_wandb": {"runtime": 4}}