{"err_test_cavm": 41.27000045776367, "err_test_cmm": 41.18000030517578, "err_train_cavm": 0.0, "err_train_cmm": 0.0, "_timestamp": 1649830305, "_runtime": 164, "_step": 1, "err_test_cavm_l1": 3.1800003051757812, "err_test_cmm_l1": 7.699999809265137, "err_train_cavm_l1": 0.0, "err_train_cmm_l1": 0.0, "_wandb": {"runtime": 162}}