{"err_test_cavm": 1.2300000190734863, "err_test_cmm": 0.0, "err_train_cavm": 3.0, "err_train_cmm": 0.0, "_timestamp": 1652891668, "_runtime": 6, "_step": 1, "err_test_cavm_l1": 49.28499984741211, "err_test_cmm_l1": 50.435001373291016, "err_train_cavm_l1": 44.0, "err_train_cmm_l1": 0.0, "_wandb": {"runtime": 4}}