{"err_test_cavm": 34.27000045776367, "err_test_cmm": 32.73500061035156, "err_train_cavm": 4.0, "err_train_cmm": 0.0, "_timestamp": 1651585038, "_runtime": 4, "_step": 1, "err_test_cavm_l1": 0.0, "err_test_cmm_l1": 30.235000610351562, "err_train_cavm_l1": 0.0, "err_train_cmm_l1": 0.0, "_wandb": {"runtime": 2}}