{"err_test_cavm": 30.280000686645508, "err_test_cmm": 31.970001220703125, "err_train_cavm": 0.0, "err_train_cmm": 0.0, "_timestamp": 1649812603, "_runtime": 92, "_step": 1, "err_test_cavm_l1": 4.445000171661377, "err_test_cmm_l1": 8.53499984741211, "err_train_cavm_l1": 0.0, "err_train_cmm_l1": 0.0, "_wandb": {"runtime": 90}}