{"err_test_cavm_l1": 50.05000305175781, "err_test_cmm_l1": 49.790000915527344, "err_train_cavm_l1": 0.0, "err_train_cmm_l1": 0.0, "_timestamp": 1653078684, "_runtime": 13, "_step": 0, "_wandb": {"runtime": 2}}