{"err_test_cavm_l1": 39.63999938964844, "err_test_cmm_l1": 47.70500183105469, "err_train_cavm_l1": 0.0, "err_train_cmm_l1": 0.0, "_timestamp": 1652283752, "_runtime": 7, "_step": 0, "_wandb": {"runtime": 3}}