{"err_test_cavm": 16.850000381469727, "err_test_cmm": 0.0, "err_train_cavm": 19.0, "err_train_cmm": 0.0, "_timestamp": 1652891655, "_runtime": 4, "_step": 1, "err_test_cavm_l1": 49.92499923706055, "err_test_cmm_l1": 49.755001068115234, "err_train_cavm_l1": 55.0, "err_train_cmm_l1": 0.0, "_wandb": {"runtime": 1}}