{"err_test_cavm": 1.4149999618530273, "err_test_cmm": 3.8550000190734863, "err_train_cavm": 0.0, "err_train_cmm": 0.0, "_timestamp": 1653583444, "_runtime": 5, "_step": 1, "err_test_cavm_l1": 1.4550000429153442, "err_test_cmm_l1": 3.754999876022339, "err_train_cavm_l1": 0.0, "err_train_cmm_l1": 0.0, "_wandb": {"runtime": 2}}