{"err_test_c0": 42.44499969482422, "err_test_c1": 42.3849983215332, "err_test_c2": 45.29499816894531, "err_test_cmm": 42.345001220703125, "err_train_c0": 0.0, "err_train_c1": 0.0, "err_train_c2": 0.0, "err_train_cmm": 0.0, "_timestamp": 1649344477, "_runtime": 376, "_step": 0, "_wandb": {"runtime": 1843}}