{"err_test_cmm": 28.485000610351562, "err_train_cmm": 0.0, "_timestamp": 1653522382, "_runtime": 3, "_step": 1, "err_test_cmm_l1": 28.06999969482422, "err_train_cmm_l1": 0.0, "_wandb": {"runtime": 1}}