{"err_test_cavm": 16.674999237060547, "err_test_cmm": 1.4000000953674316, "err_train_cavm": 0.0, "err_train_cmm": 0.0, "_timestamp": 1653607721, "_runtime": 20, "_step": 1, "err_test_cavm_l1": 1.8600000143051147, "err_test_cmm_l1": 0.5199999809265137, "err_train_cavm_l1": 0.0, "err_train_cmm_l1": 0.0, "_wandb": {"runtime": 17}}