{"err_test_c0": 0.36500000953674316, "err_test_c1": 0.2800000011920929, "err_test_c2": 29.030000686645508, "err_test_cmm": 1.8650001287460327, "err_train_c0": 2.0, "err_train_c1": 2.0, "err_train_c2": 35.0, "err_train_cmm": 4.0000000000000036, "_timestamp": 1649332292, "_runtime": 13, "_step": 0, "_wandb": {"runtime": 11}}