{"err_test_cavm": 29.71000099182129, "err_test_cmm": 28.799999237060547, "err_train_cavm": 3.361344814300537, "err_train_cmm": 0.0, "_timestamp": 1652259993, "_runtime": 7, "_step": 1, "err_test_cavm_l1": 0.0, "err_test_cmm_l1": 22.155000686645508, "err_train_cavm_l1": 0.0, "err_train_cmm_l1": 0.0, "_wandb": {"runtime": 3}}