{"err_test_cavm_l1": 0.26499998569488525, "err_test_cmm_l1": 4.529999732971191, "err_train_cavm_l1": 0.0, "err_train_cmm_l1": 0.0, "_timestamp": 1653053364, "_runtime": 8, "_step": 0, "_wandb": {"runtime": 1}}