{"err_test_cavm": 46.98500061035156, "err_test_cmm": 46.92499923706055, "err_train_cavm": 0.0, "err_train_cmm": 0.0, "_timestamp": 1649839737, "_runtime": 99, "_step": 1, "err_test_cavm_l1": 49.89500045776367, "err_test_cmm_l1": 50.314998626708984, "err_train_cavm_l1": 0.0, "err_train_cmm_l1": 0.0, "_wandb": {"runtime": 97}}