{"err_test_cavm": 39.62999725341797, "err_test_cmm": 39.29499816894531, "err_train_cavm": 0.0, "err_train_cmm": 0.0, "_timestamp": 1653669310, "_runtime": 4, "_step": 1, "err_test_cavm_l1": 30.654998779296875, "err_test_cmm_l1": 35.10499954223633, "err_train_cavm_l1": 0.0, "err_train_cmm_l1": 0.0, "_wandb": {"runtime": 2}}