{"err_test_cavm": 11.84000015258789, "err_test_cmm": 12.03499984741211, "err_train_cavm": 0.0, "err_train_cmm": 0.0, "_timestamp": 1649812406, "_runtime": 143, "_step": 1, "err_test_cavm_l1": 1.3050000667572021, "err_test_cmm_l1": 3.9250001907348633, "err_train_cavm_l1": 0.0, "err_train_cmm_l1": 0.0, "_wandb": {"runtime": 141}}