{"err_test_cavm": 32.814998626708984, "err_test_cmm": 30.315000534057617, "err_train_cavm": 5.0, "err_train_cmm": 0.0, "_timestamp": 1651584005, "_runtime": 4, "_step": 1, "err_test_cavm_l1": 0.0, "err_test_cmm_l1": 34.439998626708984, "err_train_cavm_l1": 0.0, "err_train_cmm_l1": 0.0, "_wandb": {"runtime": 2}}