{"err_test_cavm": 18.895000457763672, "err_test_cmm": 15.299999237060547, "err_train_cavm": 7.0, "err_train_cmm": 0.0, "_timestamp": 1651587162, "_runtime": 4, "_step": 1, "err_test_cavm_l1": 0.0, "err_test_cmm_l1": 11.654999732971191, "err_train_cavm_l1": 0.0, "err_train_cmm_l1": 0.0, "_wandb": {"runtime": 2}}