{"err_test_cavm_l1": 4.559999942779541, "err_test_cmm_l1": 8.694999694824219, "err_train_cavm_l1": 0.0, "err_train_cmm_l1": 0.0, "_timestamp": 1650988839, "_runtime": 95, "_step": 0, "_wandb": {"runtime": 93}}