{"err_test_cavm_l1": 18.35999870300293, "err_test_cmm_l1": 23.810001373291016, "err_train_cavm_l1": 0.0, "err_train_cmm_l1": 0.0, "_timestamp": 1650997806, "_runtime": 99, "_step": 0, "_wandb": {"runtime": 96}}