{"err_test_cavm_l1": 4.289999961853027, "err_test_cmm_l1": 29.399999618530273, "err_train_cavm_l1": 0.0, "err_train_cmm_l1": 0.0, "_timestamp": 1651040213, "_runtime": 62, "_step": 0, "_wandb": {"runtime": 59}}