{"err_test_cmm": 5.115000247955322, "err_train_cmm": 0.0, "_timestamp": 1653522286, "_runtime": 266, "_step": 1, "err_test_cmm_l1": 2.5299999713897705, "err_train_cmm_l1": 0.0, "_wandb": {"runtime": 262}}