{"err_test_cavm": 17.60500144958496, "err_test_cmm": 10.734999656677246, "err_train_cavm": 10.179640769958496, "err_train_cmm": 0.0, "_timestamp": 1652259437, "_runtime": 10, "_step": 1, "err_test_cavm_l1": 0.0, "err_test_cmm_l1": 5.299999713897705, "err_train_cavm_l1": 0.0, "err_train_cmm_l1": 0.0, "_wandb": {"runtime": 5}}