{"err_test_cavm": 42.875, "err_test_cmm": 7.085000038146973, "err_train_cavm": 0.0, "err_train_cmm": 0.0, "_timestamp": 1653608234, "_runtime": 6, "_step": 1, "err_test_cavm_l1": 9.184999465942383, "err_test_cmm_l1": 0.6150000095367432, "err_train_cavm_l1": 0.0, "err_train_cmm_l1": 0.0, "_wandb": {"runtime": 3}}