{"err_test_cavm": 32.95000076293945, "err_test_cmm": 32.584999084472656, "err_train_cavm": 2.0, "err_train_cmm": 0.0, "_timestamp": 1651585420, "_runtime": 4, "_step": 1, "err_test_cavm_l1": 0.0, "err_test_cmm_l1": 35.2400016784668, "err_train_cavm_l1": 0.0, "err_train_cmm_l1": 0.0, "_wandb": {"runtime": 2}}