{"err_test_cavm": 16.719999313354492, "err_test_cmm": 7.744999885559082, "err_train_cavm": 12.0, "err_train_cmm": 0.0, "_timestamp": 1651246858, "_runtime": 4, "_step": 1, "err_test_cavm_l1": 0.0, "err_test_cmm_l1": 5.394999980926514, "err_train_cavm_l1": 0.0, "err_train_cmm_l1": 0.0, "_wandb": {"runtime": 2}}