{"err_test_cavm": 0.41499999165534973, "err_test_cmm": 0.8299999833106995, "err_train_cavm": 0.0, "err_train_cmm": 0.0, "_timestamp": 1653664131, "_runtime": 8, "_step": 1, "err_test_cavm_l1": 0.8899999856948853, "err_test_cmm_l1": 0.2849999964237213, "err_train_cavm_l1": 0.0, "err_train_cmm_l1": 0.0, "_wandb": {"runtime": 5}}