{"err_test_cavm_l1": 49.72999954223633, "err_test_cmm_l1": 50.220001220703125, "err_train_cavm_l1": 0.0, "err_train_cmm_l1": 0.0, "_timestamp": 1652283483, "_runtime": 6, "_step": 0, "_wandb": {"runtime": 2}}