{"err_test_cmm": 46.83000183105469, "err_train_cmm": 0.0, "_timestamp": 1653525973, "_runtime": 4, "_step": 1, "err_test_cmm_l1": 49.26499938964844, "err_train_cmm_l1": 0.0, "_wandb": {"runtime": 1}}