{"err_test_cavm_l1": 2.444999933242798, "err_test_cmm_l1": 3.375000238418579, "err_train_cavm_l1": 0.0, "err_train_cmm_l1": 0.0, "_timestamp": 1650989633, "_runtime": 56, "_step": 0, "_wandb": {"runtime": 53}}