{"err_test_cavm_l1": 28.310001373291016, "err_test_cmm_l1": 41.625, "err_train_cavm_l1": 6.5217390060424805, "err_train_cmm_l1": 0.0, "_timestamp": 1651667229, "_runtime": 4, "_step": 0, "_wandb": {"runtime": 2}}