{"err_test_cavm": 32.435001373291016, "err_test_cmm": 30.53499984741211, "err_train_cavm": 5.0, "err_train_cmm": 0.0, "_timestamp": 1652260983, "_runtime": 6, "_step": 1, "err_test_cavm_l1": 0.0, "err_test_cmm_l1": 34.790000915527344, "err_train_cavm_l1": 0.0, "err_train_cmm_l1": 0.0, "_wandb": {"runtime": 3}}