{"err_test_cmm": 20.780000686645508, "err_train_cmm": 0.0, "_timestamp": 1653526570, "_runtime": 3, "_step": 1, "err_test_cmm_l1": 15.369998931884766, "err_train_cmm_l1": 0.0, "_wandb": {"runtime": 1}}