{"err_test_cavm": 16.864999771118164, "err_test_cmm": 6.134999752044678, "err_train_cavm": 8.0, "err_train_cmm": 0.0, "_timestamp": 1651250271, "_runtime": 5, "_step": 1, "err_test_cavm_l1": 0.0, "err_test_cmm_l1": 2.4549999237060547, "err_train_cavm_l1": 0.0, "err_train_cmm_l1": 0.0, "_wandb": {"runtime": 2}}