{"err_test_cavm": 20.100000381469727, "err_test_cmm": 11.005000114440918, "err_train_cavm": 11.0, "err_train_cmm": 0.0, "_timestamp": 1651249157, "_runtime": 5, "_step": 1, "err_test_cavm_l1": 0.0, "err_test_cmm_l1": 6.634999752044678, "err_train_cavm_l1": 0.0, "err_train_cmm_l1": 0.0, "_wandb": {"runtime": 2}}