{"err_test_cavm": 43.48500061035156, "err_test_cmm": 43.14500045776367, "err_train_cavm": 0.0, "err_train_cmm": 0.0, "_timestamp": 1651583535, "_runtime": 4, "_step": 1, "err_test_cavm_l1": 0.0, "err_test_cmm_l1": 40.45499801635742, "err_train_cavm_l1": 0.0, "err_train_cmm_l1": 0.0, "_wandb": {"runtime": 2}}