{"err_test_cavm": 6.454999923706055, "err_test_cmm": 8.25, "err_train_cavm": 0.0, "err_train_cmm": 0.0, "_timestamp": 1650875314, "_runtime": 109, "_step": 1, "err_test_cavm_l1": 3.5399999618530273, "err_test_cmm_l1": 7.784999847412109, "err_train_cavm_l1": 0.0, "err_train_cmm_l1": 0.0, "_wandb": {"runtime": 106}}