{"err_test_cavm": 43.5099983215332, "err_test_cmm": 43.2599983215332, "err_train_cavm": 0.0, "err_train_cmm": 0.0, "_timestamp": 1652261084, "_runtime": 9, "_step": 1, "err_test_cavm_l1": 0.0, "err_test_cmm_l1": 42.96999740600586, "err_train_cavm_l1": 0.0, "err_train_cmm_l1": 0.0, "_wandb": {"runtime": 4}}