{"err_test_cavm_l1": 32.76000213623047, "err_test_cmm_l1": 36.14999771118164, "err_train_cavm_l1": 0.0, "err_train_cmm_l1": 0.0, "_timestamp": 1651034591, "_runtime": 145, "_step": 0, "_wandb": {"runtime": 143}}