{"err_test_cavm": 46.845001220703125, "err_test_cmm": 46.64500045776367, "err_train_cavm": 0.0, "err_train_cmm": 0.0, "_timestamp": 1652260240, "_runtime": 7, "_step": 1, "err_test_cavm_l1": 49.80500030517578, "err_test_cmm_l1": 49.619998931884766, "err_train_cavm_l1": 0.0, "err_train_cmm_l1": 0.0, "_wandb": {"runtime": 3}}