{"err_test_cavm": 31.349998474121094, "err_test_cmm": 30.755001068115234, "err_train_cavm": 3.4482758045196533, "err_train_cmm": 0.0, "_timestamp": 1652109242, "_runtime": 9, "_step": 1, "err_test_cavm_l1": 35.540000915527344, "err_test_cmm_l1": 34.20000076293945, "err_train_cavm_l1": 34.482757568359375, "err_train_cmm_l1": 0.0, "_wandb": {"runtime": 3}}