{"err_test_cavm_l1": 49.459999084472656, "err_test_cmm_l1": 49.09000015258789, "err_train_cavm_l1": 20.0, "err_train_cmm_l1": 0.0, "_timestamp": 1651667254, "_runtime": 4, "_step": 0, "_wandb": {"runtime": 2}}