{"err_test_cmm": 49.07999801635742, "err_train_cmm": 0.0, "_timestamp": 1653572616, "_runtime": 23, "_step": 1, "err_test_cmm_l1": 17.810001373291016, "err_train_cmm_l1": 0.0, "_wandb": {"runtime": 19}}