{"err_test_cavm": 31.9950008392334, "err_test_cmm": 33.09499740600586, "err_train_cavm": 0.0, "err_train_cmm": 0.0, "_timestamp": 1649809902, "_runtime": 92, "_step": 1, "err_test_cavm_l1": 3.7749998569488525, "err_test_cmm_l1": 7.795000076293945, "err_train_cavm_l1": 0.0, "err_train_cmm_l1": 0.0, "_wandb": {"runtime": 89}}