{"err_test_cavm": 30.869998931884766, "err_test_cmm": 28.705001831054688, "err_train_cavm": 7.0, "err_train_cmm": 0.0, "_timestamp": 1651250314, "_runtime": 4, "_step": 1, "err_test_cavm_l1": 0.0, "err_test_cmm_l1": 32.63999938964844, "err_train_cavm_l1": 0.0, "err_train_cmm_l1": 0.0, "_wandb": {"runtime": 2}}