{"err_test_cavm": 27.280000686645508, "err_test_cmm": 25.005001068115234, "err_train_cavm": 11.0, "err_train_cmm": 0.0, "_timestamp": 1651588409, "_runtime": 3, "_step": 1, "err_test_cavm_l1": 0.0, "err_test_cmm_l1": 23.475000381469727, "err_train_cavm_l1": 0.0, "err_train_cmm_l1": 0.0, "_wandb": {"runtime": 2}}