{"err_test_cavm_l1": 14.135000228881836, "err_test_cmm_l1": 49.279998779296875, "err_train_cavm_l1": 0.0, "err_train_cmm_l1": 0.0, "_timestamp": 1652279521, "_runtime": 9, "_step": 0, "_wandb": {"runtime": 5}}