{"err_test_cavm": 14.845000267028809, "err_test_cmm": 16.469999313354492, "err_train_cavm": 0.0, "err_train_cmm": 0.0, "_timestamp": 1649811536, "_runtime": 145, "_step": 1, "err_test_cavm_l1": 1.7050000429153442, "err_test_cmm_l1": 4.335000038146973, "err_train_cavm_l1": 0.0, "err_train_cmm_l1": 0.0, "_wandb": {"runtime": 143}}