{"err_test_cavm": 47.345001220703125, "err_test_cmm": 47.44000244140625, "err_train_cavm": 0.0, "err_train_cmm": 0.0, "_timestamp": 1651586885, "_runtime": 6, "_step": 1, "err_test_cavm_l1": 0.0, "err_test_cmm_l1": 50.43000030517578, "err_train_cavm_l1": 0.0, "err_train_cmm_l1": 0.0, "_wandb": {"runtime": 4}}