{"err_test_cavm_l1": 3.489999771118164, "err_test_cmm_l1": 9.255000114440918, "err_train_cavm_l1": 0.0, "err_train_cmm_l1": 0.0, "_timestamp": 1651038704, "_runtime": 63, "_step": 0, "_wandb": {"runtime": 60}}