{"err_test_cavm": 44.03499984741211, "err_test_cmm": 43.23999786376953, "err_train_cavm": 0.0, "err_train_cmm": 0.0, "_timestamp": 1651248932, "_runtime": 5, "_step": 1, "err_test_cavm_l1": 0.0, "err_test_cmm_l1": 7.525000095367432, "err_train_cavm_l1": 0.0, "err_train_cmm_l1": 0.0, "_wandb": {"runtime": 2}}