{"err_test_cavm_l1": 50.01000213623047, "err_test_cmm_l1": 50.400001525878906, "err_train_cavm_l1": 0.0, "err_train_cmm_l1": 0.0, "_timestamp": 1653610276, "_runtime": 5, "_step": 0, "_wandb": {"runtime": 2}}