{"err_test_cavm_l1": 49.56999969482422, "err_test_cmm_l1": 50.064998626708984, "err_train_cavm_l1": 0.0, "err_train_cmm_l1": 0.0, "_timestamp": 1651033242, "_runtime": 74, "_step": 0, "_wandb": {"runtime": 72}}