{"err_test_cavm": 45.17499923706055, "err_test_cmm": 45.314998626708984, "err_train_cavm": 0.0, "err_train_cmm": 0.0, "_timestamp": 1651667934, "_runtime": 4, "_step": 1, "err_test_cavm_l1": 50.08500289916992, "err_test_cmm_l1": 46.255001068115234, "err_train_cavm_l1": 16.666667938232422, "err_train_cmm_l1": 0.0, "_wandb": {"runtime": 2}}