{"err_test_cavm": 38.80500030517578, "err_test_cmm": 37.16999816894531, "err_train_cavm": 0.0, "err_train_cmm": 0.0, "_timestamp": 1651658955, "_runtime": 6, "_step": 0, "_wandb": {"runtime": 3}}