{"err_test_cavm": 45.97999954223633, "err_test_cmm": 46.02000045776367, "err_train_cavm": 0.0, "err_train_cmm": 0.0, "_timestamp": 1651586986, "_runtime": 5, "_step": 1, "err_test_cavm_l1": 0.0, "err_test_cmm_l1": 49.880001068115234, "err_train_cavm_l1": 0.0, "err_train_cmm_l1": 0.0, "_wandb": {"runtime": 2}}