{"accuracy": 0.7100710272789001, "loss": 1.787105917930603, "train_accuracy": 0.67138671875, "Accuracy T-shirt or top": 0.8303571343421936, "Accuracy Trouser": 0.9111111164093018, "Accuracy Pullover": 0.6861755847930908, "Accuracy Dress": 0.7776669859886169, "Accuracy Coat": 0.2885771691799164, "Accuracy Sandal": 0.9036885499954224, "Accuracy Shirt": 0.16020408272743225, "Accuracy Sneaker": 0.8199195265769958, "Accuracy Bag": 0.8594059348106384, "Accuracy Boot": 0.849380373954773, "_timestamp": 1654642261, "_runtime": 72, "_step": 1, "_wandb": {"runtime": 78}}