{"err_test_cmm": 42.01000213623047, "err_train_cmm": 0.0, "_timestamp": 1653572327, "_runtime": 6, "_step": 1, "err_test_cmm_l1": 14.704998970031738, "err_train_cmm_l1": 0.0, "_wandb": {"runtime": 2}}