{"err_test_cavm": 45.69999694824219, "err_test_cmm": 45.6349983215332, "err_train_cavm": 0.0, "err_train_cmm": 0.0, "_timestamp": 1651587847, "_runtime": 5, "_step": 1, "err_test_cavm_l1": 0.0, "err_test_cmm_l1": 50.16999816894531, "err_train_cavm_l1": 0.0, "err_train_cmm_l1": 0.0, "_wandb": {"runtime": 2}}