{"err_test_cavm_l1": 25.770000457763672, "err_test_cmm_l1": 30.89999771118164, "err_train_cavm_l1": 0.0, "err_train_cmm_l1": 0.0, "_timestamp": 1651003784, "_runtime": 99, "_step": 0, "_wandb": {"runtime": 94}}