{"err_test_cavm": 15.334999084472656, "err_test_cmm": 0.0, "err_train_cavm": 13.0, "err_train_cmm": 0.0, "_timestamp": 1652882182, "_runtime": 3, "_step": 1, "err_test_cavm_l1": 49.20499801635742, "err_test_cmm_l1": 32.08500289916992, "err_train_cavm_l1": 50.0, "err_train_cmm_l1": 0.0, "_wandb": {"runtime": 1}}