{"err_test_cavm": 21.8700008392334, "err_test_cmm": 15.264999389648438, "err_train_cavm": 11.0, "err_train_cmm": 0.0, "_timestamp": 1651583320, "_runtime": 8, "_step": 1, "err_test_cavm_l1": 0.0, "err_test_cmm_l1": 10.1899995803833, "err_train_cavm_l1": 0.0, "err_train_cmm_l1": 0.0, "_wandb": {"runtime": 2}}