{"err_test_cavm_l1": 21.69499969482422, "err_test_cmm_l1": 38.255001068115234, "err_train_cavm_l1": 0.0, "err_train_cmm_l1": 0.0, "_timestamp": 1651030767, "_runtime": 117, "_step": 0, "_wandb": {"runtime": 115}}