{"err_test_cavm": 37.93000030517578, "err_test_cmm": 36.60499954223633, "err_train_cavm": 3.0, "err_train_cmm": 0.0, "_timestamp": 1651251213, "_runtime": 5, "_step": 1, "err_test_cavm_l1": 0.0, "err_test_cmm_l1": 39.52000045776367, "err_train_cavm_l1": 0.0, "err_train_cmm_l1": 0.0, "_wandb": {"runtime": 2}}