{"err_test_cavm": 48.75, "err_test_cmm": 48.61499786376953, "err_train_cavm": 0.0, "err_train_cmm": 0.0, "_timestamp": 1649841982, "_runtime": 101, "_step": 1, "err_test_cavm_l1": 50.58500289916992, "err_test_cmm_l1": 50.220001220703125, "err_train_cavm_l1": 0.0, "err_train_cmm_l1": 0.0, "_wandb": {"runtime": 98}}