{"err_test_cavm_l1": 15.315000534057617, "err_test_cmm_l1": 20.260000228881836, "err_train_cavm_l1": 0.0, "err_train_cmm_l1": 0.0, "_timestamp": 1650995591, "_runtime": 123, "_step": 0, "_wandb": {"runtime": 120}}