{"err_test_cmm": 42.154998779296875, "err_train_cmm": 0.0, "_timestamp": 1653639966, "_runtime": 5, "_step": 1, "err_test_cmm_l1": 8.274999618530273, "err_train_cmm_l1": 0.0, "_wandb": {"runtime": 2}}