{"err_test_cavm": 40.92499923706055, "err_test_cmm": 40.84000015258789, "err_train_cavm": 0.0, "err_train_cmm": 0.0, "_timestamp": 1652261496, "_runtime": 8, "_step": 1, "err_test_cavm_l1": 0.0, "err_test_cmm_l1": 50.08500289916992, "err_train_cavm_l1": 0.0, "err_train_cmm_l1": 0.0, "_wandb": {"runtime": 3}}