{"err_test_cavm": 24.225000381469727, "err_test_cmm": 25.825000762939453, "err_train_cavm": 5.882352828979492, "err_train_cmm": 0.0, "_timestamp": 1651667889, "_runtime": 3, "_step": 1, "err_test_cavm_l1": 35.42000198364258, "err_test_cmm_l1": 24.030000686645508, "err_train_cavm_l1": 29.411766052246094, "err_train_cmm_l1": 0.0, "_wandb": {"runtime": 2}}