{"err_test_cavm": 36.584999084472656, "err_test_cmm": 35.974998474121094, "err_train_cavm": 0.0, "err_train_cmm": 0.0, "_timestamp": 1653654511, "_runtime": 8, "_step": 1, "err_test_cavm_l1": 0.0, "err_test_cmm_l1": 5.380000114440918, "err_train_cavm_l1": 0.0, "err_train_cmm_l1": 0.0, "_wandb": {"runtime": 6}}