{"err_test_cmm": 42.8849983215332, "err_train_cmm": 0.0, "_timestamp": 1653522423, "_runtime": 4, "_step": 1, "err_test_cmm_l1": 49.64500045776367, "err_train_cmm_l1": 0.0, "_wandb": {"runtime": 1}}