{"err_test_cavm_l1": 0.28999999165534973, "err_test_cmm_l1": 5.34499979019165, "err_train_cavm_l1": 0.30000001192092896, "err_train_cmm_l1": 0.0, "_timestamp": 1651667472, "_runtime": 7, "_step": 0, "_wandb": {"runtime": 4}}