{"err_test_cavm_l1": 0.7400000095367432, "err_test_cmm_l1": 2.259999990463257, "err_train_cavm_l1": 0.0, "err_train_cmm_l1": 0.0, "_timestamp": 1650982858, "_runtime": 199, "_step": 0, "_wandb": {"runtime": 195}}