{"err_test_cavm_l1": 5.329999923706055, "err_test_cmm_l1": 11.664999961853027, "err_train_cavm_l1": 0.0, "err_train_cmm_l1": 0.0, "_timestamp": 1651140689, "_runtime": 139, "_step": 0, "_wandb": {"runtime": 135}}