{"err_test_cavm": 22.34000015258789, "err_test_cmm": 23.579999923706055, "err_train_cavm": 0.0, "err_train_cmm": 0.0, "_timestamp": 1649831772, "_runtime": 215, "_step": 1, "err_test_cavm_l1": 1.3450000286102295, "err_test_cmm_l1": 4.050000190734863, "err_train_cavm_l1": 0.0, "err_train_cmm_l1": 0.0, "_wandb": {"runtime": 213}}