{"err_test_cavm": 42.89999771118164, "err_test_cmm": 42.86000061035156, "err_train_cavm": 0.0, "err_train_cmm": 0.0, "_timestamp": 1651249082, "_runtime": 6, "_step": 1, "err_test_cavm_l1": 0.0, "err_test_cmm_l1": 8.11500072479248, "err_train_cavm_l1": 0.0, "err_train_cmm_l1": 0.0, "_wandb": {"runtime": 3}}