{"err_test_cavm_l1": 1.6299999952316284, "err_test_cmm_l1": 10.5, "err_train_cavm_l1": 0.6465517282485962, "err_train_cmm_l1": 0.0, "_timestamp": 1651851342, "_runtime": 5, "_step": 0, "_wandb": {"runtime": 2}}