{"err_test_cavm": 38.130001068115234, "err_test_cmm": 39.29499816894531, "err_train_cavm": 7.142857551574707, "err_train_cmm": 0.0, "_timestamp": 1651667814, "_runtime": 4, "_step": 1, "err_test_cavm_l1": 35.2400016784668, "err_test_cmm_l1": 46.20000076293945, "err_train_cavm_l1": 35.71428680419922, "err_train_cmm_l1": 0.0, "_wandb": {"runtime": 1}}