{"err_test_cavm": 7.935000419616699, "err_test_cmm": 8.204999923706055, "err_train_cavm": 0.0, "err_train_cmm": 0.0, "_timestamp": 1653609080, "_runtime": 6, "_step": 1, "err_test_cavm_l1": 2.6449999809265137, "err_test_cmm_l1": 1.1150000095367432, "err_train_cavm_l1": 0.0, "err_train_cmm_l1": 0.0, "_wandb": {"runtime": 3}}