{"err_test_cmm": 48.96999740600586, "err_train_cmm": 0.0, "_timestamp": 1653585078, "_runtime": 23, "_step": 1, "err_test_cmm_l1": 40.68000030517578, "err_train_cmm_l1": 0.0, "_wandb": {"runtime": 20}}