{"err_test_cmm": 5.925000190734863, "err_train_cmm": 0.0, "_timestamp": 1653526770, "_runtime": 3, "_step": 1, "err_test_cmm_l1": 4.474999904632568, "err_train_cmm_l1": 0.0, "_wandb": {"runtime": 1}}