{"err_test_cavm": 36.48500061035156, "err_test_cmm": 37.18000030517578, "err_train_cavm": 1.0, "err_train_cmm": 0.0, "_timestamp": 1652261009, "_runtime": 7, "_step": 1, "err_test_cavm_l1": 0.0, "err_test_cmm_l1": 32.275001525878906, "err_train_cavm_l1": 0.0, "err_train_cmm_l1": 0.0, "_wandb": {"runtime": 3}}