{"err_test_cavm_l1": 13.905000686645508, "err_test_cmm_l1": 38.40500259399414, "err_train_cavm_l1": 0.0, "err_train_cmm_l1": 0.0, "_timestamp": 1651028957, "_runtime": 107, "_step": 0, "_wandb": {"runtime": 105}}