{"err_test_cavm_l1": 0.8299999833106995, "err_test_cmm_l1": 10.1850004196167, "err_train_cavm_l1": 3.22580623626709, "err_train_cmm_l1": 0.0, "_timestamp": 1653133408, "_runtime": 7, "_step": 0, "_wandb": {"runtime": 2}}