{"err_test_cmm": 19.924999237060547, "err_train_cmm": 0.0, "_timestamp": 1653526137, "_runtime": 4, "_step": 1, "err_test_cmm_l1": 13.585000038146973, "err_train_cmm_l1": 0.0, "_wandb": {"runtime": 1}}