{"err_test_cavm": 17.470001220703125, "err_test_cmm": 7.559999942779541, "err_train_cavm": 8.0, "err_train_cmm": 0.0, "_timestamp": 1651250420, "_runtime": 4, "_step": 1, "err_test_cavm_l1": 0.0, "err_test_cmm_l1": 4.795000076293945, "err_train_cavm_l1": 0.0, "err_train_cmm_l1": 0.0, "_wandb": {"runtime": 2}}