{"err_test_cavm": 37.29499816894531, "err_test_cmm": 36.77499771118164, "err_train_cavm": 0.0, "err_train_cmm": 0.0, "_timestamp": 1653654340, "_runtime": 9, "_step": 1, "err_test_cavm_l1": 0.0, "err_test_cmm_l1": 6.010000228881836, "err_train_cavm_l1": 0.0, "err_train_cmm_l1": 0.0, "_wandb": {"runtime": 6}}