{"err_test_cavm": 13.864999771118164, "err_test_cmm": 6.934999465942383, "err_train_cavm": 7.0, "err_train_cmm": 0.0, "_timestamp": 1651248044, "_runtime": 4, "_step": 1, "err_test_cavm_l1": 0.0, "err_test_cmm_l1": 4.695000171661377, "err_train_cavm_l1": 0.0, "err_train_cmm_l1": 0.0, "_wandb": {"runtime": 2}}