{"err_test_cmm": 48.68499755859375, "err_train_cmm": 0.0, "_timestamp": 1653526256, "_runtime": 5, "_step": 1, "err_test_cmm_l1": 49.790000915527344, "err_train_cmm_l1": 0.0, "_wandb": {"runtime": 1}}