{"err_test_cavm_l1": 21.69499969482422, "err_test_cmm_l1": 37.53499984741211, "err_train_cavm_l1": 13.043478012084961, "err_train_cmm_l1": 0.0, "_timestamp": 1651829028, "_runtime": 5, "_step": 0, "_wandb": {"runtime": 2}}