{"err_test_cavm": 47.20000076293945, "err_test_cmm": 46.97999954223633, "err_train_cavm": 0.0, "err_train_cmm": 0.0, "_timestamp": 1651584066, "_runtime": 5, "_step": 1, "err_test_cavm_l1": 0.0, "err_test_cmm_l1": 50.62999725341797, "err_train_cavm_l1": 0.0, "err_train_cmm_l1": 0.0, "_wandb": {"runtime": 3}}