{"err_test_cavm": 29.96000099182129, "err_test_cmm": 23.954999923706055, "err_train_cavm": 6.0, "err_train_cmm": 0.0, "_timestamp": 1651582787, "_runtime": 4, "_step": 1, "err_test_cavm_l1": 0.0, "err_test_cmm_l1": 14.869999885559082, "err_train_cavm_l1": 0.0, "err_train_cmm_l1": 0.0, "_wandb": {"runtime": 2}}