{"err_test_cavm": 10.360000610351562, "err_test_cmm": 10.470000267028809, "err_train_cavm": 0.0, "err_train_cmm": 0.0, "_timestamp": 1649813123, "_runtime": 151, "_step": 1, "err_test_cavm_l1": 1.7400000095367432, "err_test_cmm_l1": 4.454999923706055, "err_train_cavm_l1": 0.0, "err_train_cmm_l1": 0.0, "_wandb": {"runtime": 148}}