{"err_test_cavm_l1": 5.299999713897705, "err_test_cmm_l1": 12.890000343322754, "err_train_cavm_l1": 0.0, "err_train_cmm_l1": 0.0, "_timestamp": 1651145333, "_runtime": 166, "_step": 0, "_wandb": {"runtime": 162}}