{"err_test_cmm": 37.19499969482422, "err_train_cmm": 0.0, "_timestamp": 1653555151, "_runtime": 7, "_step": 1, "err_test_cmm_l1": 8.78499984741211, "err_train_cmm_l1": 0.0, "_wandb": {"runtime": 3}}