{"err_test_cmm": 31.53499984741211, "err_train_cmm": 0.0, "_timestamp": 1653554866, "_runtime": 9, "_step": 1, "err_test_cmm_l1": 9.260000228881836, "err_train_cmm_l1": 0.0, "_wandb": {"runtime": 5}}