{"err_test_cavm": 26.9950008392334, "err_test_cmm": 25.44499969482422, "err_train_cavm": 9.0, "err_train_cmm": 0.0, "_timestamp": 1651247306, "_runtime": 4, "_step": 1, "err_test_cavm_l1": 0.0, "err_test_cmm_l1": 27.155000686645508, "err_train_cavm_l1": 0.0, "err_train_cmm_l1": 0.0, "_wandb": {"runtime": 2}}