{"err_test_cmm": 8.574999809265137, "err_train_cmm": 0.0, "_timestamp": 1653525711, "_runtime": 27, "_step": 1, "err_test_cmm_l1": 4.559999942779541, "err_train_cmm_l1": 0.0, "_wandb": {"runtime": 24}}