{"err_test_cavm": 40.68000030517578, "err_test_cmm": 0.0, "err_train_cavm": 36.0, "err_train_cmm": 0.0, "_timestamp": 1653048760, "_runtime": 11, "_step": 1, "err_test_cavm_l1": 49.42499923706055, "err_test_cmm_l1": 19.329999923706055, "err_train_cavm_l1": 46.0, "err_train_cmm_l1": 0.0, "_wandb": {"runtime": 3}}