{"err_test_cavm": 33.19999694824219, "err_test_cmm": 31.34000015258789, "err_train_cavm": 3.0, "err_train_cmm": 0.0, "_timestamp": 1651582806, "_runtime": 11, "_step": 1, "err_test_cavm_l1": 0.0, "err_test_cmm_l1": 39.41999816894531, "err_train_cavm_l1": 0.0, "err_train_cmm_l1": 0.0, "_wandb": {"runtime": 2}}