{"err_test_cavm_l1": 0.5849999785423279, "err_test_cmm_l1": 4.869999885559082, "err_train_cavm_l1": 0.0, "err_train_cmm_l1": 0.0, "_timestamp": 1651667376, "_runtime": 6, "_step": 0, "_wandb": {"runtime": 3}}