{"err_test_cavm_l1": 3.934999942779541, "err_test_cmm_l1": 8.994999885559082, "err_train_cavm_l1": 0.0, "err_train_cmm_l1": 0.0, "_timestamp": 1650966657, "_runtime": 96, "_step": 0, "_wandb": {"runtime": 94}}