{"err_test_cavm": 14.264999389648438, "err_test_cmm": 0.0, "err_train_cavm": 12.0, "err_train_cmm": 0.0, "_timestamp": 1653048018, "_runtime": 11, "_step": 1, "err_test_cavm_l1": 49.54499816894531, "err_test_cmm_l1": 50.16999816894531, "err_train_cavm_l1": 43.0, "err_train_cmm_l1": 0.0, "_wandb": {"runtime": 5}}