{"err_test_cavm": 0.4749999940395355, "err_test_cmm": 1.4700000286102295, "err_train_cavm": 0.0, "err_train_cmm": 0.0, "_timestamp": 1653601578, "_runtime": 18, "_step": 1, "err_test_cavm_l1": 0.38999998569488525, "err_test_cmm_l1": 0.4950000047683716, "err_train_cavm_l1": 0.0, "err_train_cmm_l1": 0.0, "_wandb": {"runtime": 16}}