{"err_test_cavm": 42.290000915527344, "err_test_cmm": 42.02000045776367, "err_train_cavm": 0.0, "err_train_cmm": 0.0, "_timestamp": 1649808338, "_runtime": 82, "_step": 1, "err_test_cavm_l1": 18.90999984741211, "err_test_cmm_l1": 17.93000030517578, "err_train_cavm_l1": 0.0, "err_train_cmm_l1": 0.0, "_wandb": {"runtime": 80}}