{"err_test_cmm": 27.110000610351562, "err_train_cmm": 0.0, "_timestamp": 1653640101, "_runtime": 11, "_step": 1, "err_test_cmm_l1": 3.8400001525878906, "err_train_cmm_l1": 0.0, "_wandb": {"runtime": 8}}