{"err_test_cmm": 47.51000213623047, "err_train_cmm": 0.0, "_timestamp": 1653525493, "_runtime": 3, "_step": 1, "err_test_cmm_l1": 49.88999938964844, "err_train_cmm_l1": 0.0, "_wandb": {"runtime": 1}}