{"err_test_cavm": 46.595001220703125, "err_test_cmm": 46.69499969482422, "err_train_cavm": 0.0, "err_train_cmm": 0.0, "_timestamp": 1651251308, "_runtime": 7, "_step": 1, "err_test_cavm_l1": 0.0, "err_test_cmm_l1": 49.96500015258789, "err_train_cavm_l1": 0.0, "err_train_cmm_l1": 0.0, "_wandb": {"runtime": 4}}