{"err_test_cavm": 47.94499969482422, "err_test_cmm": 47.90999984741211, "err_train_cavm": 0.0, "err_train_cmm": 0.0, "_timestamp": 1649807644, "_runtime": 81, "_step": 1, "err_test_cavm_l1": 50.47500228881836, "err_test_cmm_l1": 50.15500259399414, "err_train_cavm_l1": 0.0, "err_train_cmm_l1": 0.0, "_wandb": {"runtime": 78}}