{"err_test_cavm": 18.7450008392334, "err_test_cmm": 10.475000381469727, "err_train_cavm": 11.0, "err_train_cmm": 0.0, "_timestamp": 1651588514, "_runtime": 4, "_step": 1, "err_test_cavm_l1": 0.0, "err_test_cmm_l1": 2.869999885559082, "err_train_cavm_l1": 0.0, "err_train_cmm_l1": 0.0, "_wandb": {"runtime": 2}}