{"err_test_cavm": 31.51000213623047, "err_test_cmm": 31.825000762939453, "err_train_cavm": 5.0, "err_train_cmm": 0.0, "_timestamp": 1651249183, "_runtime": 5, "_step": 1, "err_test_cavm_l1": 0.0, "err_test_cmm_l1": 9.720000267028809, "err_train_cavm_l1": 0.0, "err_train_cmm_l1": 0.0, "_wandb": {"runtime": 2}}