{"err_test_cmm": 43.00499725341797, "err_train_cmm": 0.0, "_timestamp": 1653527066, "_runtime": 4, "_step": 1, "err_test_cmm_l1": 26.17999839782715, "err_train_cmm_l1": 0.0, "_wandb": {"runtime": 1}}