{"err_test_cavm_l1": 4.795000076293945, "err_test_cmm_l1": 8.085000038146973, "err_train_cavm_l1": 0.0, "err_train_cmm_l1": 0.0, "_timestamp": 1650968349, "_runtime": 58, "_step": 0, "_wandb": {"runtime": 56}}