{"err_test_cavm": 39.66999816894531, "err_test_cmm": 39.52000045776367, "err_train_cavm": 0.0, "err_train_cmm": 0.0, "_timestamp": 1651252365, "_runtime": 7, "_step": 1, "err_test_cavm_l1": 0.0, "err_test_cmm_l1": 45.51499938964844, "err_train_cavm_l1": 0.0, "err_train_cmm_l1": 0.0, "_wandb": {"runtime": 2}}