{"err_test_cavm_l1": 1.7200000286102295, "err_test_cmm_l1": 4.699999809265137, "err_train_cavm_l1": 0.0, "err_train_cmm_l1": 0.0, "_timestamp": 1650982093, "_runtime": 141, "_step": 0, "_wandb": {"runtime": 136}}