{"err_test_cavm_l1": 19.639999389648438, "err_test_cmm_l1": 31.28499984741211, "err_train_cavm_l1": 0.0, "err_train_cmm_l1": 0.0, "_timestamp": 1651030642, "_runtime": 127, "_step": 0, "_wandb": {"runtime": 124}}