{"err_test_cavm_l1": 46.02000045776367, "err_test_cmm_l1": 49.25, "err_train_cavm_l1": 4.761904716491699, "err_train_cmm_l1": 0.0, "_timestamp": 1651829041, "_runtime": 4, "_step": 0, "_wandb": {"runtime": 2}}