{"err_test_cmm": 73.7550048828125, "err_train_cmm": 100.0, "_timestamp": 1653565085, "_runtime": 10, "_step": 1, "err_test_cmm_l1": 95.98500061035156, "err_train_cmm_l1": 100.0, "_wandb": {"runtime": 7}}