{"err_test_cavm": 18.154998779296875, "err_test_cmm": 7.215000152587891, "err_train_cavm": 11.0, "err_train_cmm": 0.0, "_timestamp": 1651247399, "_runtime": 4, "_step": 1, "err_test_cavm_l1": 0.0, "err_test_cmm_l1": 4.845000267028809, "err_train_cavm_l1": 0.0, "err_train_cmm_l1": 0.0, "_wandb": {"runtime": 2}}