{"err_test_cavm": 10.145000457763672, "err_test_cmm": 1.0950000286102295, "err_train_cavm": 9.0, "err_train_cmm": 0.0, "_timestamp": 1650878555, "_runtime": 300, "_step": 1, "err_test_cavm_l1": 90.69000244140625, "err_test_cmm_l1": 1.0850000381469727, "err_train_cavm_l1": 92.0, "err_train_cmm_l1": 0.0, "_wandb": {"runtime": 298}}