{"err_test_cavm": 15.934999465942383, "err_test_cmm": 8.075000762939453, "err_train_cavm": 9.0, "err_train_cmm": 0.0, "_timestamp": 1651583023, "_runtime": 4, "_step": 1, "err_test_cavm_l1": 0.0, "err_test_cmm_l1": 4.070000171661377, "err_train_cavm_l1": 0.0, "err_train_cmm_l1": 0.0, "_wandb": {"runtime": 2}}