{"err_test_cmm": 4.830000400543213, "err_train_cmm": 0.0, "_timestamp": 1653524254, "_runtime": 188, "_step": 1, "err_test_cmm_l1": 2.509999990463257, "err_train_cmm_l1": 0.0, "_wandb": {"runtime": 185}}