{"err_test_cavm": 19.03499984741211, "err_test_cmm": 14.380000114440918, "err_train_cavm": 9.0, "err_train_cmm": 0.0, "_timestamp": 1651585396, "_runtime": 6, "_step": 1, "err_test_cavm_l1": 0.0, "err_test_cmm_l1": 9.655000686645508, "err_train_cavm_l1": 0.0, "err_train_cmm_l1": 0.0, "_wandb": {"runtime": 2}}