{"err_test_cavm": 45.36000061035156, "err_test_cmm": 45.439998626708984, "err_train_cavm": 0.0, "err_train_cmm": 0.0, "_timestamp": 1649772382, "_runtime": 84, "_step": 0, "_wandb": {"runtime": 218}}