{"err_test_cmm": 45.97999954223633, "err_train_cmm": 0.0, "_timestamp": 1653526650, "_runtime": 3, "_step": 1, "err_test_cmm_l1": 49.85499954223633, "err_train_cmm_l1": 0.0, "_wandb": {"runtime": 1}}