{"err_test_cmm": 47.040000915527344, "err_train_cmm": 0.0, "_timestamp": 1653565841, "_runtime": 6, "_step": 1, "err_test_cmm_l1": 46.85499954223633, "err_train_cmm_l1": 0.0, "_wandb": {"runtime": 2}}