{"err_test_cavm": 15.635000228881836, "err_test_cmm": 1.5549999475479126, "err_train_cavm": 0.0, "err_train_cmm": 0.0, "_timestamp": 1653608206, "_runtime": 21, "_step": 1, "err_test_cavm_l1": 2.875, "err_test_cmm_l1": 0.7149999737739563, "err_train_cavm_l1": 0.0, "err_train_cmm_l1": 0.0, "_wandb": {"runtime": 18}}