{"err_test_cmm": 47.0099983215332, "err_train_cmm": 0.0, "_timestamp": 1653572558, "_runtime": 7, "_step": 1, "err_test_cmm_l1": 23.94499969482422, "err_train_cmm_l1": 0.0, "_wandb": {"runtime": 4}}