{"err_test_cavm_l1": 50.410003662109375, "err_test_cmm_l1": 44.84000015258789, "err_train_cavm_l1": 0.0, "err_train_cmm_l1": 0.0, "_timestamp": 1651036177, "_runtime": 65, "_step": 0, "_wandb": {"runtime": 62}}