{"err_test_cavm": 39.64999771118164, "err_test_cmm": 40.14999771118164, "err_train_cavm": 0.0, "err_train_cmm": 0.0, "_timestamp": 1649843579, "_runtime": 171, "_step": 1, "err_test_cavm_l1": 8.03499984741211, "err_test_cmm_l1": 17.93000030517578, "err_train_cavm_l1": 0.0, "err_train_cmm_l1": 0.0, "_wandb": {"runtime": 168}}