{"err_test_cavm_l1": 9.109999656677246, "err_test_cmm_l1": 22.255001068115234, "err_train_cavm_l1": 0.0, "err_train_cmm_l1": 0.0, "_timestamp": 1651023747, "_runtime": 105, "_step": 0, "_wandb": {"runtime": 103}}