{"err_test_cavm_l1": 48.98999786376953, "err_test_cmm_l1": 30.73999786376953, "err_train_cavm_l1": 49.272613525390625, "err_train_cmm_l1": 17.204301075268813, "_timestamp": 1651005198, "_runtime": 172, "_step": 0, "_wandb": {"runtime": 170}}