{"err_test_cavm_l1": 49.90999984741211, "err_test_cmm_l1": 50.6349983215332, "err_train_cavm_l1": 10.0, "err_train_cmm_l1": 0.0, "_timestamp": 1652272441, "_runtime": 16, "_step": 0, "_wandb": {"runtime": 4}}