{"err_test_cavm": 14.229999542236328, "err_test_cmm": 3.8899998664855957, "err_train_cavm": 8.0, "err_train_cmm": 0.0, "_timestamp": 1652877024, "_runtime": 3, "_step": 1, "err_test_cavm_l1": 0.0, "err_test_cmm_l1": 1.6750000715255737, "err_train_cavm_l1": 0.0, "err_train_cmm_l1": 0.0, "_wandb": {"runtime": 1}}