{"err_test_cavm_l1": 3.8249998092651367, "err_test_cmm_l1": 13.595000267028809, "err_train_cavm_l1": 0.0, "err_train_cmm_l1": 0.0, "_timestamp": 1651140288, "_runtime": 71, "_step": 0, "_wandb": {"runtime": 67}}