{"err_test_cmm": 37.904998779296875, "err_train_cmm": 0.0, "_timestamp": 1653574120, "_runtime": 5, "_step": 1, "err_test_cmm_l1": 20.96500015258789, "err_train_cmm_l1": 0.0, "_wandb": {"runtime": 1}}