{"err_test_cavm": 7.195000171661377, "err_test_cmm": 4.825000286102295, "err_train_cavm": 0.0, "err_train_cmm": 0.0, "_timestamp": 1653654294, "_runtime": 96, "_step": 1, "err_test_cavm_l1": 0.0, "err_test_cmm_l1": 1.4149999618530273, "err_train_cavm_l1": 0.0, "err_train_cmm_l1": 0.0, "_wandb": {"runtime": 92}}