{"err_test_cavm": 40.78499984741211, "err_test_cmm": 40.43000030517578, "err_train_cavm": 2.0, "err_train_cmm": 0.0, "_timestamp": 1651247571, "_runtime": 3, "_step": 1, "err_test_cavm_l1": 0.0, "err_test_cmm_l1": 39.85499954223633, "err_train_cavm_l1": 0.0, "err_train_cmm_l1": 0.0, "_wandb": {"runtime": 2}}