{"err_test_cmm": 4.179999828338623, "err_train_cmm": 0.0, "_timestamp": 1653525854, "_runtime": 4, "_step": 1, "err_test_cmm_l1": 2.5149998664855957, "err_train_cmm_l1": 0.0, "_wandb": {"runtime": 1}}