{"err_test_cavm_l1": 48.584999084472656, "err_test_cmm_l1": 25.69499969482422, "err_train_cavm_l1": 48.64010238647461, "err_train_cmm_l1": 9.930423782416199, "_timestamp": 1651028282, "_runtime": 179, "_step": 0, "_wandb": {"runtime": 176}}