{"err_test_cavm": 36.66499710083008, "err_test_cmm": 35.85499954223633, "err_train_cavm": 2.0, "err_train_cmm": 0.0, "_timestamp": 1652877271, "_runtime": 4, "_step": 1, "err_test_cavm_l1": 0.0, "err_test_cmm_l1": 35.470001220703125, "err_train_cavm_l1": 0.0, "err_train_cmm_l1": 0.0, "_wandb": {"runtime": 1}}