{"err_test_cavm": 28.244998931884766, "err_test_cmm": 23.139999389648438, "err_train_cavm": 10.0, "err_train_cmm": 0.0, "_timestamp": 1651249313, "_runtime": 5, "_step": 1, "err_test_cavm_l1": 0.0, "err_test_cmm_l1": 9.979999542236328, "err_train_cavm_l1": 0.0, "err_train_cmm_l1": 0.0, "_wandb": {"runtime": 2}}