{"err_test_cmm": 18.889999389648438, "err_train_cmm": 0.0, "_timestamp": 1653527661, "_runtime": 3, "_step": 1, "err_test_cmm_l1": 8.760000228881836, "err_train_cmm_l1": 0.0, "_wandb": {"runtime": 1}}