{"err_test_cavm_l1": 46.099998474121094, "err_test_cmm_l1": 49.86000061035156, "err_train_cavm_l1": 0.0, "err_train_cmm_l1": 0.0, "_timestamp": 1652282412, "_runtime": 7, "_step": 0, "_wandb": {"runtime": 2}}