{"err_test_cavm": 41.55500030517578, "err_test_cmm": 40.66999816894531, "err_train_cavm": 1.0, "err_train_cmm": 0.0, "_timestamp": 1651583374, "_runtime": 5, "_step": 1, "err_test_cavm_l1": 0.0, "err_test_cmm_l1": 28.38500213623047, "err_train_cavm_l1": 0.0, "err_train_cmm_l1": 0.0, "_wandb": {"runtime": 2}}