{"err_test_cavm_l1": 2.195000171661377, "err_test_cmm_l1": 3.864999771118164, "err_train_cavm_l1": 0.0, "err_train_cmm_l1": 0.0, "_timestamp": 1650960331, "_runtime": 56, "_step": 0, "_wandb": {"runtime": 54}}