{"err_test_cavm": 0.4749999940395355, "err_test_cmm": 1.524999976158142, "err_train_cavm": 0.0, "err_train_cmm": 0.0, "_timestamp": 1653608740, "_runtime": 20, "_step": 1, "err_test_cavm_l1": 0.4699999988079071, "err_test_cmm_l1": 0.4399999976158142, "err_train_cavm_l1": 0.0, "err_train_cmm_l1": 0.0, "_wandb": {"runtime": 17}}