{"err_test_cavm_l1": 4.460000038146973, "err_test_cmm_l1": 8.569999694824219, "err_train_cavm_l1": 0.0, "err_train_cmm_l1": 0.0, "_timestamp": 1650959870, "_runtime": 97, "_step": 0, "_wandb": {"runtime": 95}}