{"err_test_cavm": 47.775001525878906, "err_test_cmm": 47.85499954223633, "err_train_cavm": 0.0, "err_train_cmm": 0.0, "_timestamp": 1652262150, "_runtime": 18, "_step": 1, "err_test_cavm_l1": 0.0, "err_test_cmm_l1": 22.595001220703125, "err_train_cavm_l1": 0.0, "err_train_cmm_l1": 0.0, "_wandb": {"runtime": 14}}