{"err_test_cavm": 47.22999954223633, "err_test_cmm": 47.20500183105469, "err_train_cavm": 0.0, "err_train_cmm": 0.0, "_timestamp": 1651588749, "_runtime": 7, "_step": 1, "err_test_cavm_l1": 0.0, "err_test_cmm_l1": 48.98500061035156, "err_train_cavm_l1": 0.0, "err_train_cmm_l1": 0.0, "_wandb": {"runtime": 3}}