{"err_test_cavm_l1": 5.335000038146973, "err_test_cmm_l1": 49.349998474121094, "err_train_cavm_l1": 0.0, "err_train_cmm_l1": 0.0, "_timestamp": 1652279945, "_runtime": 10, "_step": 0, "_wandb": {"runtime": 5}}