{"err_test_cavm_l1": 23.80000114440918, "err_test_cmm_l1": 47.775001525878906, "err_train_cavm_l1": 0.0, "err_train_cmm_l1": 0.0, "_timestamp": 1652279596, "_runtime": 34, "_step": 0, "_wandb": {"runtime": 30}}