{"err_test_cavm_l1": 3.015000104904175, "err_test_cmm_l1": 12.279999732971191, "err_train_cavm_l1": 0.0, "err_train_cmm_l1": 0.0, "_timestamp": 1651040070, "_runtime": 63, "_step": 0, "_wandb": {"runtime": 60}}