{"err_test_cavm": 30.81999969482422, "err_test_cmm": 30.170000076293945, "err_train_cavm": 5.0, "err_train_cmm": 0.0, "_timestamp": 1651247947, "_runtime": 4, "_step": 1, "err_test_cavm_l1": 0.0, "err_test_cmm_l1": 9.144999504089355, "err_train_cavm_l1": 0.0, "err_train_cmm_l1": 0.0, "_wandb": {"runtime": 2}}