{"err_test_cavm": 44.67499923706055, "err_test_cmm": 44.44499969482422, "err_train_cavm": 0.0, "err_train_cmm": 0.0, "_timestamp": 1651585857, "_runtime": 5, "_step": 1, "err_test_cavm_l1": 0.0, "err_test_cmm_l1": 49.65999984741211, "err_train_cavm_l1": 0.0, "err_train_cmm_l1": 0.0, "_wandb": {"runtime": 2}}