{"err_test_cavm": 19.594999313354492, "err_test_cmm": 19.774999618530273, "err_train_cavm": 0.0, "err_train_cmm": 0.0, "_timestamp": 1653664157, "_runtime": 5, "_step": 1, "err_test_cavm_l1": 8.690000534057617, "err_test_cmm_l1": 0.9300000071525574, "err_train_cavm_l1": 0.0, "err_train_cmm_l1": 0.0, "_wandb": {"runtime": 2}}