{"err_test_cavm": 45.005001068115234, "err_test_cmm": 45.040000915527344, "err_train_cavm": 0.0, "err_train_cmm": 0.0, "_timestamp": 1649762803, "_runtime": 90, "_step": 0, "_wandb": {"runtime": 660}}