{"err_test_cmm": 48.69499969482422, "err_train_cmm": 0.0, "_timestamp": 1653572184, "_runtime": 20, "_step": 1, "err_test_cmm_l1": 9.3149995803833, "err_train_cmm_l1": 0.0, "_wandb": {"runtime": 16}}