{"err_test_cavm": 0.1550000011920929, "err_test_cmm": 0.6850000023841858, "err_train_cavm": 0.0, "err_train_cmm": 0.0, "_timestamp": 1653662460, "_runtime": 21, "_step": 1, "err_test_cavm_l1": 0.13500000536441803, "err_test_cmm_l1": 0.16499999165534973, "err_train_cavm_l1": 0.0, "err_train_cmm_l1": 0.0, "_wandb": {"runtime": 19}}