{"err_test_cavm_l1": 4.335000038146973, "err_test_cmm_l1": 31.56999969482422, "err_train_cavm_l1": 0.0, "err_train_cmm_l1": 0.0, "_timestamp": 1651040552, "_runtime": 114, "_step": 0, "_wandb": {"runtime": 112}}