{"err_test_cavm_l1": 20.94499969482422, "err_test_cmm_l1": 37.540000915527344, "err_train_cavm_l1": 0.0, "err_train_cmm_l1": 0.0, "_timestamp": 1651035079, "_runtime": 97, "_step": 0, "_wandb": {"runtime": 95}}