{"err_test_cavm": 23.549999237060547, "err_test_cmm": 25.18000030517578, "err_train_cavm": 0.0, "err_train_cmm": 0.0, "_timestamp": 1649827710, "_runtime": 197, "_step": 1, "err_test_cavm_l1": 1.0800000429153442, "err_test_cmm_l1": 3.115000009536743, "err_train_cavm_l1": 0.0, "err_train_cmm_l1": 0.0, "_wandb": {"runtime": 194}}