{"err_test_cavm_l1": 21.184999465942383, "err_test_cmm_l1": 27.08500099182129, "err_train_cavm_l1": 0.0, "err_train_cmm_l1": 0.0, "_timestamp": 1651027439, "_runtime": 142, "_step": 0, "_wandb": {"runtime": 139}}