{"err_test_cavm": 44.84000015258789, "err_test_cmm": 44.8900032043457, "err_train_cavm": 0.0, "err_train_cmm": 0.0, "_timestamp": 1652880834, "_runtime": 3, "_step": 1, "err_test_cavm_l1": 0.0, "err_test_cmm_l1": 45.91999816894531, "err_train_cavm_l1": 0.0, "err_train_cmm_l1": 0.0, "_wandb": {"runtime": 1}}