{"err_test_cavm": 43.17499923706055, "err_test_cmm": 43.53499984741211, "err_train_cavm": 0.0, "err_train_cmm": 0.0, "_timestamp": 1652109347, "_runtime": 8, "_step": 1, "err_test_cavm_l1": 49.94499969482422, "err_test_cmm_l1": 43.439998626708984, "err_train_cavm_l1": 16.666667938232422, "err_train_cmm_l1": 0.0, "_wandb": {"runtime": 3}}