{"err_test_cmm": 45.06500244140625, "err_train_cmm": 0.0, "_timestamp": 1653640144, "_runtime": 6, "_step": 1, "err_test_cmm_l1": 13.34999942779541, "err_train_cmm_l1": 0.0, "_wandb": {"runtime": 2}}