{"err_test_cavm_l1": 3.5349998474121094, "err_test_cmm_l1": 6.949999809265137, "err_train_cavm_l1": 0.0, "err_train_cmm_l1": 0.0, "_timestamp": 1650966767, "_runtime": 103, "_step": 0, "_wandb": {"runtime": 101}}