{"err_test_cavm": 12.309999465942383, "err_test_cmm": 9.800000190734863, "err_train_cavm": 8.0, "err_train_cmm": 0.0, "_timestamp": 1651583969, "_runtime": 4, "_step": 1, "err_test_cavm_l1": 0.0, "err_test_cmm_l1": 5.164999961853027, "err_train_cavm_l1": 0.0, "err_train_cmm_l1": 0.0, "_wandb": {"runtime": 1}}