{"err_test_cavm": 31.03499984741211, "err_test_cmm": 30.420000076293945, "err_train_cavm": 9.0, "err_train_cmm": 0.0, "_timestamp": 1651587309, "_runtime": 4, "_step": 1, "err_test_cavm_l1": 0.0, "err_test_cmm_l1": 34.130001068115234, "err_train_cavm_l1": 0.0, "err_train_cmm_l1": 0.0, "_wandb": {"runtime": 2}}