{"err_test_cmm": 34.40999984741211, "err_train_cmm": 0.0, "_timestamp": 1653525420, "_runtime": 3, "_step": 1, "err_test_cmm_l1": 34.720001220703125, "err_train_cmm_l1": 0.0, "_wandb": {"runtime": 1}}