{"err_test_cavm_l1": 0.7799999713897705, "err_test_cmm_l1": 7.774999618530273, "err_train_cavm_l1": 0.0, "err_train_cmm_l1": 0.0, "_timestamp": 1653607078, "_runtime": 8, "_step": 0, "_wandb": {"runtime": 5}}