{"err_test_cavm": 31.264999389648438, "err_test_cmm": 31.729999542236328, "err_train_cavm": 0.0, "err_train_cmm": 0.0, "_timestamp": 1649836275, "_runtime": 210, "_step": 1, "err_test_cavm_l1": 1.524999976158142, "err_test_cmm_l1": 4.264999866485596, "err_train_cavm_l1": 0.0, "err_train_cmm_l1": 0.0, "_wandb": {"runtime": 208}}