{"err_test_cmm": 26.715002059936523, "err_train_cmm": 0.0, "_timestamp": 1653567189, "_runtime": 14, "_step": 1, "err_test_cmm_l1": 3.8400001525878906, "err_train_cmm_l1": 0.0, "_wandb": {"runtime": 9}}