{"err_test_cmm": 17.71500015258789, "err_train_cmm": 0.0, "_timestamp": 1653526351, "_runtime": 3, "_step": 1, "err_test_cmm_l1": 15.584999084472656, "err_train_cmm_l1": 0.0, "_wandb": {"runtime": 1}}