{"err_test_cavm_l1": 13.304999351501465, "err_test_cmm_l1": 45.349998474121094, "err_train_cavm_l1": 0.0, "err_train_cmm_l1": 0.0, "_timestamp": 1652280598, "_runtime": 8, "_step": 0, "_wandb": {"runtime": 5}}