{"err_test_cmm": 3.4100000858306885, "err_train_cmm": 0.0, "_timestamp": 1653527640, "_runtime": 4, "_step": 1, "err_test_cmm_l1": 1.7400000095367432, "err_train_cmm_l1": 0.0, "_wandb": {"runtime": 1}}