{"err_test_cavm_l1": 47.6150016784668, "err_test_cmm_l1": 50.230003356933594, "err_train_cavm_l1": 10.0, "err_train_cmm_l1": 0.0, "_timestamp": 1651662857, "_runtime": 19, "_step": 0, "_wandb": {"runtime": 17}}