{"err_test_cavm": 13.579999923706055, "err_test_cmm": 12.03499984741211, "err_train_cavm": 5.0, "err_train_cmm": 0.0, "_timestamp": 1651249797, "_runtime": 5, "_step": 1, "err_test_cavm_l1": 0.0, "err_test_cmm_l1": 5.744999885559082, "err_train_cavm_l1": 0.0, "err_train_cmm_l1": 0.0, "_wandb": {"runtime": 2}}