{"err_test_cavm": 45.62999725341797, "err_test_cmm": 45.52000045776367, "err_train_cavm": 0.0, "err_train_cmm": 0.0, "_timestamp": 1649763494, "_runtime": 89, "_step": 0, "_wandb": {"runtime": 99}}