{"err_test_cmm": 49.084999084472656, "err_train_cmm": 0.0, "_timestamp": 1653526936, "_runtime": 5, "_step": 1, "err_test_cmm_l1": 49.724998474121094, "err_train_cmm_l1": 0.0, "_wandb": {"runtime": 2}}