{"err_test_cavm_l1": 3.990000009536743, "err_test_cmm_l1": 15.795000076293945, "err_train_cavm_l1": 0.0, "err_train_cmm_l1": 0.0, "_timestamp": 1653131826, "_runtime": 7, "_step": 0, "_wandb": {"runtime": 2}}