{"err_test_cavm": 11.670000076293945, "err_test_cmm": 8.444999694824219, "err_train_cavm": 5.0, "err_train_cmm": 0.0, "_timestamp": 1651248997, "_runtime": 5, "_step": 1, "err_test_cavm_l1": 0.0, "err_test_cmm_l1": 4.78000020980835, "err_train_cavm_l1": 0.0, "err_train_cmm_l1": 0.0, "_wandb": {"runtime": 2}}