{"err_test_cmm": 48.310001373291016, "err_train_cmm": 0.0, "_timestamp": 1653585513, "_runtime": 8, "_step": 1, "err_test_cmm_l1": 48.42499923706055, "err_train_cmm_l1": 0.0, "_wandb": {"runtime": 4}}