{"err_test_cavm_l1": 37.599998474121094, "err_test_cmm_l1": 39.21500015258789, "err_train_cavm_l1": 0.0, "err_train_cmm_l1": 0.0, "_timestamp": 1651004078, "_runtime": 85, "_step": 0, "_wandb": {"runtime": 83}}