{"err_test_cavm_l1": 40.65999984741211, "err_test_cmm_l1": 44.15999984741211, "err_train_cavm_l1": 4.761904716491699, "err_train_cmm_l1": 0.0, "_timestamp": 1651831225, "_runtime": 5, "_step": 0, "_wandb": {"runtime": 2}}