{"err_test_cavm": 47.47999954223633, "err_test_cmm": 47.470001220703125, "err_train_cavm": 0.0, "err_train_cmm": 0.0, "_timestamp": 1651246970, "_runtime": 6, "_step": 1, "err_test_cavm_l1": 0.0, "err_test_cmm_l1": 49.76499938964844, "err_train_cavm_l1": 0.0, "err_train_cmm_l1": 0.0, "_wandb": {"runtime": 5}}