{"err_test_cavm": 32.63999938964844, "err_test_cmm": 31.19499969482422, "err_train_cavm": 2.0, "err_train_cmm": 0.0, "_timestamp": 1651587186, "_runtime": 4, "_step": 1, "err_test_cavm_l1": 0.0, "err_test_cmm_l1": 38.09000015258789, "err_train_cavm_l1": 0.0, "err_train_cmm_l1": 0.0, "_wandb": {"runtime": 2}}