{"err_test_cavm_l1": 0.7649999856948853, "err_test_cmm_l1": 2.6100001335144043, "err_train_cavm_l1": 0.0, "err_train_cmm_l1": 0.0, "_timestamp": 1650469589, "_runtime": 785, "_step": 0, "_wandb": {"runtime": 775}}