{"err_test_cavm_l1": 4.300000190734863, "err_test_cmm_l1": 9.4350004196167, "err_train_cavm_l1": 0.0, "err_train_cmm_l1": 0.0, "_timestamp": 1650965748, "_runtime": 120, "_step": 0, "_wandb": {"runtime": 117}}