{"err_test_cavm": 15.760000228881836, "err_test_cmm": 16.020000457763672, "err_train_cavm": 0.0, "err_train_cmm": 0.0, "_timestamp": 1653661677, "_runtime": 5, "_step": 1, "err_test_cavm_l1": 0.13500000536441803, "err_test_cmm_l1": 0.15000000596046448, "err_train_cavm_l1": 0.0, "err_train_cmm_l1": 0.0, "_wandb": {"runtime": 2}}