{"err_test_cavm": 10.875, "err_test_cmm": 2.634999990463257, "err_train_cavm": 11.0, "err_train_cmm": 0.0, "_timestamp": 1650877255, "_runtime": 175, "_step": 1, "err_test_cavm_l1": 86.84500122070312, "err_test_cmm_l1": 2.434999942779541, "err_train_cavm_l1": 86.0, "err_train_cmm_l1": 0.0, "_wandb": {"runtime": 172}}