{"err_test_cavm_l1": 15.864999771118164, "err_test_cmm_l1": 19.93000030517578, "err_train_cavm_l1": 0.0, "err_train_cmm_l1": 0.0, "_timestamp": 1650998773, "_runtime": 90, "_step": 0, "_wandb": {"runtime": 86}}