{"err_test_cavm": 48.05500030517578, "err_test_cmm": 48.12000274658203, "err_train_cavm": 0.0, "err_train_cmm": 0.0, "_timestamp": 1649784331, "_runtime": 251, "_step": 1, "err_test_cavm_l1": 4.724999904632568, "err_test_cmm_l1": 10.345000267028809, "err_train_cavm_l1": 0.0, "err_train_cmm_l1": 0.0, "_wandb": {"runtime": 248}}