{"err_test_cavm": 33.25499725341797, "err_test_cmm": 30.709999084472656, "err_train_cavm": 4.0, "err_train_cmm": 0.0, "_timestamp": 1651583199, "_runtime": 5, "_step": 1, "err_test_cavm_l1": 0.0, "err_test_cmm_l1": 27.990001678466797, "err_train_cavm_l1": 0.0, "err_train_cmm_l1": 0.0, "_wandb": {"runtime": 2}}