{"err_test_cavm": 46.900001525878906, "err_test_cmm": 46.86000061035156, "err_train_cavm": 0.0, "err_train_cmm": 0.0, "_timestamp": 1649841871, "_runtime": 133, "_step": 1, "err_test_cavm_l1": 50.25, "err_test_cmm_l1": 50.244998931884766, "err_train_cavm_l1": 0.0, "err_train_cmm_l1": 0.0, "_wandb": {"runtime": 131}}