{"err_test_cavm_l1": 49.82500076293945, "err_test_cmm_l1": 49.72999954223633, "err_train_cavm_l1": 0.0, "err_train_cmm_l1": 0.0, "_timestamp": 1652272188, "_runtime": 9, "_step": 0, "_wandb": {"runtime": 3}}