{"err_test_cavm_l1": 2.7300000190734863, "err_test_cmm_l1": 6.329999923706055, "err_train_cavm_l1": 0.0, "err_train_cmm_l1": 0.0, "_timestamp": 1650969042, "_runtime": 67, "_step": 0, "_wandb": {"runtime": 65}}