{"avg_test_c0": 2.005000114440918, "avg_test_c1": 1.4199999570846558, "avg_test_c2": 0.07500000298023224, "avg_test_cmm": 1.6799999475479126, "_timestamp": 1649325996, "_runtime": 9, "_step": 0, "_wandb": {"runtime": 5}}