{"err_test_cavm_l1": 2.9800000190734863, "err_test_cmm_l1": 4.769999980926514, "err_train_cavm_l1": 0.0, "err_train_cmm_l1": 0.0, "_timestamp": 1650965438, "_runtime": 59, "_step": 0, "_wandb": {"runtime": 56}}