{"err_test_cavm": 41.47500228881836, "err_test_cmm": 39.6349983215332, "err_train_cavm": 0.0, "err_train_cmm": 0.0, "_timestamp": 1651658441, "_runtime": 5, "_step": 0, "_wandb": {"runtime": 3}}