{"err_test_cavm": 40.57500076293945, "err_test_cmm": 40.63999938964844, "err_train_cavm": 0.0, "err_train_cmm": 0.0, "_timestamp": 1649832381, "_runtime": 200, "_step": 1, "err_test_cavm_l1": 3.2850000858306885, "err_test_cmm_l1": 6.789999961853027, "err_train_cavm_l1": 0.0, "err_train_cmm_l1": 0.0, "_wandb": {"runtime": 197}}