{"err_test_cavm_l1": 2.869999885559082, "err_test_cmm_l1": 11.99000072479248, "err_train_cavm_l1": 0.0, "err_train_cmm_l1": 0.0, "_timestamp": 1651039383, "_runtime": 57, "_step": 0, "_wandb": {"runtime": 55}}