{"err_test_cavm": 44.78499984741211, "err_test_cmm": 44.74500274658203, "err_train_cavm": 0.0, "err_train_cmm": 0.0, "_timestamp": 1649772867, "_runtime": 92, "_step": 0, "_wandb": {"runtime": 136}}