{"err_test_cavm_l1": 4.025000095367432, "err_test_cmm_l1": 11.604999542236328, "err_train_cavm_l1": 0.0, "err_train_cmm_l1": 0.0, "_timestamp": 1651038154, "_runtime": 62, "_step": 0, "_wandb": {"runtime": 59}}