{"err_test_cavm": 45.17000198364258, "err_test_cmm": 45.38999938964844, "err_train_cavm": 0.0, "err_train_cmm": 0.0, "_timestamp": 1651582379, "_runtime": 5, "_step": 1, "err_test_cavm_l1": 0.0, "err_test_cmm_l1": 49.970001220703125, "err_train_cavm_l1": 0.0, "err_train_cmm_l1": 0.0, "_wandb": {"runtime": 2}}