{"err_test_cavm_l1": 2.5149998664855957, "err_test_cmm_l1": 6.46999979019165, "err_train_cavm_l1": 0.0, "err_train_cmm_l1": 0.0, "_timestamp": 1650963565, "_runtime": 94, "_step": 0, "_wandb": {"runtime": 91}}