{"err_test_cmm": 25.69499969482422, "err_train_cmm": 0.0, "_timestamp": 1653526802, "_runtime": 3, "_step": 1, "err_test_cmm_l1": 27.229999542236328, "err_train_cmm_l1": 0.0, "_wandb": {"runtime": 1}}