{"err_test_cmm": 48.78999710083008, "err_train_cmm": 0.0, "_timestamp": 1653526694, "_runtime": 4, "_step": 1, "err_test_cmm_l1": 49.93000030517578, "err_train_cmm_l1": 0.0, "_wandb": {"runtime": 1}}