{"err_test_cmm": 43.64500045776367, "err_train_cmm": 0.0, "_timestamp": 1653570825, "_runtime": 5, "_step": 1, "err_test_cmm_l1": 7.275000095367432, "err_train_cmm_l1": 0.0, "_wandb": {"runtime": 3}}