{"err_test_cavm": 43.59000015258789, "err_test_cmm": 43.86000061035156, "err_train_cavm": 0.0, "err_train_cmm": 0.0, "_timestamp": 1651587098, "_runtime": 4, "_step": 1, "err_test_cavm_l1": 0.0, "err_test_cmm_l1": 50.42499923706055, "err_train_cavm_l1": 0.0, "err_train_cmm_l1": 0.0, "_wandb": {"runtime": 2}}