{"err_test_cavm": 1.1399999856948853, "err_test_cmm": 0.0, "err_train_cavm": 1.0, "err_train_cmm": 0.0, "_timestamp": 1653047832, "_runtime": 25, "_step": 1, "err_test_cavm_l1": 49.77000045776367, "err_test_cmm_l1": 50.5, "err_train_cavm_l1": 54.000003814697266, "err_train_cmm_l1": 0.0, "_wandb": {"runtime": 18}}