{"err_test_cavm_l1": 3.0999999046325684, "err_test_cmm_l1": 8.71500015258789, "err_train_cavm_l1": 0.0, "err_train_cmm_l1": 0.0, "_timestamp": 1650967985, "_runtime": 101, "_step": 0, "_wandb": {"runtime": 98}}