{"err_test_cavm": 23.01999855041504, "err_test_cmm": 19.435001373291016, "err_train_cavm": 8.0, "err_train_cmm": 0.0, "_timestamp": 1651587900, "_runtime": 4, "_step": 1, "err_test_cavm_l1": 0.0, "err_test_cmm_l1": 10.769999504089355, "err_train_cavm_l1": 0.0, "err_train_cmm_l1": 0.0, "_wandb": {"runtime": 2}}