{"err_test_cavm_l1": 4.519999980926514, "err_test_cmm_l1": 26.159997940063477, "err_train_cavm_l1": 0.0, "err_train_cmm_l1": 0.0, "_timestamp": 1653131421, "_runtime": 19, "_step": 0, "_wandb": {"runtime": 4}}