{"err_test_cavm": 24.349998474121094, "err_test_cmm": 23.905000686645508, "err_train_cavm": 11.0, "err_train_cmm": 0.0, "_timestamp": 1652877034, "_runtime": 3, "_step": 1, "err_test_cavm_l1": 0.0, "err_test_cmm_l1": 21.704999923706055, "err_train_cavm_l1": 0.0, "err_train_cmm_l1": 0.0, "_wandb": {"runtime": 1}}