{"err_test_cavm_l1": 4.894999980926514, "err_test_cmm_l1": 50.10499954223633, "err_train_cavm_l1": 0.0, "err_train_cmm_l1": 0.0, "_timestamp": 1651040430, "_runtime": 104, "_step": 0, "_wandb": {"runtime": 102}}