{"err_test_cavm_l1": 24.709999084472656, "err_test_cmm_l1": 30.459999084472656, "err_train_cavm_l1": 0.0, "err_train_cmm_l1": 0.0, "_timestamp": 1651004846, "_runtime": 87, "_step": 0, "_wandb": {"runtime": 86}}