{"err_test_cavm": 47.64500045776367, "err_test_cmm": 47.72999954223633, "err_train_cavm": 0.0, "err_train_cmm": 0.0, "_timestamp": 1651247389, "_runtime": 7, "_step": 1, "err_test_cavm_l1": 0.0, "err_test_cmm_l1": 50.029998779296875, "err_train_cavm_l1": 0.0, "err_train_cmm_l1": 0.0, "_wandb": {"runtime": 5}}