{"err_test_cavm_l1": 11.725000381469727, "err_test_cmm_l1": 33.89500045776367, "err_train_cavm_l1": 0.0, "err_train_cmm_l1": 0.0, "_timestamp": 1651024934, "_runtime": 74, "_step": 0, "_wandb": {"runtime": 71}}