{"err_test_cavm": 32.15999984741211, "err_test_cmm": 30.219999313354492, "err_train_cavm": 6.896551609039307, "err_train_cmm": 0.0, "_timestamp": 1652187823, "_runtime": 6, "_step": 1, "err_test_cavm_l1": 0.0, "err_test_cmm_l1": 31.174999237060547, "err_train_cavm_l1": 0.0, "err_train_cmm_l1": 0.0, "_wandb": {"runtime": 2}}