{"err_test_cavm": 46.959999084472656, "err_test_cmm": 46.95000076293945, "err_train_cavm": 0.0, "err_train_cmm": 0.0, "_timestamp": 1651585994, "_runtime": 5, "_step": 1, "err_test_cavm_l1": 0.0, "err_test_cmm_l1": 49.77000045776367, "err_train_cavm_l1": 0.0, "err_train_cmm_l1": 0.0, "_wandb": {"runtime": 3}}