{"err_test_cavm": 63.30500411987305, "err_test_cmm": 3.765000104904175, "err_train_cavm": 74.0, "err_train_cmm": 0.0, "_timestamp": 1650876353, "_runtime": 79, "_step": 1, "err_test_cavm_l1": 62.80999755859375, "err_test_cmm_l1": 3.31000018119812, "err_train_cavm_l1": 72.0, "err_train_cmm_l1": 0.0, "_wandb": {"runtime": 76}}