{"err_test_cavm": 8.5, "err_test_cmm": 9.9399995803833, "err_train_cavm": 0.0, "err_train_cmm": 0.019956096587503414, "_timestamp": 1649827252, "_runtime": 369, "_step": 1, "err_test_cavm_l1": 0.574999988079071, "err_test_cmm_l1": 2.0749998092651367, "err_train_cavm_l1": 0.0, "err_train_cmm_l1": 0.0, "_wandb": {"runtime": 367}}