{"err_test_cmm": 48.6349983215332, "err_train_cmm": 0.0, "_timestamp": 1653573567, "_runtime": 10, "_step": 1, "err_test_cmm_l1": 18.19499969482422, "err_train_cmm_l1": 0.0, "_wandb": {"runtime": 7}}