{"err_test_cavm": 19.329999923706055, "err_test_cmm": 15.989999771118164, "err_train_cavm": 7.786884784698486, "err_train_cmm": 0.0, "_timestamp": 1652259809, "_runtime": 12, "_step": 1, "err_test_cavm_l1": 0.0, "err_test_cmm_l1": 11.795000076293945, "err_train_cavm_l1": 0.0, "err_train_cmm_l1": 0.0, "_wandb": {"runtime": 3}}