{"err_test_cmm": 45.73999786376953, "err_train_cmm": 0.0, "_timestamp": 1653527739, "_runtime": 3, "_step": 1, "err_test_cmm_l1": 49.935001373291016, "err_train_cmm_l1": 0.0, "_wandb": {"runtime": 1}}