{"err_test_cavm": 34.76000213623047, "err_test_cmm": 0.0, "err_train_cavm": 35.0, "err_train_cmm": 0.0, "_timestamp": 1652884383, "_runtime": 4, "_step": 1, "err_test_cavm_l1": 50.2650032043457, "err_test_cmm_l1": 40.17499923706055, "err_train_cavm_l1": 58.0, "err_train_cmm_l1": 0.0, "_wandb": {"runtime": 1}}