{"err_test_cmm": 45.45000076293945, "err_train_cmm": 0.0, "_timestamp": 1653525809, "_runtime": 3, "_step": 1, "err_test_cmm_l1": 50.08000183105469, "err_train_cmm_l1": 0.0, "_wandb": {"runtime": 0}}