{"err_test_cavm": 7.299999713897705, "err_test_cmm": 6.759999752044678, "err_train_cavm": 1.0, "err_train_cmm": 3.0000000000000027, "_timestamp": 1649794931, "_runtime": 102, "_step": 1, "err_test_cavm_l1": 0.9399999976158142, "err_test_cmm_l1": 1.909999966621399, "err_train_cavm_l1": 0.0, "err_train_cmm_l1": 0.0, "_wandb": {"runtime": 99}}