{"err_test_cavm": 44.244998931884766, "err_test_cmm": 44.25, "err_train_cavm": 0.0, "err_train_cmm": 0.0, "_timestamp": 1649809392, "_runtime": 79, "_step": 1, "err_test_cavm_l1": 49.55999755859375, "err_test_cmm_l1": 49.41999816894531, "err_train_cavm_l1": 0.0, "err_train_cmm_l1": 0.0, "_wandb": {"runtime": 78}}