{"err_test_cavm_l1": 44.83000183105469, "err_test_cmm_l1": 49.439998626708984, "err_train_cavm_l1": 19.047618865966797, "err_train_cmm_l1": 0.0, "_timestamp": 1651829426, "_runtime": 7, "_step": 0, "_wandb": {"runtime": 2}}