{"err_test_cavm": 43.02000045776367, "err_test_cmm": 42.69999694824219, "err_train_cavm": 0.0, "err_train_cmm": 0.0, "_timestamp": 1651150420, "_runtime": 6, "_step": 1, "err_test_cavm_l1": 0.0, "err_test_cmm_l1": 8.47499942779541, "err_train_cavm_l1": 0.0, "err_train_cmm_l1": 0.0, "_wandb": {"runtime": 2}}