{"err_test_cmm": 45.54999923706055, "err_train_cmm": 0.0, "_timestamp": 1653572341, "_runtime": 6, "_step": 1, "err_test_cmm_l1": 19.280000686645508, "err_train_cmm_l1": 0.0, "_wandb": {"runtime": 3}}