{"err_test_cavm": 40.70500183105469, "err_test_cmm": 40.34000015258789, "err_train_cavm": 0.0, "err_train_cmm": 0.0, "_timestamp": 1651248919, "_runtime": 5, "_step": 1, "err_test_cavm_l1": 0.0, "err_test_cmm_l1": 11.8100004196167, "err_train_cavm_l1": 0.0, "err_train_cmm_l1": 0.0, "_wandb": {"runtime": 2}}