{"err_test_cavm": 21.28999900817871, "err_test_cmm": 20.780000686645508, "err_train_cavm": 7.0, "err_train_cmm": 0.0, "_timestamp": 1651585013, "_runtime": 4, "_step": 1, "err_test_cavm_l1": 0.0, "err_test_cmm_l1": 15.604999542236328, "err_train_cavm_l1": 0.0, "err_train_cmm_l1": 0.0, "_wandb": {"runtime": 2}}