{"err_test_cavm": 28.314998626708984, "err_test_cmm": 26.760000228881836, "err_train_cavm": 12.0, "err_train_cmm": 0.0, "_timestamp": 1651251159, "_runtime": 5, "_step": 1, "err_test_cavm_l1": 0.0, "err_test_cmm_l1": 24.239999771118164, "err_train_cavm_l1": 0.0, "err_train_cmm_l1": 0.0, "_wandb": {"runtime": 2}}