{"err_test_cavm_l1": 49.85499954223633, "err_test_cmm_l1": 39.54499816894531, "err_train_cavm_l1": 0.0, "err_train_cmm_l1": 0.0, "_timestamp": 1652272163, "_runtime": 9, "_step": 0, "_wandb": {"runtime": 3}}