{"err_test_cavm": 27.369998931884766, "err_test_cmm": 23.690000534057617, "err_train_cavm": 6.0, "err_train_cmm": 0.0, "_timestamp": 1651587912, "_runtime": 4, "_step": 1, "err_test_cavm_l1": 0.0, "err_test_cmm_l1": 22.095001220703125, "err_train_cavm_l1": 0.0, "err_train_cmm_l1": 0.0, "_wandb": {"runtime": 2}}