{"err_test_cavm": 47.44499969482422, "err_test_cmm": 47.47999954223633, "err_train_cavm": 0.0, "err_train_cmm": 0.0, "_timestamp": 1651247503, "_runtime": 7, "_step": 1, "err_test_cavm_l1": 0.0, "err_test_cmm_l1": 50.0150032043457, "err_train_cavm_l1": 0.0, "err_train_cmm_l1": 0.0, "_wandb": {"runtime": 5}}