{"err_test_cavm_l1": 2.119999885559082, "err_test_cmm_l1": 16.30000114440918, "err_train_cavm_l1": 0.0, "err_train_cmm_l1": 0.0, "_timestamp": 1651019815, "_runtime": 100, "_step": 0, "_wandb": {"runtime": 96}}