{"err_test_cavm": 10.279999732971191, "err_test_cmm": 3.3450000286102295, "err_train_cavm": 4.0, "err_train_cmm": 0.0, "_timestamp": 1650874375, "_runtime": 5, "_step": 1, "err_test_cavm_l1": 0.0, "err_test_cmm_l1": 1.7999999523162842, "err_train_cavm_l1": 0.0, "err_train_cmm_l1": 0.0, "_wandb": {"runtime": 2}}