{"err_test_cavm_l1": 49.91999816894531, "err_test_cmm_l1": 45.23500061035156, "err_train_cavm_l1": 0.0, "err_train_cmm_l1": 0.0, "_timestamp": 1652283794, "_runtime": 6, "_step": 0, "_wandb": {"runtime": 2}}