{"err_test_cavm": 39.54999923706055, "err_test_cmm": 40.32999801635742, "err_train_cavm": 0.0, "err_train_cmm": 0.0, "_timestamp": 1651659396, "_runtime": 5, "_step": 1, "err_test_cavm_l1": 30.26500129699707, "err_test_cmm_l1": 36.0099983215332, "err_train_cavm_l1": 0.0, "err_train_cmm_l1": 0.0, "_wandb": {"runtime": 2}}