{"err_test_cmm": 26.274999618530273, "err_train_cmm": 0.0, "_timestamp": 1653555121, "_runtime": 13, "_step": 1, "err_test_cmm_l1": 7.299999713897705, "err_train_cmm_l1": 0.0, "_wandb": {"runtime": 9}}