{"err_test_cavm": 45.44499969482422, "err_test_cmm": 45.470001220703125, "err_train_cavm": 0.0, "err_train_cmm": 0.0, "_timestamp": 1649740005, "_runtime": 108, "_step": 0, "_wandb": {"runtime": 604}}