{"err_test_cavm_l1": 31.270000457763672, "err_test_cmm_l1": 38.71500015258789, "err_train_cavm_l1": 0.0, "err_train_cmm_l1": 0.0, "_timestamp": 1652283732, "_runtime": 5, "_step": 0, "_wandb": {"runtime": 2}}