{"err_test_cavm_l1": 10.779999732971191, "err_test_cmm_l1": 35.76499938964844, "err_train_cavm_l1": 0.0, "err_train_cmm_l1": 0.0, "_timestamp": 1651041000, "_runtime": 93, "_step": 0, "_wandb": {"runtime": 91}}