{"err_test_cmm": 28.985000610351562, "err_train_cmm": 0.0, "_timestamp": 1653522758, "_runtime": 3, "_step": 1, "err_test_cmm_l1": 32.86000061035156, "err_train_cmm_l1": 0.0, "_wandb": {"runtime": 1}}