{"err_test_cavm_l1": 50.57500076293945, "err_test_cmm_l1": 42.275001525878906, "err_train_cavm_l1": 10.0, "err_train_cmm_l1": 0.0, "_timestamp": 1652272854, "_runtime": 8, "_step": 0, "_wandb": {"runtime": 3}}