{"err_test_cavm": 8.77500057220459, "err_test_cmm": 3.4850001335144043, "err_train_cavm": 10.0, "err_train_cmm": 0.0, "_timestamp": 1652880803, "_runtime": 2, "_step": 1, "err_test_cavm_l1": 0.0, "err_test_cmm_l1": 1.4000000953674316, "err_train_cavm_l1": 0.0, "err_train_cmm_l1": 0.0, "_wandb": {"runtime": 1}}