{"err_test_cavm_l1": 13.959999084472656, "err_test_cmm_l1": 28.985000610351562, "err_train_cavm_l1": 0.0, "err_train_cmm_l1": 0.0, "_timestamp": 1651024499, "_runtime": 125, "_step": 0, "_wandb": {"runtime": 122}}