{"err_test_cavm": 22.31999969482422, "err_test_cmm": 12.854999542236328, "err_train_cavm": 11.0, "err_train_cmm": 0.0, "_timestamp": 1651250434, "_runtime": 4, "_step": 1, "err_test_cavm_l1": 0.0, "err_test_cmm_l1": 8.260000228881836, "err_train_cavm_l1": 0.0, "err_train_cmm_l1": 0.0, "_wandb": {"runtime": 2}}