{"err_test_cmm": 48.619998931884766, "err_train_cmm": 0.0, "_timestamp": 1653565737, "_runtime": 5, "_step": 1, "err_test_cmm_l1": 50.45499801635742, "err_train_cmm_l1": 0.0, "_wandb": {"runtime": 2}}