{"err_test_cavm": 23.119998931884766, "err_test_cmm": 14.955000877380371, "err_train_cavm": 9.836065292358398, "err_train_cmm": 0.0, "_timestamp": 1652260137, "_runtime": 7, "_step": 1, "err_test_cavm_l1": 0.0, "err_test_cmm_l1": 10.375, "err_train_cavm_l1": 0.0, "err_train_cmm_l1": 0.0, "_wandb": {"runtime": 3}}