{"err_test_cavm": 10.809999465942383, "err_test_cmm": 5.005000114440918, "err_train_cavm": 8.0, "err_train_cmm": 0.0, "_timestamp": 1652877248, "_runtime": 3, "_step": 1, "err_test_cavm_l1": 0.0, "err_test_cmm_l1": 3.8550000190734863, "err_train_cavm_l1": 0.0, "err_train_cmm_l1": 0.0, "_wandb": {"runtime": 1}}