{"err_test_cavm_l1": 49.97999954223633, "err_test_cmm_l1": 49.91999816894531, "err_train_cavm_l1": 0.0, "err_train_cmm_l1": 0.0, "_timestamp": 1653606910, "_runtime": 5, "_step": 0, "_wandb": {"runtime": 2}}