{"err_test_cavm": 3.7899999618530273, "err_test_cmm": 4.21999979019165, "err_train_cavm": 0.0, "err_train_cmm": 0.0, "_timestamp": 1653663667, "_runtime": 6, "_step": 1, "err_test_cavm_l1": 4.539999961853027, "err_test_cmm_l1": 1.5, "err_train_cavm_l1": 0.0, "err_train_cmm_l1": 0.0, "_wandb": {"runtime": 3}}