{"err_test_cavm": 45.779998779296875, "err_test_cmm": 45.64999771118164, "err_train_cavm": 0.0, "err_train_cmm": 0.0, "_timestamp": 1652259931, "_runtime": 7, "_step": 1, "err_test_cavm_l1": 50.230003356933594, "err_test_cmm_l1": 49.73500061035156, "err_train_cavm_l1": 0.0, "err_train_cmm_l1": 0.0, "_wandb": {"runtime": 3}}