{"err_test_cavm_l1": 0.8199999928474426, "err_test_cmm_l1": 8.77500057220459, "err_train_cavm_l1": 0.21551723778247833, "err_train_cmm_l1": 0.0, "_timestamp": 1651829236, "_runtime": 5, "_step": 0, "_wandb": {"runtime": 3}}