{"err_test_cavm": 40.189998626708984, "err_test_cmm": 40.415000915527344, "err_train_cavm": 1.0, "err_train_cmm": 0.0, "_timestamp": 1651247804, "_runtime": 4, "_step": 1, "err_test_cavm_l1": 0.0, "err_test_cmm_l1": 49.810001373291016, "err_train_cavm_l1": 0.0, "err_train_cmm_l1": 0.0, "_wandb": {"runtime": 2}}