{"err_test_c0": 45.13999938964844, "err_test_c1": 45.13999938964844, "err_test_c2": 45.13999938964844, "err_test_cmm": 45.2400016784668, "err_train_c0": 0.0, "err_train_c1": 0.0, "err_train_c2": 0.0, "err_train_cmm": 0.0, "_timestamp": 1649684437, "_runtime": 468, "_step": 1, "err_test_c0_l1": 100.0, "err_test_c1_l1": 100.0, "err_test_c2_l1": 100.0, "err_test_cmm_l1": 6.454999923706055, "err_train_c0_l1": 100.0, "err_train_c1_l1": 100.0, "err_train_c2_l1": 100.0, "err_train_cmm_l1": 0.0, "_wandb": {"runtime": 464}}