{"err_test_cavm_l1": 24.969999313354492, "err_test_cmm_l1": 48.689998626708984, "err_train_cavm_l1": 8.0, "err_train_cmm_l1": 0.0, "_timestamp": 1652273677, "_runtime": 12, "_step": 0, "_wandb": {"runtime": 6}}