{"err_test_cavm_l1": 50.26000213623047, "err_test_cmm_l1": 49.404998779296875, "err_train_cavm_l1": 0.0, "err_train_cmm_l1": 0.0, "_timestamp": 1653078912, "_runtime": 118, "_step": 0, "_wandb": {"runtime": 111}}