{"err_test_cavm_l1": 1.0499999523162842, "err_test_cmm_l1": 22.030000686645508, "err_train_cavm_l1": 3.0, "err_train_cmm_l1": 0.0, "_timestamp": 1651836522, "_runtime": 4, "_step": 0, "_wandb": {"runtime": 2}}