{"err_test_cavm_l1": 0.6550000309944153, "err_test_cmm_l1": 0.009999999776482582, "err_train_cavm_l1": 1.0, "err_train_cmm_l1": 0.0, "_timestamp": 1653134052, "_runtime": 7, "_step": 0, "_wandb": {"runtime": 2}}