{"err_test_cavm": 18.684999465942383, "err_test_cmm": 17.145000457763672, "err_train_cavm": 5.327868938446045, "err_train_cmm": 0.0, "_timestamp": 1652187277, "_runtime": 9, "_step": 1, "err_test_cavm_l1": 0.0, "err_test_cmm_l1": 12.725000381469727, "err_train_cavm_l1": 0.0, "err_train_cmm_l1": 0.0, "_wandb": {"runtime": 3}}