{"err_test_cavm_l1": 0.48500001430511475, "err_test_cmm_l1": 4.850000381469727, "err_train_cavm_l1": 0.30000001192092896, "err_train_cmm_l1": 0.0, "_timestamp": 1651828972, "_runtime": 8, "_step": 0, "_wandb": {"runtime": 4}}