{"err_test_cavm": 0.9700000286102295, "err_test_cmm": 2.4000000953674316, "err_train_cavm": 0.0, "err_train_cmm": 2.0000000000000018, "_timestamp": 1649781455, "_runtime": 100, "_step": 1, "err_test_cavm_l1": 0.8949999809265137, "err_test_cmm_l1": 0.0, "err_train_cavm_l1": 0.0, "err_train_cmm_l1": 0.0, "_wandb": {"runtime": 98}}