{"err_test_cmm": 47.56999969482422, "err_train_cmm": 0.0, "_timestamp": 1653573376, "_runtime": 11, "_step": 1, "err_test_cmm_l1": 20.405000686645508, "err_train_cmm_l1": 0.0, "_wandb": {"runtime": 8}}