{"err_test_cavm": 47.59000015258789, "err_test_cmm": 47.51499938964844, "err_train_cavm": 0.0, "err_train_cmm": 0.0, "_timestamp": 1651250406, "_runtime": 9, "_step": 1, "err_test_cavm_l1": 0.0, "err_test_cmm_l1": 50.244998931884766, "err_train_cavm_l1": 0.0, "err_train_cmm_l1": 0.0, "_wandb": {"runtime": 5}}