{"err_test_cavm": 33.80999755859375, "err_test_cmm": 34.11000061035156, "err_train_cavm": 5.0, "err_train_cmm": 0.0, "_timestamp": 1651583058, "_runtime": 4, "_step": 1, "err_test_cavm_l1": 0.0, "err_test_cmm_l1": 39.13999938964844, "err_train_cavm_l1": 0.0, "err_train_cmm_l1": 0.0, "_wandb": {"runtime": 2}}