{"err_test_cavm": 8.5, "err_test_cmm": 9.735000610351562, "err_train_cavm": 0.0, "err_train_cmm": 0.0, "_timestamp": 1649808668, "_runtime": 150, "_step": 1, "err_test_cavm_l1": 1.8149999380111694, "err_test_cmm_l1": 4.934999942779541, "err_train_cavm_l1": 0.0, "err_train_cmm_l1": 0.0, "_wandb": {"runtime": 148}}