{"err_test_cavm": 46.40999984741211, "err_test_cmm": 46.18499755859375, "err_train_cavm": 0.0, "err_train_cmm": 0.0, "_timestamp": 1651655479, "_runtime": 6, "_step": 1, "err_test_cavm_l1": 46.40999984741211, "err_test_cmm_l1": 50.35499954223633, "err_train_cavm_l1": 0.0, "err_train_cmm_l1": 0.0, "_wandb": {"runtime": 3}}