{"err_test_cmm": 47.915000915527344, "err_train_cmm": 0.0, "_timestamp": 1653555497, "_runtime": 4, "_step": 1, "err_test_cmm_l1": 49.564998626708984, "err_train_cmm_l1": 0.0, "_wandb": {"runtime": 2}}