{"err_test_cavm": 22.274999618530273, "err_test_cmm": 17.73000144958496, "err_train_cavm": 7.0, "err_train_cmm": 0.0, "_timestamp": 1651250698, "_runtime": 5, "_step": 1, "err_test_cavm_l1": 0.0, "err_test_cmm_l1": 11.24000072479248, "err_train_cavm_l1": 0.0, "err_train_cmm_l1": 0.0, "_wandb": {"runtime": 2}}