{"err_test_cavm_l1": 0.28999999165534973, "err_test_cmm_l1": 5.615000247955322, "err_train_cavm_l1": 0.0, "err_train_cmm_l1": 0.0, "_timestamp": 1652283505, "_runtime": 9, "_step": 0, "_wandb": {"runtime": 4}}