{"err_test_cavm": 44.14500045776367, "err_test_cmm": 44.27000045776367, "err_train_cavm": 0.0, "err_train_cmm": 0.0, "_timestamp": 1649785281, "_runtime": 157, "_step": 1, "err_test_cavm_l1": 4.539999961853027, "err_test_cmm_l1": 10.194999694824219, "err_train_cavm_l1": 0.0, "err_train_cmm_l1": 0.0, "_wandb": {"runtime": 155}}