{"err_test_cavm_l1": 0.6299999952316284, "err_test_cmm_l1": 17.28499984741211, "err_train_cavm_l1": 0.0, "err_train_cmm_l1": 0.0, "_timestamp": 1652283543, "_runtime": 5, "_step": 0, "_wandb": {"runtime": 2}}