{"err_test_cavm_l1": 15.0649995803833, "err_test_cmm_l1": 33.959999084472656, "err_train_cavm_l1": 0.0, "err_train_cmm_l1": 0.0, "_timestamp": 1651021998, "_runtime": 71, "_step": 0, "_wandb": {"runtime": 67}}