{"err_test_cavm_l1": 24.55500030517578, "err_test_cmm_l1": 33.6349983215332, "err_train_cavm_l1": 0.0, "err_train_cmm_l1": 0.0, "_timestamp": 1652283579, "_runtime": 7, "_step": 0, "_wandb": {"runtime": 2}}