{"err_test_cavm": 0.4650000035762787, "err_test_cmm": 1.0950000286102295, "err_train_cavm": 0.0, "err_train_cmm": 0.0, "_timestamp": 1653662161, "_runtime": 8, "_step": 1, "err_test_cavm_l1": 0.11500000208616257, "err_test_cmm_l1": 0.16499999165534973, "err_train_cavm_l1": 0.0, "err_train_cmm_l1": 0.0, "_wandb": {"runtime": 5}}