{"err_test_cavm_l1": 0.17999999225139618, "err_test_cmm_l1": 10.170000076293945, "err_train_cavm_l1": 0.6465517282485962, "err_train_cmm_l1": 0.0, "_timestamp": 1651831161, "_runtime": 6, "_step": 0, "_wandb": {"runtime": 3}}