{"err_test_cavm": 33.25499725341797, "err_test_cmm": 31.474998474121094, "err_train_cavm": 1.7241379022598267, "err_train_cmm": 0.0, "_timestamp": 1652259848, "_runtime": 7, "_step": 1, "err_test_cavm_l1": 0.0, "err_test_cmm_l1": 26.940000534057617, "err_train_cavm_l1": 0.0, "err_train_cmm_l1": 0.0, "_wandb": {"runtime": 2}}