{"err_test_cavm_l1": 2.0450000762939453, "err_test_cmm_l1": 5.299999713897705, "err_train_cavm_l1": 0.0, "err_train_cmm_l1": 0.0, "_timestamp": 1650990409, "_runtime": 60, "_step": 0, "_wandb": {"runtime": 57}}