{"err_test_cmm": 4.650000095367432, "err_train_cmm": 0.0, "_timestamp": 1653527200, "_runtime": 4, "_step": 1, "err_test_cmm_l1": 2.950000047683716, "err_train_cmm_l1": 0.0, "_wandb": {"runtime": 1}}