{"err_test_cavm": 16.255001068115234, "err_test_cmm": 8.21500015258789, "err_train_cavm": 12.0, "err_train_cmm": 0.0, "_timestamp": 1651582298, "_runtime": 4, "_step": 1, "err_test_cavm_l1": 0.0, "err_test_cmm_l1": 5.585000038146973, "err_train_cavm_l1": 0.0, "err_train_cmm_l1": 0.0, "_wandb": {"runtime": 2}}