{"err_test_cmm": 34.810001373291016, "err_train_cmm": 0.0, "_timestamp": 1653523162, "_runtime": 3, "_step": 1, "err_test_cmm_l1": 35.525001525878906, "err_train_cmm_l1": 0.0, "_wandb": {"runtime": 1}}