{"err_test_cmm": 52.75499725341797, "err_train_cmm": 100.0, "_timestamp": 1653565214, "_runtime": 5, "_step": 1, "err_test_cmm_l1": 61.47999572753906, "err_train_cmm_l1": 100.0, "_wandb": {"runtime": 2}}