{"loss": 0.0335075743496418, "train_accuracy": 0.1044921875, "test_accuracy": 0.1, "_timestamp": 1654271476, "_runtime": 63, "_step": 2, "_wandb": {"runtime": 72}}