{"err_test_cavm_l1": 18.635000228881836, "err_test_cmm_l1": 50.480003356933594, "err_train_cavm_l1": 0.0, "err_train_cmm_l1": 0.0, "_timestamp": 1652282180, "_runtime": 74, "_step": 0, "_wandb": {"runtime": 70}}