{"err_test_cavm_l1": 4.494999885559082, "err_test_cmm_l1": 9.054999351501465, "err_train_cavm_l1": 0.0, "err_train_cmm_l1": 0.0, "_timestamp": 1650990753, "_runtime": 97, "_step": 0, "_wandb": {"runtime": 95}}