{"err_test_cavm": 11.864999771118164, "err_test_cmm": 13.0600004196167, "err_train_cavm": 7.0, "err_train_cmm": 0.0, "_timestamp": 1651587149, "_runtime": 3, "_step": 1, "err_test_cavm_l1": 0.0, "err_test_cmm_l1": 5.739999771118164, "err_train_cavm_l1": 0.0, "err_train_cmm_l1": 0.0, "_wandb": {"runtime": 2}}