{"err_test_cavm_l1": 3.680000066757202, "err_test_cmm_l1": 8.085000038146973, "err_train_cavm_l1": 0.0, "err_train_cmm_l1": 0.0, "_timestamp": 1650989257, "_runtime": 56, "_step": 0, "_wandb": {"runtime": 55}}