{"err_test_cmm": 48.60499954223633, "err_train_cmm": 0.0, "_timestamp": 1653527575, "_runtime": 4, "_step": 1, "err_test_cmm_l1": 50.16499710083008, "err_train_cmm_l1": 0.0, "_wandb": {"runtime": 1}}