{"err_test_cmm": 48.92499923706055, "err_train_cmm": 0.0, "_timestamp": 1653528042, "_runtime": 5, "_step": 1, "err_test_cmm_l1": 49.79499816894531, "err_train_cmm_l1": 0.0, "_wandb": {"runtime": 2}}