{"err_test_cavm_l1": 11.6850004196167, "err_test_cmm_l1": 17.114999771118164, "err_train_cavm_l1": 0.0, "err_train_cmm_l1": 0.0, "_timestamp": 1650995034, "_runtime": 59, "_step": 0, "_wandb": {"runtime": 57}}