{"err_test_cavm_l1": 4.390000343322754, "err_test_cmm_l1": 16.225000381469727, "err_train_cavm_l1": 0.0, "err_train_cmm_l1": 0.0, "_timestamp": 1652283384, "_runtime": 8, "_step": 0, "_wandb": {"runtime": 3}}