{"err_test_cavm_l1": 0.19900000095367432, "err_test_cmm_l1": 0.32350000739097595, "err_train_cavm_l1": 0.0, "err_train_cmm_l1": 0.0, "_timestamp": 1651148651, "_runtime": 53, "_step": 0, "_wandb": {"runtime": 51}}