{"err_test_cmm": 26.284997940063477, "err_train_cmm": 0.0, "_timestamp": 1653567044, "_runtime": 14, "_step": 1, "err_test_cmm_l1": 3.8849997520446777, "err_train_cmm_l1": 0.0, "_wandb": {"runtime": 9}}