{"err_test_cavm_l1": 1.215000033378601, "err_test_cmm_l1": 19.270000457763672, "err_train_cavm_l1": 1.3953487873077393, "err_train_cmm_l1": 0.0, "_timestamp": 1651829117, "_runtime": 6, "_step": 0, "_wandb": {"runtime": 3}}