{"err_test_cavm_l1": 3.190000057220459, "err_test_cmm_l1": 5.960000038146973, "err_train_cavm_l1": 0.0, "err_train_cmm_l1": 0.0, "_timestamp": 1650959202, "_runtime": 62, "_step": 0, "_wandb": {"runtime": 60}}