{"avg_test_c0": 0.75, "avg_test_c1": 0.5699999928474426, "avg_test_c2": 0.2199999988079071, "avg_test_cmm": 1.159999966621399, "_timestamp": 1649326704, "_runtime": 12, "_step": 0, "_wandb": {"runtime": 5}}