{"loss": 0.0001849680265877396, "train_accuracy": 0.140625, "test_accuracy": 0.1552, "_timestamp": 1654269719, "_runtime": 594, "_step": 41, "_wandb": {"runtime": 598}}