{"err_test_cmm": 29.815000534057617, "err_train_cmm": 0.0, "_timestamp": 1653571891, "_runtime": 5, "_step": 1, "err_test_cmm_l1": 8.664999961853027, "err_train_cmm_l1": 0.0, "_wandb": {"runtime": 2}}