{"err_test_cavm_l1": 1.8249999284744263, "err_test_cmm_l1": 22.799999237060547, "err_train_cavm_l1": 3.0, "err_train_cmm_l1": 0.0, "_timestamp": 1651829393, "_runtime": 5, "_step": 0, "_wandb": {"runtime": 1}}