{"err_test_cavm": 36.29999923706055, "err_test_cmm": 36.53999710083008, "err_train_cavm": 0.0, "err_train_cmm": 0.0, "_timestamp": 1649841274, "_runtime": 178, "_step": 1, "err_test_cavm_l1": 5.494999885559082, "err_test_cmm_l1": 9.835000038146973, "err_train_cavm_l1": 0.0, "err_train_cmm_l1": 0.0, "_wandb": {"runtime": 175}}