{"err_test_cmm": 45.974998474121094, "err_train_cmm": 0.0, "_timestamp": 1653570648, "_runtime": 7, "_step": 1, "err_test_cmm_l1": 10.684999465942383, "err_train_cmm_l1": 0.0, "_wandb": {"runtime": 4}}