{"err_test_cavm": 44.775001525878906, "err_test_cmm": 44.80500030517578, "err_train_cavm": 0.0, "err_train_cmm": 0.0, "_timestamp": 1652187554, "_runtime": 7, "_step": 1, "err_test_cavm_l1": 49.880001068115234, "err_test_cmm_l1": 49.96500015258789, "err_train_cavm_l1": 0.0, "err_train_cmm_l1": 0.0, "_wandb": {"runtime": 3}}