{"err_test_cavm_l1": 45.32500076293945, "err_test_cmm_l1": 49.79499816894531, "err_train_cavm_l1": 0.0, "err_train_cmm_l1": 0.0, "_timestamp": 1651034249, "_runtime": 72, "_step": 0, "_wandb": {"runtime": 71}}