{"err_test_cavm_l1": 3.754999876022339, "err_test_cmm_l1": 9.630000114440918, "err_train_cavm_l1": 0.0, "err_train_cmm_l1": 0.0, "_timestamp": 1651145154, "_runtime": 158, "_step": 0, "_wandb": {"runtime": 155}}