{"err_test_cavm": 47.59000015258789, "err_test_cmm": 47.77000045776367, "err_train_cavm": 0.0, "err_train_cmm": 0.0, "_timestamp": 1651248241, "_runtime": 9, "_step": 1, "err_test_cavm_l1": 0.0, "err_test_cmm_l1": 7.784999847412109, "err_train_cavm_l1": 0.0, "err_train_cmm_l1": 0.0, "_wandb": {"runtime": 6}}