{"err_test_cmm": 4.204999923706055, "err_train_cmm": 0.0, "_timestamp": 1653525864, "_runtime": 3, "_step": 1, "err_test_cmm_l1": 2.9800000190734863, "err_train_cmm_l1": 0.0, "_wandb": {"runtime": 1}}