{"err_test_cavm": 47.04500198364258, "err_test_cmm": 47.13500213623047, "err_train_cavm": 0.0, "err_train_cmm": 0.0, "_timestamp": 1651585622, "_runtime": 6, "_step": 1, "err_test_cavm_l1": 0.0, "err_test_cmm_l1": 50.63999938964844, "err_train_cavm_l1": 0.0, "err_train_cmm_l1": 0.0, "_wandb": {"runtime": 3}}