{"err_test_cavm_l1": 2.634999990463257, "err_test_cmm_l1": 12.28499984741211, "err_train_cavm_l1": 0.0, "err_train_cmm_l1": 0.0, "_timestamp": 1651037331, "_runtime": 57, "_step": 0, "_wandb": {"runtime": 55}}