{"err_test_cavm": 4.96999979019165, "err_test_cmm": 1.0449999570846558, "err_train_cavm": 0.0, "err_train_cmm": 0.0, "_timestamp": 1653603041, "_runtime": 87, "_step": 1, "err_test_cavm_l1": 0.8149999976158142, "err_test_cmm_l1": 0.5600000023841858, "err_train_cavm_l1": 0.0, "err_train_cmm_l1": 0.0, "_wandb": {"runtime": 85}}