{"err_test_cavm": 40.209999084472656, "err_test_cmm": 40.30500030517578, "err_train_cavm": 1.0, "err_train_cmm": 0.0, "_timestamp": 1651250756, "_runtime": 5, "_step": 1, "err_test_cavm_l1": 0.0, "err_test_cmm_l1": 50.41499710083008, "err_train_cavm_l1": 0.0, "err_train_cmm_l1": 0.0, "_wandb": {"runtime": 2}}