{"err_test_cmm": 29.53999900817871, "err_train_cmm": 0.0, "_timestamp": 1653525895, "_runtime": 3, "_step": 1, "err_test_cmm_l1": 28.435001373291016, "err_train_cmm_l1": 0.0, "_wandb": {"runtime": 1}}