{"err_test_cavm": 47.119998931884766, "err_test_cmm": 47.0099983215332, "err_train_cavm": 0.0, "err_train_cmm": 0.0, "_timestamp": 1651250116, "_runtime": 8, "_step": 1, "err_test_cavm_l1": 0.0, "err_test_cmm_l1": 49.73999786376953, "err_train_cavm_l1": 0.0, "err_train_cmm_l1": 0.0, "_wandb": {"runtime": 6}}