{"err_test_cavm_l1": 17.15999984741211, "err_test_cmm_l1": 21.424999237060547, "err_train_cavm_l1": 0.0, "err_train_cmm_l1": 0.0, "_timestamp": 1650997905, "_runtime": 91, "_step": 0, "_wandb": {"runtime": 89}}