{"err_test_c0": 3.3949999809265137, "err_test_c1": 45.03000259399414, "err_test_c2": 61.13999938964844, "err_test_cmm": 2.0450000762939453, "err_train_c0": 5.0, "err_train_c1": 47.0, "err_train_c2": 57.0, "err_train_cmm": 5.000000000000004, "_timestamp": 1649343502, "_runtime": 15, "_step": 1, "_wandb": {"runtime": 12}}