{"err_test_cavm_l1": 18.6299991607666, "err_test_cmm_l1": 24.604999542236328, "err_train_cavm_l1": 0.0, "err_train_cmm_l1": 0.0, "_timestamp": 1651000336, "_runtime": 99, "_step": 0, "_wandb": {"runtime": 97}}