{"err_test_cavm": 14.385000228881836, "err_test_cmm": 0.0, "err_train_cavm": 12.0, "err_train_cmm": 0.0, "_timestamp": 1653047750, "_runtime": 9, "_step": 1, "err_test_cavm_l1": 49.79499816894531, "err_test_cmm_l1": 49.72999954223633, "err_train_cavm_l1": 54.000003814697266, "err_train_cmm_l1": 0.0, "_wandb": {"runtime": 4}}