{"err_test_cavm_l1": 29.934999465942383, "err_test_cmm_l1": 37.375, "err_train_cavm_l1": 10.8695650100708, "err_train_cmm_l1": 0.0, "_timestamp": 1651851008, "_runtime": 5, "_step": 0, "_wandb": {"runtime": 2}}