{"err_test_cmm": 35.03499984741211, "err_train_cmm": 0.0, "_timestamp": 1653639954, "_runtime": 6, "_step": 1, "err_test_cmm_l1": 4.964999675750732, "err_train_cmm_l1": 0.0, "_wandb": {"runtime": 3}}