{"err_test_cmm": 46.85499954223633, "err_train_cmm": 0.0, "_timestamp": 1653525022, "_runtime": 3, "_step": 1, "err_test_cmm_l1": 49.67499923706055, "err_train_cmm_l1": 0.0, "_wandb": {"runtime": 1}}