{"err_test_cavm": 21.584999084472656, "err_test_cmm": 15.105000495910645, "err_train_cavm": 5.0, "err_train_cmm": 0.0, "_timestamp": 1651588019, "_runtime": 3, "_step": 1, "err_test_cavm_l1": 0.0, "err_test_cmm_l1": 12.345000267028809, "err_train_cavm_l1": 0.0, "err_train_cmm_l1": 0.0, "_wandb": {"runtime": 2}}