{"err_test_cmm": 47.9900016784668, "err_train_cmm": 0.0, "_timestamp": 1653573178, "_runtime": 11, "_step": 1, "err_test_cmm_l1": 18.90999984741211, "err_train_cmm_l1": 0.0, "_wandb": {"runtime": 7}}