{"err_test_cavm": 42.73500061035156, "err_test_cmm": 41.89500045776367, "err_train_cavm": 0.0, "err_train_cmm": 0.0, "_timestamp": 1651583097, "_runtime": 4, "_step": 1, "err_test_cavm_l1": 0.0, "err_test_cmm_l1": 49.66999816894531, "err_train_cavm_l1": 0.0, "err_train_cmm_l1": 0.0, "_wandb": {"runtime": 2}}