{"err_test_cavm": 48.05000305175781, "err_test_cmm": 47.89500045776367, "err_train_cavm": 0.0, "err_train_cmm": 0.0, "_timestamp": 1651150335, "_runtime": 6, "_step": 1, "err_test_cavm_l1": 50.12000274658203, "err_test_cmm_l1": 50.720001220703125, "err_train_cavm_l1": 20.0, "err_train_cmm_l1": 0.0, "_wandb": {"runtime": 2}}