{"err_test_cavm_l1": 0.20999999344348907, "err_test_cmm_l1": 4.815000057220459, "err_train_cavm_l1": 0.30000001192092896, "err_train_cmm_l1": 0.0, "_timestamp": 1651836585, "_runtime": 6, "_step": 0, "_wandb": {"runtime": 3}}