{"err_test_cavm": 39.459999084472656, "err_test_cmm": 40.48500061035156, "err_train_cavm": 0.0, "err_train_cmm": 0.0, "_timestamp": 1652259545, "_runtime": 7, "_step": 1, "err_test_cavm_l1": 0.0, "err_test_cmm_l1": 37.88999938964844, "err_train_cavm_l1": 0.0, "err_train_cmm_l1": 0.0, "_wandb": {"runtime": 3}}