{"err_test_cavm_l1": 9.889999389648438, "err_test_cmm_l1": 23.630001068115234, "err_train_cavm_l1": 0.0, "err_train_cmm_l1": 0.0, "_timestamp": 1650976780, "_runtime": 69, "_step": 0, "_wandb": {"runtime": 66}}