{"err_test_cmm": 36.68000030517578, "err_train_cmm": 0.0, "_timestamp": 1653527484, "_runtime": 3, "_step": 1, "err_test_cmm_l1": 41.025001525878906, "err_train_cmm_l1": 0.0, "_wandb": {"runtime": 1}}