{"err_test_cavm": 32.31500244140625, "err_test_cmm": 31.079998016357422, "err_train_cavm": 5.0, "err_train_cmm": 0.0, "_timestamp": 1651584524, "_runtime": 4, "_step": 1, "err_test_cavm_l1": 0.0, "err_test_cmm_l1": 33.61000061035156, "err_train_cavm_l1": 0.0, "err_train_cmm_l1": 0.0, "_wandb": {"runtime": 2}}