{"err_test_cavm": 40.619998931884766, "err_test_cmm": 40.46500015258789, "err_train_cavm": 0.0, "err_train_cmm": 0.0, "_timestamp": 1651584551, "_runtime": 5, "_step": 1, "err_test_cavm_l1": 0.0, "err_test_cmm_l1": 45.34000015258789, "err_train_cavm_l1": 0.0, "err_train_cmm_l1": 0.0, "_wandb": {"runtime": 2}}