{"err_test_cavm_l1": 1.5549999475479126, "err_test_cmm_l1": 4.275000095367432, "err_train_cavm_l1": 0.0, "err_train_cmm_l1": 0.0, "_timestamp": 1650978140, "_runtime": 110, "_step": 0, "_wandb": {"runtime": 108}}