{"err_test_cavm": 8.694999694824219, "err_test_cmm": 9.420000076293945, "err_train_cavm": 0.0, "err_train_cmm": 0.0, "_timestamp": 1649806908, "_runtime": 152, "_step": 1, "err_test_cavm_l1": 1.125, "err_test_cmm_l1": 2.5299999713897705, "err_train_cavm_l1": 0.0, "err_train_cmm_l1": 0.0, "_wandb": {"runtime": 150}}