{"err_test_cavm_l1": 5.640000343322754, "err_test_cmm_l1": 28.670001983642578, "err_train_cavm_l1": 0.0, "err_train_cmm_l1": 0.0, "_timestamp": 1651831191, "_runtime": 4, "_step": 0, "_wandb": {"runtime": 2}}