{"err_test_cmm": 21.53999900817871, "err_train_cmm": 0.0, "_timestamp": 1653522748, "_runtime": 4, "_step": 1, "err_test_cmm_l1": 18.23499870300293, "err_train_cmm_l1": 0.0, "_wandb": {"runtime": 2}}