{"err_test_cavm": 41.70500183105469, "err_test_cmm": 41.79500198364258, "err_train_cavm": 0.0, "err_train_cmm": 0.0, "_timestamp": 1649785116, "_runtime": 150, "_step": 1, "err_test_cavm_l1": 2.825000047683716, "err_test_cmm_l1": 7.259999752044678, "err_train_cavm_l1": 0.0, "err_train_cmm_l1": 0.0, "_wandb": {"runtime": 148}}