{"err_test_cavm": 47.22500228881836, "err_test_cmm": 47.17499923706055, "err_train_cavm": 0.0, "err_train_cmm": 0.0, "_timestamp": 1652877357, "_runtime": 6, "_step": 1, "err_test_cavm_l1": 0.0, "err_test_cmm_l1": 50.11000061035156, "err_train_cavm_l1": 0.0, "err_train_cmm_l1": 0.0, "_wandb": {"runtime": 3}}