{"err_test_cavm_l1": 1.565000057220459, "err_test_cmm_l1": 21.145000457763672, "err_train_cavm_l1": 0.0, "err_train_cmm_l1": 0.0, "_timestamp": 1653129906, "_runtime": 4, "_step": 0, "_wandb": {"runtime": 1}}