{"err_test_cavm_l1": 0.38499999046325684, "err_test_cmm_l1": 5.240000247955322, "err_train_cavm_l1": 0.30000001192092896, "err_train_cmm_l1": 0.0, "_timestamp": 1651850943, "_runtime": 5, "_step": 0, "_wandb": {"runtime": 3}}