{"err_test_cavm": 38.55000305175781, "err_test_cmm": 37.59000015258789, "err_train_cavm": 2.0, "err_train_cmm": 0.0, "_timestamp": 1651248354, "_runtime": 6, "_step": 1, "err_test_cavm_l1": 0.0, "err_test_cmm_l1": 9.119999885559082, "err_train_cavm_l1": 0.0, "err_train_cmm_l1": 0.0, "_wandb": {"runtime": 2}}