{"err_test_cavm_l1": 0.6349999904632568, "err_test_cmm_l1": 10.220000267028809, "err_train_cavm_l1": 0.6465517282485962, "err_train_cmm_l1": 0.0, "_timestamp": 1651831282, "_runtime": 5, "_step": 0, "_wandb": {"runtime": 3}}