{"err_test_cavm": 38.150001525878906, "err_test_cmm": 22.96500015258789, "err_train_cavm": 0.0, "err_train_cmm": 0.0, "_timestamp": 1653602947, "_runtime": 6, "_step": 1, "err_test_cavm_l1": 34.30500030517578, "err_test_cmm_l1": 0.4699999988079071, "err_train_cavm_l1": 0.0, "err_train_cmm_l1": 0.0, "_wandb": {"runtime": 3}}