{"err_test_cavm": 26.58500099182129, "err_test_cmm": 24.65999984741211, "err_train_cavm": 8.0, "err_train_cmm": 0.0, "_timestamp": 1651588279, "_runtime": 4, "_step": 1, "err_test_cavm_l1": 0.0, "err_test_cmm_l1": 19.075000762939453, "err_train_cavm_l1": 0.0, "err_train_cmm_l1": 0.0, "_wandb": {"runtime": 2}}