{"err_test_cavm_l1": 3.8550000190734863, "err_test_cmm_l1": 28.040000915527344, "err_train_cavm_l1": 0.0, "err_train_cmm_l1": 0.0, "_timestamp": 1651019072, "_runtime": 72, "_step": 0, "_wandb": {"runtime": 69}}