{"err_test_cavm_l1": 49.904998779296875, "err_test_cmm_l1": 44.19499969482422, "err_train_cavm_l1": 10.0, "err_train_cmm_l1": 0.0, "_timestamp": 1651829184, "_runtime": 6, "_step": 0, "_wandb": {"runtime": 2}}