{"err_test_cmm": 27.059999465942383, "err_train_cmm": 0.0, "_timestamp": 1653555395, "_runtime": 13, "_step": 1, "err_test_cmm_l1": 6.380000114440918, "err_train_cmm_l1": 0.0, "_wandb": {"runtime": 10}}