{"err_test_cavm": 38.43000030517578, "err_test_cmm": 38.6400032043457, "err_train_cavm": 0.0, "err_train_cmm": 0.0, "_timestamp": 1649803560, "_runtime": 96, "_step": 1, "err_test_cavm_l1": 9.154999732971191, "err_test_cmm_l1": 18.809999465942383, "err_train_cavm_l1": 0.0, "err_train_cmm_l1": 0.0, "_wandb": {"runtime": 94}}