{"err_test_cavm": 32.48500061035156, "err_test_cmm": 29.149999618530273, "err_train_cavm": 6.0, "err_train_cmm": 0.0, "_timestamp": 1652261246, "_runtime": 7, "_step": 1, "err_test_cavm_l1": 0.0, "err_test_cmm_l1": 31.029998779296875, "err_train_cavm_l1": 0.0, "err_train_cmm_l1": 0.0, "_wandb": {"runtime": 3}}