{"err_test_cavm": 47.88999938964844, "err_test_cmm": 47.76499938964844, "err_train_cavm": 0.0, "err_train_cmm": 0.0, "_timestamp": 1649848343, "_runtime": 97, "_step": 1, "err_test_cavm_l1": 50.14500045776367, "err_test_cmm_l1": 50.22500228881836, "err_train_cavm_l1": 0.0, "err_train_cmm_l1": 0.0, "_wandb": {"runtime": 95}}