{"err_test_cavm": 48.78999710083008, "err_test_cmm": 48.79999923706055, "err_train_cavm": 0.0, "err_train_cmm": 0.0, "_timestamp": 1649844081, "_runtime": 104, "_step": 1, "err_test_cavm_l1": 49.43000030517578, "err_test_cmm_l1": 47.55500030517578, "err_train_cavm_l1": 0.0, "err_train_cmm_l1": 0.0, "_wandb": {"runtime": 101}}