{"err_test_cavm": 14.894999504089355, "err_test_cmm": 9.089999198913574, "err_train_cavm": 8.183632850646973, "err_train_cmm": 0.0, "_timestamp": 1651667766, "_runtime": 3, "_step": 1, "err_test_cavm_l1": 35.32500076293945, "err_test_cmm_l1": 9.029999732971191, "err_train_cavm_l1": 33.532936096191406, "err_train_cmm_l1": 0.0, "_wandb": {"runtime": 2}}