{"err_test_cavm": 0.1550000011920929, "err_test_cmm": 0.5550000071525574, "err_train_cavm": 0.0, "err_train_cmm": 0.0, "_timestamp": 1653662277, "_runtime": 80, "_step": 1, "err_test_cavm_l1": 0.1850000023841858, "err_test_cmm_l1": 0.24500000476837158, "err_train_cavm_l1": 0.0, "err_train_cmm_l1": 0.0, "_wandb": {"runtime": 77}}