{"err_test_cavm_l1": 22.959999084472656, "err_test_cmm_l1": 25.51000213623047, "err_train_cavm_l1": 0.0, "err_train_cmm_l1": 0.0, "_timestamp": 1651025219, "_runtime": 200, "_step": 0, "_wandb": {"runtime": 197}}