{"err_test_cavm": 17.274999618530273, "err_test_cmm": 9.40999984741211, "err_train_cavm": 7.0, "err_train_cmm": 0.0, "_timestamp": 1651587391, "_runtime": 3, "_step": 1, "err_test_cavm_l1": 0.0, "err_test_cmm_l1": 5.659999847412109, "err_train_cavm_l1": 0.0, "err_train_cmm_l1": 0.0, "_wandb": {"runtime": 2}}