{"err_test_cavm": 44.84000015258789, "err_test_cmm": 44.80000305175781, "err_train_cavm": 0.0, "err_train_cmm": 0.0, "_timestamp": 1651587343, "_runtime": 4, "_step": 1, "err_test_cavm_l1": 0.0, "err_test_cmm_l1": 50.19000244140625, "err_train_cavm_l1": 0.0, "err_train_cmm_l1": 0.0, "_wandb": {"runtime": 2}}