{"avg_test_c0": 97.56999969482422, "avg_test_c1": 97.70500183105469, "avg_test_c2": 99.6050033569336, "avg_test_cmm": 2.3450000286102295, "_timestamp": 1649322591, "_runtime": 57, "_step": 0, "_wandb": {"runtime": 56}}