{"err_test_cmm": 44.60499954223633, "err_train_cmm": 0.0, "_timestamp": 1653571012, "_runtime": 5, "_step": 1, "err_test_cmm_l1": 10.355000495910645, "err_train_cmm_l1": 0.0, "_wandb": {"runtime": 3}}