{"err_test_cmm": 41.755001068115234, "err_train_cmm": 0.0, "_timestamp": 1653527938, "_runtime": 3, "_step": 1, "err_test_cmm_l1": 45.55500030517578, "err_train_cmm_l1": 0.0, "_wandb": {"runtime": 1}}