{"err_test_cavm_l1": 15.90999984741211, "err_test_cmm_l1": 36.3599967956543, "err_train_cavm_l1": 0.0, "err_train_cmm_l1": 0.0, "_timestamp": 1651025968, "_runtime": 104, "_step": 0, "_wandb": {"runtime": 102}}