{"err_test_cavm_l1": 30.764999389648438, "err_test_cmm_l1": 40.540000915527344, "err_train_cavm_l1": 19.047618865966797, "err_train_cmm_l1": 0.0, "_timestamp": 1651829168, "_runtime": 6, "_step": 0, "_wandb": {"runtime": 2}}