{"err_test_cmm": 42.61499786376953, "err_train_cmm": 0.0, "_timestamp": 1653554904, "_runtime": 5, "_step": 1, "err_test_cmm_l1": 9.779999732971191, "err_train_cmm_l1": 0.0, "_wandb": {"runtime": 2}}