{"err_test_cavm": 16.78999900817871, "err_test_cmm": 8.730000495910645, "err_train_cavm": 9.181636810302734, "err_train_cmm": 0.0, "_timestamp": 1651667959, "_runtime": 4, "_step": 1, "err_test_cavm_l1": 35.685001373291016, "err_test_cmm_l1": 8.279999732971191, "err_train_cavm_l1": 32.13572692871094, "err_train_cmm_l1": 0.0, "_wandb": {"runtime": 2}}