{"err_test_cavm_l1": 19.864999771118164, "err_test_cmm_l1": 22.35500144958496, "err_train_cavm_l1": 0.0, "err_train_cmm_l1": 0.0, "_timestamp": 1650994225, "_runtime": 65, "_step": 0, "_wandb": {"runtime": 63}}