{"err_test_cavm_l1": 16.130001068115234, "err_test_cmm_l1": 46.869998931884766, "err_train_cavm_l1": 0.0, "err_train_cmm_l1": 0.0, "_timestamp": 1652280622, "_runtime": 13, "_step": 0, "_wandb": {"runtime": 9}}