{"err_test_cmm": 47.755001068115234, "err_train_cmm": 0.0, "_timestamp": 1653571588, "_runtime": 9, "_step": 1, "err_test_cmm_l1": 10.755000114440918, "err_train_cmm_l1": 0.0, "_wandb": {"runtime": 7}}