{"err_test_cavm": 45.44499969482422, "err_test_cmm": 45.275001525878906, "err_train_cavm": 0.0, "err_train_cmm": 0.0, "_timestamp": 1651585471, "_runtime": 5, "_step": 1, "err_test_cavm_l1": 0.0, "err_test_cmm_l1": 48.904998779296875, "err_train_cavm_l1": 0.0, "err_train_cmm_l1": 0.0, "_wandb": {"runtime": 2}}