{"err_test_cavm": 42.96999740600586, "err_test_cmm": 42.62999725341797, "err_train_cavm": 0.0, "err_train_cmm": 0.0, "_timestamp": 1651585967, "_runtime": 5, "_step": 1, "err_test_cavm_l1": 0.0, "err_test_cmm_l1": 49.86000061035156, "err_train_cavm_l1": 0.0, "err_train_cmm_l1": 0.0, "_wandb": {"runtime": 2}}