{"err_test_cavm_l1": 1.1649999618530273, "err_test_cmm_l1": 16.485000610351562, "err_train_cavm_l1": 0.0, "err_train_cmm_l1": 0.0, "_timestamp": 1651017816, "_runtime": 108, "_step": 0, "_wandb": {"runtime": 106}}