{"err_test_cavm_l1": 1.1850000619888306, "err_test_cmm_l1": 12.02500057220459, "err_train_cavm_l1": 0.21551723778247833, "err_train_cmm_l1": 0.0, "_timestamp": 1651667291, "_runtime": 4, "_step": 0, "_wandb": {"runtime": 2}}