{"err_test_cavm_l1": 25.240001678466797, "err_test_cmm_l1": 33.43499755859375, "err_train_cavm_l1": 0.0, "err_train_cmm_l1": 0.0, "_timestamp": 1651003986, "_runtime": 88, "_step": 0, "_wandb": {"runtime": 84}}