{"err_test_cavm_l1": 14.5649995803833, "err_test_cmm_l1": 37.56999969482422, "err_train_cavm_l1": 0.0, "err_train_cmm_l1": 0.0, "_timestamp": 1651023630, "_runtime": 114, "_step": 0, "_wandb": {"runtime": 111}}