{"err_test_cavm": 45.59000015258789, "err_test_cmm": 45.814998626708984, "err_train_cavm": 0.0, "err_train_cmm": 0.0, "_timestamp": 1651583258, "_runtime": 6, "_step": 1, "err_test_cavm_l1": 0.0, "err_test_cmm_l1": 49.38999938964844, "err_train_cavm_l1": 0.0, "err_train_cmm_l1": 0.0, "_wandb": {"runtime": 2}}