{"err_test_cavm_l1": 2.620000123977661, "err_test_cmm_l1": 8.869999885559082, "err_train_cavm_l1": 0.0, "err_train_cmm_l1": 0.0, "_timestamp": 1650969360, "_runtime": 104, "_step": 0, "_wandb": {"runtime": 101}}