{"err_test_cavm_l1": 2.115000009536743, "err_test_cmm_l1": 6.03000020980835, "err_train_cavm_l1": 0.0, "err_train_cmm_l1": 0.0, "_timestamp": 1650977463, "_runtime": 100, "_step": 0, "_wandb": {"runtime": 98}}