{"err_test_cavm": 43.290000915527344, "err_test_cmm": 43.380001068115234, "err_train_cavm": 0.0, "err_train_cmm": 0.0, "_timestamp": 1651585195, "_runtime": 4, "_step": 1, "err_test_cavm_l1": 0.0, "err_test_cmm_l1": 50.19000244140625, "err_train_cavm_l1": 0.0, "err_train_cmm_l1": 0.0, "_wandb": {"runtime": 2}}