{"err_test_cavm": 0.05000000074505806, "err_test_cmm": 0.0, "err_train_cavm": 0.0, "err_train_cmm": 0.0, "_timestamp": 1653052385, "_runtime": 12, "_step": 1, "err_test_cavm_l1": 0.8149999976158142, "err_test_cmm_l1": 15.925000190734863, "err_train_cavm_l1": 0.0, "err_train_cmm_l1": 0.0, "_wandb": {"runtime": 3}}