{"err_test_cavm": 54.60499954223633, "err_test_cmm": 4.869999885559082, "err_train_cavm": 51.0, "err_train_cmm": 0.0, "_timestamp": 1650877004, "_runtime": 178, "_step": 1, "err_test_cavm_l1": 56.96500015258789, "err_test_cmm_l1": 5.005000114440918, "err_train_cavm_l1": 52.0, "err_train_cmm_l1": 0.0, "_wandb": {"runtime": 175}}