{"err_test_cavm": 29.965002059936523, "err_test_cmm": 2.005000114440918, "err_train_cavm": 32.0, "err_train_cmm": 3.0000000000000027, "_timestamp": 1649785834, "_runtime": 94, "_step": 1, "err_test_cavm_l1": 1.9449999332427979, "err_test_cmm_l1": 2.125, "err_train_cavm_l1": 0.0, "err_train_cmm_l1": 0.0, "_wandb": {"runtime": 91}}