{"err_test_cavm": 27.959999084472656, "err_test_cmm": 24.244998931884766, "err_train_cavm": 9.0, "err_train_cmm": 0.0, "_timestamp": 1651249463, "_runtime": 4, "_step": 1, "err_test_cavm_l1": 0.0, "err_test_cmm_l1": 7.835000038146973, "err_train_cavm_l1": 0.0, "err_train_cmm_l1": 0.0, "_wandb": {"runtime": 2}}