{"err_test_cavm": 48.220001220703125, "err_test_cmm": 48.28499984741211, "err_train_cavm": 0.0, "err_train_cmm": 0.0, "_timestamp": 1651248030, "_runtime": 9, "_step": 1, "err_test_cavm_l1": 0.0, "err_test_cmm_l1": 12.144999504089355, "err_train_cavm_l1": 0.0, "err_train_cmm_l1": 0.0, "_wandb": {"runtime": 5}}