{"err_test_cavm": 0.17000000178813934, "err_test_cmm": 0.3799999952316284, "err_train_cavm": 0.0, "err_train_cmm": 0.0, "_timestamp": 1653661766, "_runtime": 82, "_step": 1, "err_test_cavm_l1": 0.17999999225139618, "err_test_cmm_l1": 0.1850000023841858, "err_train_cavm_l1": 0.0, "err_train_cmm_l1": 0.0, "_wandb": {"runtime": 79}}