{"err_test_cavm": 46.23500061035156, "err_test_cmm": 46.255001068115234, "err_train_cavm": 0.0, "err_train_cmm": 0.0, "_timestamp": 1651586120, "_runtime": 5, "_step": 1, "err_test_cavm_l1": 0.0, "err_test_cmm_l1": 49.8849983215332, "err_train_cavm_l1": 0.0, "err_train_cmm_l1": 0.0, "_wandb": {"runtime": 3}}