{"err_test_cmm": 44.310001373291016, "err_train_cmm": 0.0, "_timestamp": 1653554916, "_runtime": 4, "_step": 1, "err_test_cmm_l1": 15.364999771118164, "err_train_cmm_l1": 0.0, "_wandb": {"runtime": 2}}