{"err_test_cavm_l1": 23.68000030517578, "err_test_cmm_l1": 30.350000381469727, "err_train_cavm_l1": 0.0, "err_train_cmm_l1": 0.0, "_timestamp": 1651030506, "_runtime": 143, "_step": 0, "_wandb": {"runtime": 140}}