{"err_test_cavm": 45.06999969482422, "err_test_cmm": 45.10499954223633, "err_train_cavm": 0.0, "err_train_cmm": 0.0, "_timestamp": 1649834811, "_runtime": 100, "_step": 1, "err_test_cavm_l1": 10.875, "err_test_cmm_l1": 19.23000144958496, "err_train_cavm_l1": 0.0, "err_train_cmm_l1": 0.0, "_wandb": {"runtime": 98}}