{"err_test_cavm_l1": 24.670000076293945, "err_test_cmm_l1": 29.100000381469727, "err_train_cavm_l1": 0.0, "err_train_cmm_l1": 0.0, "_timestamp": 1651002184, "_runtime": 92, "_step": 0, "_wandb": {"runtime": 89}}