{"err_test_cavm": 23.395000457763672, "err_test_cmm": 0.0, "err_train_cavm": 29.0, "err_train_cmm": 0.0, "_timestamp": 1653048858, "_runtime": 17, "_step": 1, "err_test_cavm_l1": 49.85499954223633, "err_test_cmm_l1": 49.915000915527344, "err_train_cavm_l1": 48.0, "err_train_cmm_l1": 0.0, "_wandb": {"runtime": 6}}