{"err_test_cavm_l1": 44.58000183105469, "err_test_cmm_l1": 42.20500183105469, "err_train_cavm_l1": 9.523809432983398, "err_train_cmm_l1": 0.0, "_timestamp": 1651851406, "_runtime": 4, "_step": 0, "_wandb": {"runtime": 2}}