{"err_test_cavm_l1": 3.379999876022339, "err_test_cmm_l1": 6.404999732971191, "err_train_cavm_l1": 0.0, "err_train_cmm_l1": 0.0, "_timestamp": 1650965507, "_runtime": 62, "_step": 0, "_wandb": {"runtime": 60}}