{"err_test_cavm": 19.545000076293945, "err_test_cmm": 17.010000228881836, "err_train_cavm": 7.0, "err_train_cmm": 0.0, "_timestamp": 1651583727, "_runtime": 4, "_step": 1, "err_test_cavm_l1": 0.0, "err_test_cmm_l1": 13.140000343322754, "err_train_cavm_l1": 0.0, "err_train_cmm_l1": 0.0, "_wandb": {"runtime": 2}}