{"err_test_cavm_l1": 1.9750001430511475, "err_test_cmm_l1": 15.144999504089355, "err_train_cavm_l1": 3.22580623626709, "err_train_cmm_l1": 0.0, "_timestamp": 1653133521, "_runtime": 7, "_step": 0, "_wandb": {"runtime": 3}}