{"err_test_cavm": 23.81999969482422, "err_test_cmm": 24.864999771118164, "err_train_cavm": 0.0, "err_train_cmm": 0.0, "_timestamp": 1649811638, "_runtime": 95, "_step": 1, "err_test_cavm_l1": 1.909999966621399, "err_test_cmm_l1": 5.980000019073486, "err_train_cavm_l1": 0.0, "err_train_cmm_l1": 0.0, "_wandb": {"runtime": 93}}