{"err_test_cavm_l1": 6.385000228881836, "err_test_cmm_l1": 8.539999961853027, "err_train_cavm_l1": 0.0, "err_train_cmm_l1": 0.0, "_timestamp": 1652281596, "_runtime": 5, "_step": 0, "_wandb": {"runtime": 2}}