{"err_test_cavm": 40.119998931884766, "err_test_cmm": 39.96500015258789, "err_train_cavm": 0.0, "err_train_cmm": 0.0, "_timestamp": 1651585060, "_runtime": 4, "_step": 1, "err_test_cavm_l1": 0.0, "err_test_cmm_l1": 48.494998931884766, "err_train_cavm_l1": 0.0, "err_train_cmm_l1": 0.0, "_wandb": {"runtime": 2}}