{"err_test_cavm_l1": 4.949999809265137, "err_test_cmm_l1": 28.209999084472656, "err_train_cavm_l1": 3.0, "err_train_cmm_l1": 0.0, "_timestamp": 1651851488, "_runtime": 4, "_step": 0, "_wandb": {"runtime": 2}}