{"err_test_cavm_l1": 0.4050000011920929, "err_test_cmm_l1": 0.0, "err_train_cavm_l1": 0.10000000149011612, "err_train_cmm_l1": 0.0, "_timestamp": 1653135006, "_runtime": 8, "_step": 0, "_wandb": {"runtime": 3}}