{"err_test_cmm": 18.725000381469727, "err_train_cmm": 0.0, "_timestamp": 1653527010, "_runtime": 3, "_step": 1, "err_test_cmm_l1": 14.004999160766602, "err_train_cmm_l1": 0.0, "_wandb": {"runtime": 1}}