{"err_test_cavm_l1": 0.4749999940395355, "err_test_cmm_l1": 13.500000953674316, "err_train_cavm_l1": 0.9302325248718262, "err_train_cmm_l1": 0.0, "_timestamp": 1651667207, "_runtime": 4, "_step": 0, "_wandb": {"runtime": 2}}