{"err_test_cavm": 43.43000030517578, "err_test_cmm": 43.84000015258789, "err_train_cavm": 0.0, "err_train_cmm": 0.0, "_timestamp": 1651582488, "_runtime": 4, "_step": 1, "err_test_cavm_l1": 0.0, "err_test_cmm_l1": 46.32999801635742, "err_train_cavm_l1": 0.0, "err_train_cmm_l1": 0.0, "_wandb": {"runtime": 2}}