{"err_test_cavm": 22.655000686645508, "err_test_cmm": 22.645000457763672, "err_train_cavm": 0.0, "err_train_cmm": 0.0, "_timestamp": 1653601309, "_runtime": 5, "_step": 1, "err_test_cavm_l1": 0.35499998927116394, "err_test_cmm_l1": 0.4399999976158142, "err_train_cavm_l1": 0.0, "err_train_cmm_l1": 0.0, "_wandb": {"runtime": 2}}