{"err_test_cavm": 36.15999984741211, "err_test_cmm": 35.64500045776367, "err_train_cavm": 3.0, "err_train_cmm": 0.0, "_timestamp": 1651248110, "_runtime": 6, "_step": 1, "err_test_cavm_l1": 0.0, "err_test_cmm_l1": 6.700000286102295, "err_train_cavm_l1": 0.0, "err_train_cmm_l1": 0.0, "_wandb": {"runtime": 1}}