{"err_test_cavm": 47.78499984741211, "err_test_cmm": 47.90500259399414, "err_train_cavm": 0.0, "err_train_cmm": 0.0, "_timestamp": 1649830661, "_runtime": 92, "_step": 1, "err_test_cavm_l1": 31.56999969482422, "err_test_cmm_l1": 30.65999984741211, "err_train_cavm_l1": 0.0, "err_train_cmm_l1": 0.0, "_wandb": {"runtime": 90}}