{"err_test_cavm_l1": 13.729999542236328, "err_test_cmm_l1": 37.32999801635742, "err_train_cavm_l1": 0.0, "err_train_cmm_l1": 0.0, "_timestamp": 1651027817, "_runtime": 111, "_step": 0, "_wandb": {"runtime": 108}}