{"err_test_cavm": 40.05500030517578, "err_test_cmm": 39.77499771118164, "err_train_cavm": 0.0, "err_train_cmm": 0.0, "_timestamp": 1651250502, "_runtime": 8, "_step": 1, "err_test_cavm_l1": 0.0, "err_test_cmm_l1": 49.55999755859375, "err_train_cavm_l1": 0.0, "err_train_cmm_l1": 0.0, "_wandb": {"runtime": 2}}