{"err_test_cmm": 43.459999084472656, "err_train_cmm": 0.0, "_timestamp": 1653571930, "_runtime": 6, "_step": 1, "err_test_cmm_l1": 12.635000228881836, "err_train_cmm_l1": 0.0, "_wandb": {"runtime": 3}}