{"err_test_cavm": 1.3849999904632568, "err_test_cmm": 2.625, "err_train_cavm": 0.0, "err_train_cmm": 0.0, "_timestamp": 1653600764, "_runtime": 7, "_step": 1, "err_test_cavm_l1": 0.4350000023841858, "err_test_cmm_l1": 0.5400000214576721, "err_train_cavm_l1": 0.0, "err_train_cmm_l1": 0.0, "_wandb": {"runtime": 5}}