{"err_test_cavm": 24.579999923706055, "err_test_cmm": 20.235000610351562, "err_train_cavm": 12.0, "err_train_cmm": 0.0, "_timestamp": 1651250006, "_runtime": 4, "_step": 1, "err_test_cavm_l1": 0.0, "err_test_cmm_l1": 17.645000457763672, "err_train_cavm_l1": 0.0, "err_train_cmm_l1": 0.0, "_wandb": {"runtime": 2}}