{"err_test_cavm_l1": 10.445000648498535, "err_test_cmm_l1": 14.444999694824219, "err_train_cavm_l1": 0.0, "err_train_cmm_l1": 0.0, "_timestamp": 1650993887, "_runtime": 95, "_step": 0, "_wandb": {"runtime": 93}}