{"err_test_cavm": 0.14499999582767487, "err_test_cmm": 0.48500001430511475, "err_train_cavm": 0.0, "err_train_cmm": 0.0, "_timestamp": 1653663959, "_runtime": 20, "_step": 1, "err_test_cavm_l1": 0.19499999284744263, "err_test_cmm_l1": 0.1899999976158142, "err_train_cavm_l1": 0.0, "err_train_cmm_l1": 0.0, "_wandb": {"runtime": 18}}