{"err_test_cavm_l1": 22.904998779296875, "err_test_cmm_l1": 38.7400016784668, "err_train_cavm_l1": 6.5217390060424805, "err_train_cmm_l1": 0.0, "_timestamp": 1651830161, "_runtime": 5, "_step": 0, "_wandb": {"runtime": 2}}