{"err_test_cmm": 48.595001220703125, "err_train_cmm": 0.0, "_timestamp": 1653585722, "_runtime": 9, "_step": 1, "err_test_cmm_l1": 41.095001220703125, "err_train_cmm_l1": 0.0, "_wandb": {"runtime": 4}}