{"err_test_cmm": 40.92499923706055, "err_train_cmm": 0.0, "_timestamp": 1653571916, "_runtime": 6, "_step": 1, "err_test_cmm_l1": 6.8949995040893555, "err_train_cmm_l1": 0.0, "_wandb": {"runtime": 3}}