{"err_test_cavm_l1": 38.400001525878906, "err_test_cmm_l1": 52.429996490478516, "err_train_cavm_l1": 19.047618865966797, "err_train_cmm_l1": 0.0, "_timestamp": 1651836547, "_runtime": 5, "_step": 0, "_wandb": {"runtime": 2}}