{"err_test_cavm_l1": 10.300000190734863, "err_test_cmm_l1": 16.994998931884766, "err_train_cavm_l1": 0.0, "err_train_cmm_l1": 0.0, "_timestamp": 1650995936, "_runtime": 103, "_step": 0, "_wandb": {"runtime": 100}}