{"err_test_cavm_l1": 22.744998931884766, "err_test_cmm_l1": 50.0150032043457, "err_train_cavm_l1": 7.0, "err_train_cmm_l1": 0.0, "_timestamp": 1652274101, "_runtime": 25, "_step": 0, "_wandb": {"runtime": 21}}