{"err_test_cavm": 1.024999976158142, "err_test_cmm": 4.355000019073486, "err_train_cavm": 0.0, "err_train_cmm": 3.0000000000000027, "_timestamp": 1649776604, "_runtime": 109, "_step": 1, "err_test_cavm_l1": 0.7300000190734863, "err_test_cmm_l1": 0.8299999833106995, "err_train_cavm_l1": 0.0, "err_train_cmm_l1": 0.0, "_wandb": {"runtime": 105}}