{"err_test_cavm_l1": 4.170000076293945, "err_test_cmm_l1": 9.269999504089355, "err_train_cavm_l1": 0.0, "err_train_cmm_l1": 0.0, "_timestamp": 1651142022, "_runtime": 151, "_step": 0, "_wandb": {"runtime": 147}}