{"err_test_cavm": 47.369998931884766, "err_test_cmm": 47.04999923706055, "err_train_cavm": 0.0, "err_train_cmm": 0.0, "_timestamp": 1651151501, "_runtime": 4, "_step": 1, "err_test_cavm_l1": 50.63999938964844, "err_test_cmm_l1": 46.12999725341797, "err_train_cavm_l1": 0.0, "err_train_cmm_l1": 0.0, "_wandb": {"runtime": 2}}