{"err_test_cavm_l1": 2.0850000381469727, "err_test_cmm_l1": 5.085000038146973, "err_train_cavm_l1": 0.0, "err_train_cmm_l1": 0.0, "_timestamp": 1650977355, "_runtime": 114, "_step": 0, "_wandb": {"runtime": 112}}