{"err_test_cavm": 32.94499969482422, "err_test_cmm": 29.23499870300293, "err_train_cavm": 7.0, "err_train_cmm": 0.0, "_timestamp": 1651584264, "_runtime": 3, "_step": 1, "err_test_cavm_l1": 0.0, "err_test_cmm_l1": 33.07999801635742, "err_train_cavm_l1": 0.0, "err_train_cmm_l1": 0.0, "_wandb": {"runtime": 2}}