{"err_test_cavm_l1": 49.94499969482422, "err_test_cmm_l1": 29.989999771118164, "err_train_cavm_l1": 49.49399185180664, "err_train_cmm_l1": 17.425679949399118, "_timestamp": 1651001743, "_runtime": 168, "_step": 0, "_wandb": {"runtime": 166}}