{"err_test_cavm": 45.57999801635742, "err_test_cmm": 45.65999984741211, "err_train_cavm": 0.0, "err_train_cmm": 0.0, "_timestamp": 1651667945, "_runtime": 3, "_step": 1, "err_test_cavm_l1": 49.64999771118164, "err_test_cmm_l1": 49.11499786376953, "err_train_cavm_l1": 0.0, "err_train_cmm_l1": 0.0, "_wandb": {"runtime": 2}}