{"err_test_cavm": 1.2549999952316284, "err_test_cmm": 2.3600001335144043, "err_train_cavm": 0.0, "err_train_cmm": 0.0, "_timestamp": 1653600928, "_runtime": 8, "_step": 1, "err_test_cavm_l1": 0.3799999952316284, "err_test_cmm_l1": 0.6000000238418579, "err_train_cavm_l1": 0.0, "err_train_cmm_l1": 0.0, "_wandb": {"runtime": 6}}