{"err_test_cavm": 28.375, "err_test_cmm": 24.80500030517578, "err_train_cavm": 8.403361320495605, "err_train_cmm": 0.0, "_timestamp": 1652109727, "_runtime": 18, "_step": 1, "err_test_cavm_l1": 34.904998779296875, "err_test_cmm_l1": 25.380001068115234, "err_train_cavm_l1": 30.25210189819336, "err_train_cmm_l1": 0.0, "_wandb": {"runtime": 4}}