{"err_test_cavm": 48.95499801635742, "err_test_cmm": 27.05500030517578, "err_train_cavm": 0.0, "err_train_cmm": 0.0, "_timestamp": 1653608247, "_runtime": 6, "_step": 1, "err_test_cavm_l1": 42.44499969482422, "err_test_cmm_l1": 2.4000000953674316, "err_train_cavm_l1": 0.0, "err_train_cmm_l1": 0.0, "_wandb": {"runtime": 2}}