{"err_test_cmm": 45.51499938964844, "err_train_cmm": 0.0, "_timestamp": 1653523213, "_runtime": 3, "_step": 1, "err_test_cmm_l1": 50.255001068115234, "err_train_cmm_l1": 0.0, "_wandb": {"runtime": 1}}