{"err_test_cavm": 46.31999969482422, "err_test_cmm": 46.349998474121094, "err_train_cavm": 0.0, "err_train_cmm": 0.0, "_timestamp": 1649808512, "_runtime": 80, "_step": 1, "err_test_cavm_l1": 50.209999084472656, "err_test_cmm_l1": 50.314998626708984, "err_train_cavm_l1": 0.0, "err_train_cmm_l1": 0.0, "_wandb": {"runtime": 78}}