{"err_test_cavm_l1": 3.570000171661377, "err_test_cmm_l1": 8.3149995803833, "err_train_cavm_l1": 0.0, "err_train_cmm_l1": 0.0, "_timestamp": 1650963874, "_runtime": 61, "_step": 0, "_wandb": {"runtime": 60}}