{"err_test_cavm": 48.68499755859375, "err_test_cmm": 26.625001907348633, "err_train_cavm": 0.0, "err_train_cmm": 0.0, "_timestamp": 1653607923, "_runtime": 5, "_step": 1, "err_test_cavm_l1": 35.91999816894531, "err_test_cmm_l1": 0.3700000047683716, "err_train_cavm_l1": 0.0, "err_train_cmm_l1": 0.0, "_wandb": {"runtime": 2}}