{"err_test_cavm": 8.505000114440918, "err_test_cmm": 8.545000076293945, "err_train_cavm": 0.0, "err_train_cmm": 0.0, "_timestamp": 1649811384, "_runtime": 148, "_step": 1, "err_test_cavm_l1": 1.3899999856948853, "err_test_cmm_l1": 2.7249999046325684, "err_train_cavm_l1": 0.0, "err_train_cmm_l1": 0.0, "_wandb": {"runtime": 145}}