{"err_test_cavm_l1": 4.984999656677246, "err_test_cmm_l1": 9.619999885559082, "err_train_cavm_l1": 0.0, "err_train_cmm_l1": 0.0, "_timestamp": 1650989890, "_runtime": 59, "_step": 0, "_wandb": {"runtime": 57}}