{"err_test_cavm": 3.2699997425079346, "err_test_cmm": 4.065000057220459, "err_train_cavm": 0.0, "err_train_cmm": 0.0, "_timestamp": 1653662797, "_runtime": 6, "_step": 1, "err_test_cavm_l1": 0.15000000596046448, "err_test_cmm_l1": 0.46000000834465027, "err_train_cavm_l1": 0.0, "err_train_cmm_l1": 0.0, "_wandb": {"runtime": 3}}