{"err_test_cavm_l1": 1.9750001430511475, "err_test_cmm_l1": 13.169999122619629, "err_train_cavm_l1": 0.0, "err_train_cmm_l1": 0.0, "_timestamp": 1653133742, "_runtime": 7, "_step": 0, "_wandb": {"runtime": 2}}