{"err_test_cavm": 19.114999771118164, "err_test_cmm": 7.159999847412109, "err_train_cavm": 16.0, "err_train_cmm": 0.0, "_timestamp": 1651583304, "_runtime": 5, "_step": 1, "err_test_cavm_l1": 0.0, "err_test_cmm_l1": 1.8700000047683716, "err_train_cavm_l1": 0.0, "err_train_cmm_l1": 0.0, "_wandb": {"runtime": 2}}