{"err_test_cavm_l1": 29.85999870300293, "err_test_cmm_l1": 49.939998626708984, "err_train_cavm_l1": 0.0, "err_train_cmm_l1": 0.0, "_timestamp": 1651034084, "_runtime": 107, "_step": 0, "_wandb": {"runtime": 104}}