{"err_test_cmm": 27.350000381469727, "err_train_cmm": 0.0, "_timestamp": 1653526581, "_runtime": 3, "_step": 1, "err_test_cmm_l1": 31.134998321533203, "err_train_cmm_l1": 0.0, "_wandb": {"runtime": 1}}