{"err_test_cavm": 45.31999969482422, "err_test_cmm": 45.224998474121094, "err_train_cavm": 0.0, "err_train_cmm": 0.0, "_timestamp": 1651251447, "_runtime": 6, "_step": 1, "err_test_cavm_l1": 0.0, "err_test_cmm_l1": 50.37999725341797, "err_train_cavm_l1": 0.0, "err_train_cmm_l1": 0.0, "_wandb": {"runtime": 2}}