{"err_test_cavm_l1": 0.3799999952316284, "err_test_cmm_l1": 6.400000095367432, "err_train_cavm_l1": 0.0, "err_train_cmm_l1": 0.0, "_timestamp": 1653606939, "_runtime": 10, "_step": 0, "_wandb": {"runtime": 7}}