{"err_test_cavm": 27.315000534057617, "err_test_cmm": 27.61499786376953, "err_train_cavm": 0.0, "err_train_cmm": 0.0, "_timestamp": 1653608936, "_runtime": 6, "_step": 1, "err_test_cavm_l1": 11.554999351501465, "err_test_cmm_l1": 6.409999847412109, "err_train_cavm_l1": 0.0, "err_train_cmm_l1": 0.0, "_wandb": {"runtime": 2}}