{"err_test_cavm_l1": 41.470001220703125, "err_test_cmm_l1": 49.380001068115234, "err_train_cavm_l1": 0.0, "err_train_cmm_l1": 0.0, "_timestamp": 1651026049, "_runtime": 74, "_step": 0, "_wandb": {"runtime": 70}}