{"err_test_cavm": 47.82500076293945, "err_test_cmm": 47.88500213623047, "err_train_cavm": 0.0, "err_train_cmm": 0.0, "_timestamp": 1651252251, "_runtime": 10, "_step": 1, "err_test_cavm_l1": 0.0, "err_test_cmm_l1": 49.20499801635742, "err_train_cavm_l1": 0.0, "err_train_cmm_l1": 0.0, "_wandb": {"runtime": 7}}