{"err_test_cavm_l1": 1.2799999713897705, "err_test_cmm_l1": 3.934999942779541, "err_train_cavm_l1": 0.0, "err_train_cmm_l1": 0.0, "_timestamp": 1650983140, "_runtime": 125, "_step": 0, "_wandb": {"runtime": 119}}