{"err_test_cavm": 37.44499969482422, "err_test_cmm": 34.97500228881836, "err_train_cavm": 0.0, "err_train_cmm": 0.0, "_timestamp": 1652109269, "_runtime": 9, "_step": 1, "err_test_cavm_l1": 50.185001373291016, "err_test_cmm_l1": 39.095001220703125, "err_train_cavm_l1": 39.28571319580078, "err_train_cmm_l1": 0.0, "_wandb": {"runtime": 3}}