{"err_test_cavm": 45.93499755859375, "err_test_cmm": 46.06999969482422, "err_train_cavm": 0.0, "err_train_cmm": 0.0, "_timestamp": 1650871218, "_runtime": 5, "_step": 1, "err_test_cavm_l1": 45.93499755859375, "err_test_cmm_l1": 6.869999885559082, "err_train_cavm_l1": 0.0, "err_train_cmm_l1": 0.0, "_wandb": {"runtime": 3}}