{"err_test_cavm_l1": 6.244999885559082, "err_test_cmm_l1": 13.11500072479248, "err_train_cavm_l1": 0.0, "err_train_cmm_l1": 0.0, "_timestamp": 1653134737, "_runtime": 7, "_step": 0, "_wandb": {"runtime": 2}}