{"err_test_cavm": 43.16999816894531, "err_test_cmm": 43.54499816894531, "err_train_cavm": 0.0, "err_train_cmm": 0.0, "_timestamp": 1652175674, "_runtime": 17, "_step": 1, "err_test_cavm_l1": 50.599998474121094, "err_test_cmm_l1": 46.07500076293945, "err_train_cavm_l1": 0.0, "err_train_cmm_l1": 0.0, "_wandb": {"runtime": 5}}