{"err_test_cavm": 17.190000534057617, "err_test_cmm": 0.0, "err_train_cavm": 11.0, "err_train_cmm": 0.0, "_timestamp": 1652891709, "_runtime": 3, "_step": 1, "err_test_cavm_l1": 49.79999923706055, "err_test_cmm_l1": 50.16999816894531, "err_train_cavm_l1": 50.0, "err_train_cmm_l1": 0.0, "_wandb": {"runtime": 1}}