{"err_test_cavm_l1": 49.92499923706055, "err_test_cmm_l1": 50.27499771118164, "err_train_cavm_l1": 0.0, "err_train_cmm_l1": 0.0, "_timestamp": 1653610677, "_runtime": 5, "_step": 0, "_wandb": {"runtime": 2}}