{"err_test_cavm": 44.1150016784668, "err_test_cmm": 44.02000045776367, "err_train_cavm": 0.0, "err_train_cmm": 0.0, "_timestamp": 1651584304, "_runtime": 4, "_step": 1, "err_test_cavm_l1": 0.0, "err_test_cmm_l1": 36.494998931884766, "err_train_cavm_l1": 0.0, "err_train_cmm_l1": 0.0, "_wandb": {"runtime": 2}}