{"err_test_cavm_l1": 1.9249999523162842, "err_test_cmm_l1": 4.650000095367432, "err_train_cavm_l1": 0.0, "err_train_cmm_l1": 0.0, "_timestamp": 1650891576, "_runtime": 185, "_step": 0, "_wandb": {"runtime": 181}}