{"err_test_cavm_l1": 6.78000020980835, "err_test_cmm_l1": 9.309999465942383, "err_train_cavm_l1": 0.0, "err_train_cmm_l1": 0.0, "_timestamp": 1652280481, "_runtime": 7, "_step": 0, "_wandb": {"runtime": 3}}