{"err_test_cavm_l1": 3.5399999618530273, "err_test_cmm_l1": 33.09499740600586, "err_train_cavm_l1": 3.0, "err_train_cmm_l1": 0.0, "_timestamp": 1651830483, "_runtime": 5, "_step": 0, "_wandb": {"runtime": 2}}