{"err_test_cavm_l1": 5.980000019073486, "err_test_cmm_l1": 3.799999952316284, "err_train_cavm_l1": 0.0, "err_train_cmm_l1": 0.0, "_timestamp": 1652279396, "_runtime": 10, "_step": 0, "_wandb": {"runtime": 3}}