{"err_test_cavm": 45.41999816894531, "err_test_cmm": 45.459999084472656, "err_train_cavm": 0.0, "err_train_cmm": 0.0, "_timestamp": 1652187230, "_runtime": 7, "_step": 1, "err_test_cavm_l1": 49.73999786376953, "err_test_cmm_l1": 50.029998779296875, "err_train_cavm_l1": 0.0, "err_train_cmm_l1": 0.0, "_wandb": {"runtime": 3}}