{"err_test_cavm": 36.970001220703125, "err_test_cmm": 36.39999771118164, "err_train_cavm": 2.0, "err_train_cmm": 0.0, "_timestamp": 1651247959, "_runtime": 4, "_step": 1, "err_test_cavm_l1": 0.0, "err_test_cmm_l1": 12.4399995803833, "err_train_cavm_l1": 0.0, "err_train_cmm_l1": 0.0, "_wandb": {"runtime": 2}}