{"err_test_cavm": 20.80500030517578, "err_test_cmm": 14.405000686645508, "err_train_cavm": 13.0, "err_train_cmm": 0.0, "_timestamp": 1651583034, "_runtime": 4, "_step": 1, "err_test_cavm_l1": 0.0, "err_test_cmm_l1": 7.185000419616699, "err_train_cavm_l1": 0.0, "err_train_cmm_l1": 0.0, "_wandb": {"runtime": 2}}