{"err_test_cavm": 6.960000038146973, "err_test_cmm": 8.399999618530273, "err_train_cavm": 0.0, "err_train_cmm": 2.0000000000000018, "_timestamp": 1649787356, "_runtime": 91, "_step": 1, "err_test_cavm_l1": 1.2549999952316284, "err_test_cmm_l1": 2.294999837875366, "err_train_cavm_l1": 0.0, "err_train_cmm_l1": 0.0, "_wandb": {"runtime": 89}}