{"err_test_cavm_l1": 21.924999237060547, "err_test_cmm_l1": 49.82500076293945, "err_train_cavm_l1": 0.0, "err_train_cmm_l1": 0.0, "_timestamp": 1652282055, "_runtime": 13, "_step": 0, "_wandb": {"runtime": 9}}