{"err_test_cmm": 27.674999237060547, "err_train_cmm": 0.0, "_timestamp": 1653570975, "_runtime": 5, "_step": 1, "err_test_cmm_l1": 8.289999961853027, "err_train_cmm_l1": 0.0, "_wandb": {"runtime": 1}}