{"err_test_cavm_l1": 0.015000000596046448, "err_test_cmm_l1": 0.015000000596046448, "err_train_cavm_l1": 0.0, "err_train_cmm_l1": 0.0, "_timestamp": 1651147115, "_runtime": 49, "_step": 0, "_wandb": {"runtime": 47}}