{"err_test_cavm_l1": 3.6649997234344482, "err_test_cmm_l1": 7.800000190734863, "err_train_cavm_l1": 0.0, "err_train_cmm_l1": 0.0, "_timestamp": 1651039251, "_runtime": 61, "_step": 0, "_wandb": {"runtime": 59}}