{"err_test_cmm": 19.21000099182129, "err_train_cmm": 0.0, "_timestamp": 1653527883, "_runtime": 3, "_step": 1, "err_test_cmm_l1": 13.0649995803833, "err_train_cmm_l1": 0.0, "_wandb": {"runtime": 1}}