{"err_test_cavm": 44.935001373291016, "err_test_cmm": 7.610000133514404, "err_train_cavm": 40.0, "err_train_cmm": 2.0000000000000018, "_timestamp": 1649794113, "_runtime": 99, "_step": 1, "err_test_cavm_l1": 2.759999990463257, "err_test_cmm_l1": 5.559999942779541, "err_train_cavm_l1": 0.0, "err_train_cmm_l1": 0.0, "_wandb": {"runtime": 96}}