{"err_test_cmm": 46.14500045776367, "err_train_cmm": 0.0, "_timestamp": 1653525960, "_runtime": 4, "_step": 1, "err_test_cmm_l1": 36.584999084472656, "err_train_cmm_l1": 0.0, "_wandb": {"runtime": 1}}