{"err_test_cavm_l1": 32.17000198364258, "err_test_cmm_l1": 46.9900016784668, "err_train_cavm_l1": 0.0, "err_train_cmm_l1": 0.0, "_timestamp": 1651034973, "_runtime": 102, "_step": 0, "_wandb": {"runtime": 100}}