{"err_test_cavm_l1": 0.6949999928474426, "err_test_cmm_l1": 2.254999876022339, "err_train_cavm_l1": 0.0, "err_train_cmm_l1": 0.0, "_timestamp": 1650985562, "_runtime": 161, "_step": 0, "_wandb": {"runtime": 159}}