{"err_test_cavm_l1": 6.345000267028809, "err_test_cmm_l1": 22.420000076293945, "err_train_cavm_l1": 0.0, "err_train_cmm_l1": 0.0, "_timestamp": 1652281934, "_runtime": 7, "_step": 0, "_wandb": {"runtime": 2}}