{"err_test_cavm_l1": 1.8899999856948853, "err_test_cmm_l1": 5.170000076293945, "err_train_cavm_l1": 0.0, "err_train_cmm_l1": 0.0, "_timestamp": 1650974600, "_runtime": 100, "_step": 0, "_wandb": {"runtime": 97}}