{"err_test_cmm": 25.975000381469727, "err_train_cmm": 0.0, "_timestamp": 1653527243, "_runtime": 3, "_step": 1, "err_test_cmm_l1": 26.14000129699707, "err_train_cmm_l1": 0.0, "_wandb": {"runtime": 1}}