{"err_test_cavm": 20.725000381469727, "err_test_cmm": 17.389999389648438, "err_train_cavm": 8.0, "err_train_cmm": 0.0, "_timestamp": 1652261417, "_runtime": 8, "_step": 1, "err_test_cavm_l1": 0.0, "err_test_cmm_l1": 10.515000343322754, "err_train_cavm_l1": 0.0, "err_train_cmm_l1": 0.0, "_wandb": {"runtime": 3}}