{"err_test_cavm_l1": 47.29999923706055, "err_test_cmm_l1": 45.59499740600586, "err_train_cavm_l1": 0.0, "err_train_cmm_l1": 0.0, "_timestamp": 1653606762, "_runtime": 5, "_step": 0, "_wandb": {"runtime": 2}}