{"err_test_cmm": 27.030000686645508, "err_train_cmm": 0.0, "_timestamp": 1653566934, "_runtime": 17, "_step": 1, "err_test_cmm_l1": 3.7149999141693115, "err_train_cmm_l1": 0.0, "_wandb": {"runtime": 10}}