{"err_test_cavm": 17.579999923706055, "err_test_cmm": 7.744999885559082, "err_train_cavm": 10.0, "err_train_cmm": 0.0, "_timestamp": 1651247514, "_runtime": 4, "_step": 1, "err_test_cavm_l1": 0.0, "err_test_cmm_l1": 3.0950000286102295, "err_train_cavm_l1": 0.0, "err_train_cmm_l1": 0.0, "_wandb": {"runtime": 2}}