{"err_test_cavm": 47.77000045776367, "err_test_cmm": 47.93000030517578, "err_train_cavm": 0.0, "err_train_cmm": 0.0, "_timestamp": 1651586754, "_runtime": 7, "_step": 1, "err_test_cavm_l1": 0.0, "err_test_cmm_l1": 50.15500259399414, "err_train_cavm_l1": 0.0, "err_train_cmm_l1": 0.0, "_wandb": {"runtime": 4}}