{"err_test_cavm": 26.5049991607666, "err_test_cmm": 22.65999984741211, "err_train_cavm": 8.403361320495605, "err_train_cmm": 0.0, "_timestamp": 1652109460, "_runtime": 8, "_step": 1, "err_test_cavm_l1": 35.05500030517578, "err_test_cmm_l1": 26.69500160217285, "err_train_cavm_l1": 31.93277359008789, "err_train_cmm_l1": 0.0, "_wandb": {"runtime": 3}}