{"err_test_cavm": 17.825000762939453, "err_test_cmm": 18.219999313354492, "err_train_cavm": 0.0, "err_train_cmm": 0.0, "_timestamp": 1653664318, "_runtime": 5, "_step": 1, "err_test_cavm_l1": 8.949999809265137, "err_test_cmm_l1": 3.640000104904175, "err_train_cavm_l1": 0.0, "err_train_cmm_l1": 0.0, "_wandb": {"runtime": 2}}