{"err_test_cavm_l1": 6.695000171661377, "err_test_cmm_l1": 49.810001373291016, "err_train_cavm_l1": 0.0, "err_train_cmm_l1": 0.0, "_timestamp": 1653131988, "_runtime": 7, "_step": 0, "_wandb": {"runtime": 2}}