{"err_test_cavm": 1.1399999856948853, "err_test_cmm": 0.0, "err_train_cavm": 0.0, "err_train_cmm": 0.0, "_timestamp": 1653048961, "_runtime": 18, "_step": 1, "err_test_cavm_l1": 49.94499969482422, "err_test_cmm_l1": 50.019996643066406, "err_train_cavm_l1": 56.0, "err_train_cmm_l1": 0.0, "_wandb": {"runtime": 13}}