{"err_test_cavm_l1": 11.815000534057617, "err_test_cmm_l1": 31.060001373291016, "err_train_cavm_l1": 0.0, "err_train_cmm_l1": 0.0, "_timestamp": 1652280539, "_runtime": 6, "_step": 0, "_wandb": {"runtime": 2}}