{"err_test_cavm": 37.904998779296875, "err_test_cmm": 38.13999938964844, "err_train_cavm": 1.0, "err_train_cmm": 0.0, "_timestamp": 1651586070, "_runtime": 4, "_step": 1, "err_test_cavm_l1": 0.0, "err_test_cmm_l1": 43.30500030517578, "err_train_cavm_l1": 0.0, "err_train_cmm_l1": 0.0, "_wandb": {"runtime": 2}}