{"err_test_cavm": 47.880001068115234, "err_test_cmm": 47.584999084472656, "err_train_cavm": 0.0, "err_train_cmm": 0.0, "_timestamp": 1652880793, "_runtime": 4, "_step": 1, "err_test_cavm_l1": 0.0, "err_test_cmm_l1": 49.80500030517578, "err_train_cavm_l1": 0.0, "err_train_cmm_l1": 0.0, "_wandb": {"runtime": 3}}