{"err_test_cavm": 23.704999923706055, "err_test_cmm": 25.064998626708984, "err_train_cavm": 0.0, "err_train_cmm": 0.0, "_timestamp": 1649838774, "_runtime": 215, "_step": 1, "err_test_cavm_l1": 2.504999876022339, "err_test_cmm_l1": 5.840000152587891, "err_train_cavm_l1": 0.0, "err_train_cmm_l1": 0.0, "_wandb": {"runtime": 213}}