{"err_test_cavm_l1": 0.550000011920929, "err_test_cmm_l1": 8.380000114440918, "err_train_cavm_l1": 0.0, "err_train_cmm_l1": 0.0, "_timestamp": 1652283364, "_runtime": 7, "_step": 0, "_wandb": {"runtime": 3}}