{"err_test_cmm": 41.49500274658203, "err_train_cmm": 0.0, "_timestamp": 1653524372, "_runtime": 3, "_step": 1, "err_test_cmm_l1": 49.64999771118164, "err_train_cmm_l1": 0.0, "_wandb": {"runtime": 1}}