{"err_test_cavm": 7.28000020980835, "err_test_cmm": 7.429999828338623, "err_train_cavm": 0.0, "err_train_cmm": 0.0, "_timestamp": 1649806021, "_runtime": 190, "_step": 1, "err_test_cavm_l1": 1.3600000143051147, "err_test_cmm_l1": 3.0899999141693115, "err_train_cavm_l1": 0.0, "err_train_cmm_l1": 0.0, "_wandb": {"runtime": 187}}