{"err_test_cmm": 47.34000015258789, "err_train_cmm": 0.0, "_timestamp": 1653525483, "_runtime": 3, "_step": 1, "err_test_cmm_l1": 49.834999084472656, "err_train_cmm_l1": 0.0, "_wandb": {"runtime": 1}}