{"err_test_cavm_l1": 3.629999876022339, "err_test_cmm_l1": 8.34999942779541, "err_train_cavm_l1": 0.0, "err_train_cmm_l1": 0.0, "_timestamp": 1650962700, "_runtime": 68, "_step": 0, "_wandb": {"runtime": 65}}