{"err_test_cavm": 1.4800000190734863, "err_test_cmm": 2.430000066757202, "err_train_cavm": 0.0, "err_train_cmm": 0.0, "_timestamp": 1653601443, "_runtime": 8, "_step": 1, "err_test_cavm_l1": 0.35499998927116394, "err_test_cmm_l1": 0.35999998450279236, "err_train_cavm_l1": 0.0, "err_train_cmm_l1": 0.0, "_wandb": {"runtime": 6}}