{"err_test_cmm": 7.384999752044678, "err_train_cmm": 0.0, "_timestamp": 1653526989, "_runtime": 4, "_step": 1, "err_test_cmm_l1": 4.724999904632568, "err_train_cmm_l1": 0.0, "_wandb": {"runtime": 1}}