{"err_test_cavm": 23.459999084472656, "err_test_cmm": 16.150001525878906, "err_train_cavm": 12.0, "err_train_cmm": 0.0, "_timestamp": 1651582425, "_runtime": 3, "_step": 1, "err_test_cavm_l1": 0.0, "err_test_cmm_l1": 8.539999961853027, "err_train_cavm_l1": 0.0, "err_train_cmm_l1": 0.0, "_wandb": {"runtime": 2}}