{"err_test_cavm": 36.75, "err_test_cmm": 36.53499984741211, "err_train_cavm": 10.714285850524902, "err_train_cmm": 0.0, "_timestamp": 1652175572, "_runtime": 18, "_step": 1, "err_test_cavm_l1": 35.79500198364258, "err_test_cmm_l1": 44.025001525878906, "err_train_cavm_l1": 32.14285659790039, "err_train_cmm_l1": 0.0, "_wandb": {"runtime": 6}}