{"err_test_cavm": 0.5299999713897705, "err_test_cmm": 1.0700000524520874, "err_train_cavm": 0.0, "err_train_cmm": 0.0, "_timestamp": 1653663654, "_runtime": 7, "_step": 1, "err_test_cavm_l1": 0.9549999833106995, "err_test_cmm_l1": 0.3449999988079071, "err_train_cavm_l1": 0.0, "err_train_cmm_l1": 0.0, "_wandb": {"runtime": 5}}