{"err_test_cmm": 48.48500061035156, "err_train_cmm": 0.0, "_timestamp": 1653570702, "_runtime": 20, "_step": 1, "err_test_cmm_l1": 12.385000228881836, "err_train_cmm_l1": 0.0, "_wandb": {"runtime": 17}}