{"err_test_cavm": 43.334999084472656, "err_test_cmm": 43.31999969482422, "err_train_cavm": 0.0, "err_train_cmm": 0.0, "_timestamp": 1651249895, "_runtime": 6, "_step": 1, "err_test_cavm_l1": 0.0, "err_test_cmm_l1": 29.920000076293945, "err_train_cavm_l1": 0.0, "err_train_cmm_l1": 0.0, "_wandb": {"runtime": 2}}