{"err_test_cavm": 37.86000061035156, "err_test_cmm": 37.58000183105469, "err_train_cavm": 2.0, "err_train_cmm": 0.0, "_timestamp": 1652877044, "_runtime": 3, "_step": 1, "err_test_cavm_l1": 0.0, "err_test_cmm_l1": 44.44499969482422, "err_train_cavm_l1": 0.0, "err_train_cmm_l1": 0.0, "_wandb": {"runtime": 1}}