{"err_test_cavm_l1": 1.5149999856948853, "err_test_cmm_l1": 14.920001029968262, "err_train_cavm_l1": 1.3953487873077393, "err_train_cmm_l1": 0.0, "_timestamp": 1651667303, "_runtime": 4, "_step": 0, "_wandb": {"runtime": 2}}