{"err_test_cavm": 45.96500015258789, "err_test_cmm": 45.88999938964844, "err_train_cavm": 0.0, "err_train_cmm": 0.0, "_timestamp": 1651249098, "_runtime": 7, "_step": 1, "err_test_cavm_l1": 0.0, "err_test_cmm_l1": 8.579999923706055, "err_train_cavm_l1": 0.0, "err_train_cmm_l1": 0.0, "_wandb": {"runtime": 3}}