{"err_test_cavm": 31.150001525878906, "err_test_cmm": 31.825000762939453, "err_train_cavm": 0.0, "err_train_cmm": 0.0, "_timestamp": 1649829957, "_runtime": 183, "_step": 1, "err_test_cavm_l1": 1.8050000667572021, "err_test_cmm_l1": 4.614999771118164, "err_train_cavm_l1": 0.0, "err_train_cmm_l1": 0.0, "_wandb": {"runtime": 181}}