{"err_test_cavm_l1": 1.3450000286102295, "err_test_cmm_l1": 50.6349983215332, "err_train_cavm_l1": 1.0, "err_train_cmm_l1": 0.0, "_timestamp": 1652884915, "_runtime": 37, "_step": 0, "_wandb": {"runtime": 33}}