{"err_test_cavm": 23.649999618530273, "err_test_cmm": 0.0, "err_train_cavm": 23.0, "err_train_cmm": 0.0, "_timestamp": 1653048276, "_runtime": 10, "_step": 1, "err_test_cavm_l1": 49.95500183105469, "err_test_cmm_l1": 43.21500015258789, "err_train_cavm_l1": 48.0, "err_train_cmm_l1": 0.0, "_wandb": {"runtime": 4}}