{"err_test_cavm_l1": 50.099998474121094, "err_test_cmm_l1": 49.7599983215332, "err_train_cavm_l1": 0.0, "err_train_cmm_l1": 0.0, "_timestamp": 1652376984, "_runtime": 7, "_step": 0, "_wandb": {"runtime": 3}}