{"err_test_cavm": 41.46000289916992, "err_test_cmm": 41.53000259399414, "err_train_cavm": 0.0, "err_train_cmm": 0.0, "_timestamp": 1649839354, "_runtime": 172, "_step": 1, "err_test_cavm_l1": 10.59999942779541, "err_test_cmm_l1": 17.665000915527344, "err_train_cavm_l1": 0.0, "err_train_cmm_l1": 0.0, "_wandb": {"runtime": 168}}