{"err_test_cavm": 22.939998626708984, "err_test_cmm": 20.290000915527344, "err_train_cavm": 0.0, "err_train_cmm": 0.0, "_timestamp": 1653654495, "_runtime": 22, "_step": 1, "err_test_cavm_l1": 0.0, "err_test_cmm_l1": 2.8450000286102295, "err_train_cavm_l1": 0.0, "err_train_cmm_l1": 0.0, "_wandb": {"runtime": 18}}