{"err_test_cavm": 45.130001068115234, "err_test_cmm": 45.19499969482422, "err_train_cavm": 0.0, "err_train_cmm": 0.0, "_timestamp": 1649803650, "_runtime": 83, "_step": 1, "err_test_cavm_l1": 49.78499984741211, "err_test_cmm_l1": 49.64500045776367, "err_train_cavm_l1": 0.0, "err_train_cmm_l1": 0.0, "_wandb": {"runtime": 80}}