{"err_test_cavm": 45.529998779296875, "err_test_cmm": 45.47999954223633, "err_train_cavm": 0.0, "err_train_cmm": 0.0, "_timestamp": 1649775215, "_runtime": 104, "_step": 0, "_wandb": {"runtime": 525}}