{"err_test_cavm_l1": 4.095000267028809, "err_test_cmm_l1": 37.29999923706055, "err_train_cavm_l1": 0.0, "err_train_cmm_l1": 0.0, "_timestamp": 1653133874, "_runtime": 6, "_step": 0, "_wandb": {"runtime": 2}}