{"err_test_cavm_l1": 3.559999942779541, "err_test_cmm_l1": 13.36500072479248, "err_train_cavm_l1": 0.0, "err_train_cmm_l1": 0.0, "_timestamp": 1651039450, "_runtime": 58, "_step": 0, "_wandb": {"runtime": 56}}