{"err_test_cavm_l1": 2.115000009536743, "err_test_cmm_l1": 16.779998779296875, "err_train_cavm_l1": 1.3953487873077393, "err_train_cmm_l1": 0.0, "_timestamp": 1651836510, "_runtime": 5, "_step": 0, "_wandb": {"runtime": 2}}