{"err_test_cavm": 17.104999542236328, "err_test_cmm": 5.394999980926514, "err_train_cavm": 13.0, "err_train_cmm": 0.0, "_timestamp": 1651585249, "_runtime": 3, "_step": 1, "err_test_cavm_l1": 0.0, "err_test_cmm_l1": 3.059999942779541, "err_train_cavm_l1": 0.0, "err_train_cmm_l1": 0.0, "_wandb": {"runtime": 2}}