{"err_test_cavm": 14.59999942779541, "err_test_cmm": 12.274999618530273, "err_train_cavm": 6.0, "err_train_cmm": 0.0, "_timestamp": 1651247630, "_runtime": 3, "_step": 1, "err_test_cavm_l1": 0.0, "err_test_cmm_l1": 8.11500072479248, "err_train_cavm_l1": 0.0, "err_train_cmm_l1": 0.0, "_wandb": {"runtime": 2}}