{"err_test_cmm": 47.20000076293945, "err_train_cmm": 0.0, "_timestamp": 1653572970, "_runtime": 10, "_step": 1, "err_test_cmm_l1": 17.15999984741211, "err_train_cmm_l1": 0.0, "_wandb": {"runtime": 7}}