{"err_test_cavm_l1": 10.744999885559082, "err_test_cmm_l1": 23.815000534057617, "err_train_cavm_l1": 7.0, "err_train_cmm_l1": 0.0, "_timestamp": 1651851115, "_runtime": 5, "_step": 0, "_wandb": {"runtime": 2}}