{"err_test_cavm_l1": 2.3949999809265137, "err_test_cmm_l1": 12.199999809265137, "err_train_cavm_l1": 0.0, "err_train_cmm_l1": 0.0, "_timestamp": 1651018022, "_runtime": 91, "_step": 0, "_wandb": {"runtime": 89}}