{"err_test_cavm": 26.35500144958496, "err_test_cmm": 22.889999389648438, "err_train_cavm": 9.0, "err_train_cmm": 0.0, "_timestamp": 1651587048, "_runtime": 4, "_step": 1, "err_test_cavm_l1": 0.0, "err_test_cmm_l1": 18.880001068115234, "err_train_cavm_l1": 0.0, "err_train_cmm_l1": 0.0, "_wandb": {"runtime": 2}}