{"err_test_cavm": 40.209999084472656, "err_test_cmm": 39.78999710083008, "err_train_cavm": 0.0, "err_train_cmm": 0.0, "_timestamp": 1649813697, "_runtime": 87, "_step": 1, "err_test_cavm_l1": 17.084999084472656, "err_test_cmm_l1": 18.170000076293945, "err_train_cavm_l1": 0.0, "err_train_cmm_l1": 0.0, "_wandb": {"runtime": 84}}