{"err_test_cavm": 41.220001220703125, "err_test_cmm": 41.02000045776367, "err_train_cavm": 0.0, "err_train_cmm": 0.0, "_timestamp": 1651586962, "_runtime": 4, "_step": 1, "err_test_cavm_l1": 0.0, "err_test_cmm_l1": 21.780000686645508, "err_train_cavm_l1": 0.0, "err_train_cmm_l1": 0.0, "_wandb": {"runtime": 2}}