{"err_test_cavm_l1": 2.0749998092651367, "err_test_cmm_l1": 17.44499969482422, "err_train_cavm_l1": 1.3953487873077393, "err_train_cmm_l1": 0.0, "_timestamp": 1651829379, "_runtime": 7, "_step": 0, "_wandb": {"runtime": 3}}