{"err_test_cmm": 49.54999923706055, "err_train_cmm": 0.0, "_timestamp": 1653570585, "_runtime": 59, "_step": 1, "err_test_cmm_l1": 11.905000686645508, "err_train_cmm_l1": 0.0, "_wandb": {"runtime": 56}}