{"err_test_cavm_l1": 6.970000267028809, "err_test_cmm_l1": 25.8700008392334, "err_train_cavm_l1": 2.0, "err_train_cmm_l1": 0.0, "_timestamp": 1651830147, "_runtime": 5, "_step": 0, "_wandb": {"runtime": 1}}