{"err_test_cavm": 20.219999313354492, "err_test_cmm": 7.644999980926514, "err_train_cavm": 6.0, "err_train_cmm": 0.0, "_timestamp": 1651250129, "_runtime": 4, "_step": 1, "err_test_cavm_l1": 0.0, "err_test_cmm_l1": 5.065000057220459, "err_train_cavm_l1": 0.0, "err_train_cmm_l1": 0.0, "_wandb": {"runtime": 1}}