{"err_test_cmm": 50.029998779296875, "err_train_cmm": 0.0, "_timestamp": 1653555508, "_runtime": 4, "_step": 1, "err_test_cmm_l1": 50.160003662109375, "err_train_cmm_l1": 0.0, "_wandb": {"runtime": 1}}