{"err_test_cavm_l1": 3.265000104904175, "err_test_cmm_l1": 8.78499984741211, "err_train_cavm_l1": 0.0, "err_train_cmm_l1": 0.0, "_timestamp": 1650969598, "_runtime": 117, "_step": 0, "_wandb": {"runtime": 115}}