{"err_test_cavm": 0.4449999928474426, "err_test_cmm": 1.334999918937683, "err_train_cavm": 0.0, "err_train_cmm": 0.0, "_timestamp": 1653609212, "_runtime": 21, "_step": 1, "err_test_cavm_l1": 0.5849999785423279, "err_test_cmm_l1": 0.6500000357627869, "err_train_cavm_l1": 0.0, "err_train_cmm_l1": 0.0, "_wandb": {"runtime": 18}}