{"err_test_cavm": 38.880001068115234, "err_test_cmm": 38.650001525878906, "err_train_cavm": 1.0, "err_train_cmm": 0.0, "_timestamp": 1651248367, "_runtime": 5, "_step": 1, "err_test_cavm_l1": 0.0, "err_test_cmm_l1": 11.554999351501465, "err_train_cavm_l1": 0.0, "err_train_cmm_l1": 0.0, "_wandb": {"runtime": 3}}