{"err_test_cavm": 38.15500259399414, "err_test_cmm": 38.42000198364258, "err_train_cavm": 0.0, "err_train_cmm": 0.0, "_timestamp": 1649807373, "_runtime": 96, "_step": 1, "err_test_cavm_l1": 12.345000267028809, "err_test_cmm_l1": 19.545000076293945, "err_train_cavm_l1": 0.0, "err_train_cmm_l1": 0.0, "_wandb": {"runtime": 94}}