{"err_test_cavm": 26.41499900817871, "err_test_cmm": 26.399999618530273, "err_train_cavm": 0.0, "err_train_cmm": 0.0, "_timestamp": 1649813405, "_runtime": 112, "_step": 1, "err_test_cavm_l1": 2.990000009536743, "err_test_cmm_l1": 6.939999580383301, "err_train_cavm_l1": 0.0, "err_train_cmm_l1": 0.0, "_wandb": {"runtime": 110}}