{"err_test_cavm_l1": 11.980000495910645, "err_test_cmm_l1": 16.940000534057617, "err_train_cavm_l1": 0.0, "err_train_cmm_l1": 0.0, "_timestamp": 1650980455, "_runtime": 114, "_step": 0, "_wandb": {"runtime": 110}}