{"err_test_cavm_l1": 0.6699999570846558, "err_test_cmm_l1": 5.314999580383301, "err_train_cavm_l1": 0.0, "err_train_cmm_l1": 0.0, "_timestamp": 1651021217, "_runtime": 185, "_step": 0, "_wandb": {"runtime": 182}}