{"err_test_cavm": 44.51499938964844, "err_test_cmm": 44.48500061035156, "err_train_cavm": 0.0, "err_train_cmm": 0.0, "_timestamp": 1653669385, "_runtime": 6, "_step": 1, "err_test_cavm_l1": 49.779998779296875, "err_test_cmm_l1": 50.040000915527344, "err_train_cavm_l1": 0.0, "err_train_cmm_l1": 0.0, "_wandb": {"runtime": 2}}