{"err_test_cavm_l1": 0.4099999964237213, "err_test_cmm_l1": 11.829999923706055, "err_train_cavm_l1": 0.21551723778247833, "err_train_cmm_l1": 0.0, "_timestamp": 1651667485, "_runtime": 5, "_step": 0, "_wandb": {"runtime": 2}}