{"err_test_cmm": 27.459999084472656, "err_train_cmm": 0.0, "_timestamp": 1653570398, "_runtime": 4, "_step": 1, "err_test_cmm_l1": 7.599999904632568, "err_train_cmm_l1": 0.0, "_wandb": {"runtime": 2}}