{"err_test_cavm_l1": 3.245000123977661, "err_test_cmm_l1": 22.325000762939453, "err_train_cavm_l1": 0.0, "err_train_cmm_l1": 0.0, "_timestamp": 1651019921, "_runtime": 97, "_step": 0, "_wandb": {"runtime": 94}}