{"err_test_cavm": 13.515000343322754, "err_test_cmm": 15.604999542236328, "err_train_cavm": 0.0, "err_train_cmm": 0.0, "_timestamp": 1649814175, "_runtime": 142, "_step": 1, "err_test_cavm_l1": 1.334999918937683, "err_test_cmm_l1": 4.715000152587891, "err_train_cavm_l1": 0.0, "err_train_cmm_l1": 0.0, "_wandb": {"runtime": 140}}