{"err_test_cavm": 45.86499786376953, "err_test_cmm": 45.994998931884766, "err_train_cavm": 0.0, "err_train_cmm": 0.0, "_timestamp": 1651250938, "_runtime": 6, "_step": 1, "err_test_cavm_l1": 0.0, "err_test_cmm_l1": 49.9900016784668, "err_train_cavm_l1": 0.0, "err_train_cmm_l1": 0.0, "_wandb": {"runtime": 2}}