{"err_test_cavm": 17.575000762939453, "err_test_cmm": 4.654999732971191, "err_train_cavm": 12.0, "err_train_cmm": 0.0, "_timestamp": 1651587026, "_runtime": 4, "_step": 1, "err_test_cavm_l1": 0.0, "err_test_cmm_l1": 3.1700000762939453, "err_train_cavm_l1": 0.0, "err_train_cmm_l1": 0.0, "_wandb": {"runtime": 2}}