{"err_test_cavm": 29.10999870300293, "err_test_cmm": 2.319999933242798, "err_train_cavm": 0.0, "err_train_cmm": 0.0, "_timestamp": 1653603247, "_runtime": 9, "_step": 1, "err_test_cavm_l1": 2.325000047683716, "err_test_cmm_l1": 0.4749999940395355, "err_train_cavm_l1": 0.0, "err_train_cmm_l1": 0.0, "_wandb": {"runtime": 6}}