{"err_test_cavm": 36.95499801635742, "err_test_cmm": 37.29999923706055, "err_train_cavm": 0.0, "err_train_cmm": 0.0, "_timestamp": 1649812700, "_runtime": 89, "_step": 1, "err_test_cavm_l1": 7.635000228881836, "err_test_cmm_l1": 12.135000228881836, "err_train_cavm_l1": 0.0, "err_train_cmm_l1": 0.0, "_wandb": {"runtime": 87}}