{"err_test_cavm_l1": 22.4950008392334, "err_test_cmm_l1": 26.19999885559082, "err_train_cavm_l1": 0.0, "err_train_cmm_l1": 0.0, "_timestamp": 1650998360, "_runtime": 119, "_step": 0, "_wandb": {"runtime": 117}}