{"err_test_cavm": 41.25, "err_test_cmm": 41.290000915527344, "err_train_cavm": 0.0, "err_train_cmm": 0.0, "_timestamp": 1649789603, "_runtime": 172, "_step": 1, "err_test_cavm_l1": 4.269999980926514, "err_test_cmm_l1": 8.11500072479248, "err_train_cavm_l1": 0.0, "err_train_cmm_l1": 0.0, "_wandb": {"runtime": 170}}