{"err_test_cmm": 41.20000076293945, "err_train_cmm": 0.0, "_timestamp": 1653573732, "_runtime": 5, "_step": 1, "err_test_cmm_l1": 18.5049991607666, "err_train_cmm_l1": 0.0, "_wandb": {"runtime": 2}}