{"err_test_cavm": 38.83000183105469, "err_test_cmm": 38.810001373291016, "err_train_cavm": 0.0, "err_train_cmm": 0.0, "_timestamp": 1649836664, "_runtime": 174, "_step": 1, "err_test_cavm_l1": 3.559999942779541, "err_test_cmm_l1": 8.820000648498535, "err_train_cavm_l1": 0.0, "err_train_cmm_l1": 0.0, "_wandb": {"runtime": 172}}