{"err_test_cavm_l1": 0.9100000262260437, "err_test_cmm_l1": 3.135000228881836, "err_train_cavm_l1": 0.0, "err_train_cmm_l1": 0.0, "_timestamp": 1650978021, "_runtime": 122, "_step": 0, "_wandb": {"runtime": 119}}