{"err_test_cmm": 38.94000244140625, "err_train_cmm": 0.0, "_timestamp": 1653523986, "_runtime": 3, "_step": 1, "err_test_cmm_l1": 41.46000289916992, "err_train_cmm_l1": 0.0, "_wandb": {"runtime": 1}}