{"err_test_cavm_l1": 3.680000066757202, "err_test_cmm_l1": 6.750000476837158, "err_train_cavm_l1": 0.0, "err_train_cmm_l1": 0.0, "_timestamp": 1650967667, "_runtime": 61, "_step": 0, "_wandb": {"runtime": 59}}