{"err_test_cavm": 47.85499954223633, "err_test_cmm": 47.81999969482422, "err_train_cavm": 0.0, "err_train_cmm": 0.0, "_timestamp": 1649814730, "_runtime": 79, "_step": 1, "err_test_cavm_l1": 50.0150032043457, "err_test_cmm_l1": 49.8849983215332, "err_train_cavm_l1": 0.0, "err_train_cmm_l1": 0.0, "_wandb": {"runtime": 77}}