{"err_test_cavm_l1": 13.539999961853027, "err_test_cmm_l1": 27.994998931884766, "err_train_cavm_l1": 0.0, "err_train_cmm_l1": 0.0, "_timestamp": 1651022481, "_runtime": 123, "_step": 0, "_wandb": {"runtime": 120}}