{"err_test_cavm": 35.80500030517578, "err_test_cmm": 36.76499938964844, "err_train_cavm": 3.0, "err_train_cmm": 0.0, "_timestamp": 1651584669, "_runtime": 4, "_step": 1, "err_test_cavm_l1": 0.0, "err_test_cmm_l1": 28.799999237060547, "err_train_cavm_l1": 0.0, "err_train_cmm_l1": 0.0, "_wandb": {"runtime": 2}}