{"err_test_cavm_l1": 2.765000104904175, "err_test_cmm_l1": 5.789999961853027, "err_train_cavm_l1": 0.0, "err_train_cmm_l1": 0.0, "_timestamp": 1651037886, "_runtime": 60, "_step": 0, "_wandb": {"runtime": 57}}