{"err_test_cavm": 25.755001068115234, "err_test_cmm": 24.774999618530273, "err_train_cavm": 8.0, "err_train_cmm": 0.0, "_timestamp": 1651249170, "_runtime": 5, "_step": 1, "err_test_cavm_l1": 0.0, "err_test_cmm_l1": 6.859999656677246, "err_train_cavm_l1": 0.0, "err_train_cmm_l1": 0.0, "_wandb": {"runtime": 2}}