{"err_test_cavm_l1": 7.819999694824219, "err_test_cmm_l1": 14.325000762939453, "err_train_cavm_l1": 0.0, "err_train_cmm_l1": 0.0, "_timestamp": 1650971906, "_runtime": 65, "_step": 0, "_wandb": {"runtime": 62}}