{"err_test_cavm": 46.959999084472656, "err_test_cmm": 46.970001220703125, "err_train_cavm": 0.0, "err_train_cmm": 0.0, "_timestamp": 1649812965, "_runtime": 79, "_step": 1, "err_test_cavm_l1": 49.94499969482422, "err_test_cmm_l1": 49.73999786376953, "err_train_cavm_l1": 0.0, "err_train_cmm_l1": 0.0, "_wandb": {"runtime": 77}}