{"err_test_cavm": 32.76499938964844, "err_test_cmm": 33.52000045776367, "err_train_cavm": 6.0, "err_train_cmm": 0.0, "_timestamp": 1651587798, "_runtime": 4, "_step": 1, "err_test_cavm_l1": 0.0, "err_test_cmm_l1": 40.04499816894531, "err_train_cavm_l1": 0.0, "err_train_cmm_l1": 0.0, "_wandb": {"runtime": 2}}