{"err_test_cavm": 40.084999084472656, "err_test_cmm": 40.06999969482422, "err_train_cavm": 0.0, "err_train_cmm": 0.0, "_timestamp": 1649777345, "_runtime": 165, "_step": 1, "err_test_cavm_l1": 3.254999876022339, "err_test_cmm_l1": 7.015000343322754, "err_train_cavm_l1": 0.0, "err_train_cmm_l1": 0.0, "_wandb": {"runtime": 163}}