{"err_test_cavm_l1": 28.979999542236328, "err_test_cmm_l1": 33.97999954223633, "err_train_cavm_l1": 0.0, "err_train_cmm_l1": 0.0, "_timestamp": 1651002837, "_runtime": 103, "_step": 0, "_wandb": {"runtime": 101}}