{"err_test_cavm": 16.145000457763672, "err_test_cmm": 11.644999504089355, "err_train_cavm": 10.0, "err_train_cmm": 0.0, "_timestamp": 1652261180, "_runtime": 7, "_step": 1, "err_test_cavm_l1": 0.0, "err_test_cmm_l1": 7.450000286102295, "err_train_cavm_l1": 0.0, "err_train_cmm_l1": 0.0, "_wandb": {"runtime": 3}}