{"err_test_cavm_l1": 0.4699999988079071, "err_test_cmm_l1": 5.550000190734863, "err_train_cavm_l1": 0.0, "err_train_cmm_l1": 0.0, "_timestamp": 1652283165, "_runtime": 8, "_step": 0, "_wandb": {"runtime": 4}}