{"err_test_cavm": 45.36499786376953, "err_test_cmm": 45.290000915527344, "err_train_cavm": 0.0, "err_train_cmm": 0.0, "_timestamp": 1649786714, "_runtime": 160, "_step": 1, "err_test_cavm_l1": 4.25, "err_test_cmm_l1": 9.6850004196167, "err_train_cavm_l1": 0.0, "err_train_cmm_l1": 0.0, "_wandb": {"runtime": 157}}