{"err_test_cmm": 49.0099983215332, "err_train_cmm": 0.0, "_timestamp": 1653572072, "_runtime": 53, "_step": 1, "err_test_cmm_l1": 9.510000228881836, "err_train_cmm_l1": 0.0, "_wandb": {"runtime": 50}}