{"err_test_cavm": 23.299999237060547, "err_test_cmm": 18.06999969482422, "err_train_cavm": 7.377049446105957, "err_train_cmm": 0.0, "_timestamp": 1652175766, "_runtime": 10, "_step": 1, "err_test_cavm_l1": 35.605003356933594, "err_test_cmm_l1": 17.58500099182129, "err_train_cavm_l1": 35.24590301513672, "err_train_cmm_l1": 0.0, "_wandb": {"runtime": 3}}