{"err_test_cavm": 33.81999969482422, "err_test_cmm": 33.30999755859375, "err_train_cavm": 4.0, "err_train_cmm": 0.0, "_timestamp": 1651583875, "_runtime": 3, "_step": 1, "err_test_cavm_l1": 0.0, "err_test_cmm_l1": 38.45500183105469, "err_train_cavm_l1": 0.0, "err_train_cmm_l1": 0.0, "_wandb": {"runtime": 2}}