{"err_test_cavm": 23.0049991607666, "err_test_cmm": 20.094999313354492, "err_train_cavm": 0.0, "err_train_cmm": 0.0, "_timestamp": 1653654323, "_runtime": 21, "_step": 1, "err_test_cavm_l1": 0.0, "err_test_cmm_l1": 2.734999895095825, "err_train_cavm_l1": 0.0, "err_train_cmm_l1": 0.0, "_wandb": {"runtime": 18}}