{"err_test_cavm": 47.02000045776367, "err_test_cmm": 47.18000030517578, "err_train_cavm": 0.0, "err_train_cmm": 0.0, "_timestamp": 1651587488, "_runtime": 8, "_step": 1, "err_test_cavm_l1": 0.0, "err_test_cmm_l1": 49.28499984741211, "err_train_cavm_l1": 0.0, "err_train_cmm_l1": 0.0, "_wandb": {"runtime": 4}}