{"err_test_cavm": 10.104999542236328, "err_test_cmm": 12.604999542236328, "err_train_cavm": 4.0, "err_train_cmm": 0.0, "_timestamp": 1652261613, "_runtime": 7, "_step": 1, "err_test_cavm_l1": 0.0, "err_test_cmm_l1": 6.404999732971191, "err_train_cavm_l1": 0.0, "err_train_cmm_l1": 0.0, "_wandb": {"runtime": 3}}