{"err_test_cavm": 37.09000015258789, "err_test_cmm": 37.79999923706055, "err_train_cavm": 1.0, "err_train_cmm": 0.0, "_timestamp": 1651586438, "_runtime": 4, "_step": 1, "err_test_cavm_l1": 0.0, "err_test_cmm_l1": 25.9950008392334, "err_train_cavm_l1": 0.0, "err_train_cmm_l1": 0.0, "_wandb": {"runtime": 2}}