{"err_test_cavm": 46.27499771118164, "err_test_cmm": 46.224998474121094, "err_train_cavm": 0.0, "err_train_cmm": 0.0, "_timestamp": 1651249252, "_runtime": 6, "_step": 1, "err_test_cavm_l1": 0.0, "err_test_cmm_l1": 7.565000057220459, "err_train_cavm_l1": 0.0, "err_train_cmm_l1": 0.0, "_wandb": {"runtime": 3}}