{"err_test_cavm_l1": 16.549999237060547, "err_test_cmm_l1": 44.435001373291016, "err_train_cavm_l1": 0.0, "err_train_cmm_l1": 0.0, "_timestamp": 1653135206, "_runtime": 6, "_step": 0, "_wandb": {"runtime": 2}}