{"err_test_cavm_l1": 3.5149998664855957, "err_test_cmm_l1": 30.755001068115234, "err_train_cavm_l1": 0.0, "err_train_cmm_l1": 0.0, "_timestamp": 1651018993, "_runtime": 92, "_step": 0, "_wandb": {"runtime": 89}}