{"err_test_cmm": 34.150001525878906, "err_train_cmm": 0.0, "_timestamp": 1653524940, "_runtime": 3, "_step": 1, "err_test_cmm_l1": 37.665000915527344, "err_train_cmm_l1": 0.0, "_wandb": {"runtime": 1}}