{"err_test_cavm_l1": 1.0499999523162842, "err_test_cmm_l1": 9.460000038146973, "err_train_cavm_l1": 0.8620689511299133, "err_train_cmm_l1": 0.0, "_timestamp": 1651851200, "_runtime": 5, "_step": 0, "_wandb": {"runtime": 2}}