{"err_test_cavm": 47.29500198364258, "err_test_cmm": 47.17000198364258, "err_train_cavm": 0.0, "err_train_cmm": 0.0, "_timestamp": 1651582514, "_runtime": 5, "_step": 1, "err_test_cavm_l1": 0.0, "err_test_cmm_l1": 50.12000274658203, "err_train_cavm_l1": 0.0, "err_train_cmm_l1": 0.0, "_wandb": {"runtime": 3}}