{"err_test_cavm": 38.89500045776367, "err_test_cmm": 39.029998779296875, "err_train_cavm": 0.0, "err_train_cmm": 0.0, "_timestamp": 1649784957, "_runtime": 101, "_step": 1, "err_test_cavm_l1": 4.214999675750732, "err_test_cmm_l1": 8.5600004196167, "err_train_cavm_l1": 0.0, "err_train_cmm_l1": 0.0, "_wandb": {"runtime": 99}}