{"err_test_cavm": 0.20499999821186066, "err_test_cmm": 0.5600000023841858, "err_train_cavm": 0.0, "err_train_cmm": 0.0, "_timestamp": 1653662612, "_runtime": 19, "_step": 1, "err_test_cavm_l1": 0.1550000011920929, "err_test_cmm_l1": 0.20499999821186066, "err_train_cavm_l1": 0.0, "err_train_cmm_l1": 0.0, "_wandb": {"runtime": 17}}