{"err_test_cmm": 43.59000015258789, "err_train_cmm": 0.0, "_timestamp": 1653527288, "_runtime": 4, "_step": 1, "err_test_cmm_l1": 50.660003662109375, "err_train_cmm_l1": 0.0, "_wandb": {"runtime": 1}}