{"err_test_cavm": 39.599998474121094, "err_test_cmm": 38.435001373291016, "err_train_cavm": 0.0, "err_train_cmm": 0.0, "_timestamp": 1652109817, "_runtime": 11, "_step": 1, "err_test_cavm_l1": 50.3849983215332, "err_test_cmm_l1": 43.875, "err_train_cavm_l1": 23.076923370361328, "err_train_cmm_l1": 0.0, "_wandb": {"runtime": 2}}