{"err_test_cavm": 8.389999389648438, "err_test_cmm": 10.300000190734863, "err_train_cavm": 0.0, "err_train_cmm": 2.0000000000000018, "_timestamp": 1649784533, "_runtime": 92, "_step": 1, "err_test_cavm_l1": 3.0299999713897705, "err_test_cmm_l1": 4.920000076293945, "err_train_cavm_l1": 0.0, "err_train_cmm_l1": 0.0, "_wandb": {"runtime": 89}}