{"err_test_cavm": 47.92000198364258, "err_test_cmm": 47.86000061035156, "err_train_cavm": 0.0, "err_train_cmm": 0.0, "_timestamp": 1651250821, "_runtime": 8, "_step": 1, "err_test_cavm_l1": 0.0, "err_test_cmm_l1": 49.45000076293945, "err_train_cavm_l1": 0.0, "err_train_cmm_l1": 0.0, "_wandb": {"runtime": 5}}