{"err_test_cavm_l1": 2.254999876022339, "err_test_cmm_l1": 7.199999809265137, "err_train_cavm_l1": 0.0, "err_train_cmm_l1": 0.0, "_timestamp": 1653606953, "_runtime": 7, "_step": 0, "_wandb": {"runtime": 5}}