{"err_test_cavm_l1": 22.725000381469727, "err_test_cmm_l1": 47.87000274658203, "err_train_cavm_l1": 0.0, "err_train_cmm_l1": 0.0, "_timestamp": 1652280348, "_runtime": 31, "_step": 0, "_wandb": {"runtime": 27}}