{"err_test_cmm": 43.17499923706055, "err_train_cmm": 0.0, "_timestamp": 1653572728, "_runtime": 5, "_step": 1, "err_test_cmm_l1": 16.969999313354492, "err_train_cmm_l1": 0.0, "_wandb": {"runtime": 2}}