{"err_test_cavm_l1": 22.030000686645508, "err_test_cmm_l1": 43.584999084472656, "err_train_cavm_l1": 8.69565200805664, "err_train_cmm_l1": 0.0, "_timestamp": 1651851247, "_runtime": 9, "_step": 0, "_wandb": {"runtime": 2}}