{"err_test_cavm_l1": 1.7899999618530273, "err_test_cmm_l1": 16.389999389648438, "err_train_cavm_l1": 1.8604650497436523, "err_train_cmm_l1": 0.0, "_timestamp": 1651836609, "_runtime": 5, "_step": 0, "_wandb": {"runtime": 2}}