{"err_test_cmm": 28.505001068115234, "err_train_cmm": 0.0, "_timestamp": 1653524930, "_runtime": 3, "_step": 1, "err_test_cmm_l1": 30.440000534057617, "err_train_cmm_l1": 0.0, "_wandb": {"runtime": 1}}