{"err_test_cmm": 47.46500015258789, "err_train_cmm": 0.0, "_timestamp": 1653572357, "_runtime": 7, "_step": 1, "err_test_cmm_l1": 22.760000228881836, "err_train_cmm_l1": 0.0, "_wandb": {"runtime": 4}}