{"err_test_cavm_l1": 17.68000030517578, "err_test_cmm_l1": 22.1200008392334, "err_train_cavm_l1": 0.0, "err_train_cmm_l1": 0.0, "_timestamp": 1651001339, "_runtime": 90, "_step": 0, "_wandb": {"runtime": 88}}