{"err_test_cavm": 37.369998931884766, "err_test_cmm": 37.29499816894531, "err_train_cavm": 1.0, "err_train_cmm": 0.0, "_timestamp": 1651252149, "_runtime": 6, "_step": 1, "err_test_cavm_l1": 0.0, "err_test_cmm_l1": 43.974998474121094, "err_train_cavm_l1": 0.0, "err_train_cmm_l1": 0.0, "_wandb": {"runtime": 2}}