{"err_test_cmm": 49.43499755859375, "err_train_cmm": 0.0, "_timestamp": 1653526497, "_runtime": 5, "_step": 1, "err_test_cmm_l1": 50.43000030517578, "err_train_cmm_l1": 0.0, "_wandb": {"runtime": 2}}