{"err_test_cavm_l1": 6.109999656677246, "err_test_cmm_l1": 5.215000152587891, "err_train_cavm_l1": 0.0, "err_train_cmm_l1": 0.0, "_timestamp": 1652280174, "_runtime": 10, "_step": 0, "_wandb": {"runtime": 3}}