{"err_test_cavm": 1.4950000047683716, "err_test_cmm": 2.065000057220459, "err_train_cavm": 0.0, "err_train_cmm": 0.0, "_timestamp": 1653583507, "_runtime": 4, "_step": 1, "err_test_cavm_l1": 1.4100000858306885, "err_test_cmm_l1": 1.5449999570846558, "err_train_cavm_l1": 0.0, "err_train_cmm_l1": 0.0, "_wandb": {"runtime": 2}}