{"err_test_cavm": 17.510000228881836, "err_test_cmm": 10.100000381469727, "err_train_cavm": 9.381237983703613, "err_train_cmm": 0.0, "_timestamp": 1652259786, "_runtime": 8, "_step": 1, "err_test_cavm_l1": 0.0, "err_test_cmm_l1": 5.855000019073486, "err_train_cavm_l1": 0.0, "err_train_cmm_l1": 0.0, "_wandb": {"runtime": 4}}