{"err_test_cavm": 30.950000762939453, "err_test_cmm": 31.744998931884766, "err_train_cavm": 0.0, "err_train_cmm": 0.0, "_timestamp": 1649827897, "_runtime": 180, "_step": 1, "err_test_cavm_l1": 1.7349998950958252, "err_test_cmm_l1": 4.450000286102295, "err_train_cavm_l1": 0.0, "err_train_cmm_l1": 0.0, "_wandb": {"runtime": 178}}