{"err_test_cavm": 0.5199999809265137, "err_test_cmm": 1.2050000429153442, "err_train_cavm": 0.0, "err_train_cmm": 0.0, "_timestamp": 1653609338, "_runtime": 81, "_step": 1, "err_test_cavm_l1": 0.6150000095367432, "err_test_cmm_l1": 0.7950000762939453, "err_train_cavm_l1": 0.0, "err_train_cmm_l1": 0.0, "_wandb": {"runtime": 78}}