{"err_test_cmm": 42.16999816894531, "err_train_cmm": 0.0, "_timestamp": 1653525938, "_runtime": 4, "_step": 1, "err_test_cmm_l1": 48.654998779296875, "err_train_cmm_l1": 0.0, "_wandb": {"runtime": 0}}