{"err_test_cavm": 47.56999969482422, "err_test_cmm": 47.60499954223633, "err_train_cavm": 0.0, "err_train_cmm": 0.0, "_timestamp": 1651247735, "_runtime": 6, "_step": 1, "err_test_cavm_l1": 0.0, "err_test_cmm_l1": 50.089996337890625, "err_train_cavm_l1": 0.0, "err_train_cmm_l1": 0.0, "_wandb": {"runtime": 4}}