{"err_test_cavm": 42.724998474121094, "err_test_cmm": 42.90999984741211, "err_train_cavm": 0.0, "err_train_cmm": 0.0, "_timestamp": 1649808425, "_runtime": 80, "_step": 1, "err_test_cavm_l1": 20.0, "err_test_cmm_l1": 19.380001068115234, "err_train_cavm_l1": 0.0, "err_train_cmm_l1": 0.0, "_wandb": {"runtime": 78}}