{"err_test_cavm": 26.024999618530273, "err_test_cmm": 22.829999923706055, "err_train_cavm": 9.0, "err_train_cmm": 0.0, "_timestamp": 1651584116, "_runtime": 4, "_step": 1, "err_test_cavm_l1": 0.0, "err_test_cmm_l1": 20.725000381469727, "err_train_cavm_l1": 0.0, "err_train_cmm_l1": 0.0, "_wandb": {"runtime": 2}}