{"err_test_cavm": 19.280000686645508, "err_test_cmm": 14.605000495910645, "err_train_cavm": 4.0, "err_train_cmm": 0.0, "_timestamp": 1651588653, "_runtime": 4, "_step": 1, "err_test_cavm_l1": 0.0, "err_test_cmm_l1": 9.019999504089355, "err_train_cavm_l1": 0.0, "err_train_cmm_l1": 0.0, "_wandb": {"runtime": 2}}