{"err_test_cmm": 21.510000228881836, "err_train_cmm": 0.0, "_timestamp": 1653523955, "_runtime": 4, "_step": 1, "err_test_cmm_l1": 17.030000686645508, "err_train_cmm_l1": 0.0, "_wandb": {"runtime": 1}}