{"err_test_cavm": 36.64500045776367, "err_test_cmm": 37.02000045776367, "err_train_cavm": 0.0, "err_train_cmm": 0.0, "_timestamp": 1649839173, "_runtime": 181, "_step": 1, "err_test_cavm_l1": 5.045000076293945, "err_test_cmm_l1": 10.899999618530273, "err_train_cavm_l1": 0.0, "err_train_cmm_l1": 0.0, "_wandb": {"runtime": 179}}