{"err_test_cavm_l1": 1.665000081062317, "err_test_cmm_l1": 0.12999999523162842, "err_train_cavm_l1": 0.0, "err_train_cmm_l1": 0.0, "_timestamp": 1653134272, "_runtime": 7, "_step": 0, "_wandb": {"runtime": 2}}