{"err_test_cavm_l1": 29.32499885559082, "err_test_cmm_l1": 45.40999984741211, "err_train_cavm_l1": 9.523809432983398, "err_train_cmm_l1": 0.0, "_timestamp": 1651667531, "_runtime": 4, "_step": 0, "_wandb": {"runtime": 2}}