{"err_test_cavm": 14.99000072479248, "err_test_cmm": 9.96500015258789, "err_train_cavm": 9.181636810302734, "err_train_cmm": 0.0, "_timestamp": 1652187075, "_runtime": 8, "_step": 1, "err_test_cavm_l1": 0.0, "err_test_cmm_l1": 5.460000038146973, "err_train_cavm_l1": 0.0, "err_train_cmm_l1": 0.0, "_wandb": {"runtime": 3}}