{"err_test_cmm": 35.849998474121094, "err_train_cmm": 0.0, "_timestamp": 1653571353, "_runtime": 4, "_step": 1, "err_test_cmm_l1": 8.02500057220459, "err_train_cmm_l1": 0.0, "_wandb": {"runtime": 2}}