{"err_test_cavm": 40.05500030517578, "err_test_cmm": 40.40999984741211, "err_train_cavm": 0.0, "err_train_cmm": 0.0, "_timestamp": 1649814644, "_runtime": 78, "_step": 1, "err_test_cavm_l1": 17.434999465942383, "err_test_cmm_l1": 21.2549991607666, "err_train_cavm_l1": 0.0, "err_train_cmm_l1": 0.0, "_wandb": {"runtime": 76}}