{"err_test_cavm": 46.85499954223633, "err_test_cmm": 46.7599983215332, "err_train_cavm": 0.0, "err_train_cmm": 0.0, "_timestamp": 1651586739, "_runtime": 5, "_step": 1, "err_test_cavm_l1": 0.0, "err_test_cmm_l1": 49.540000915527344, "err_train_cavm_l1": 0.0, "err_train_cmm_l1": 0.0, "_wandb": {"runtime": 3}}