{"err_test_cavm_l1": 19.654998779296875, "err_test_cmm_l1": 23.520000457763672, "err_train_cavm_l1": 0.0, "err_train_cmm_l1": 0.0, "_timestamp": 1651000440, "_runtime": 97, "_step": 0, "_wandb": {"runtime": 94}}