{"err_test_cavm_l1": 49.845001220703125, "err_test_cmm_l1": 49.32999801635742, "err_train_cavm_l1": 0.0, "err_train_cmm_l1": 0.0, "_timestamp": 1651003270, "_runtime": 58, "_step": 0, "_wandb": {"runtime": 56}}