{"err_test_cavm": 24.130001068115234, "err_test_cmm": 14.430000305175781, "err_train_cavm": 13.0, "err_train_cmm": 0.0, "_timestamp": 1651583603, "_runtime": 4, "_step": 1, "err_test_cavm_l1": 0.0, "err_test_cmm_l1": 6.059999942779541, "err_train_cavm_l1": 0.0, "err_train_cmm_l1": 0.0, "_wandb": {"runtime": 2}}