{"err_test_cmm": 40.61000061035156, "err_train_cmm": 0.0, "_timestamp": 1653522789, "_runtime": 3, "_step": 1, "err_test_cmm_l1": 49.73500061035156, "err_train_cmm_l1": 0.0, "_wandb": {"runtime": 1}}