{"err_test_cavm_l1": 11.96500015258789, "err_test_cmm_l1": 30.145000457763672, "err_train_cavm_l1": 3.0, "err_train_cmm_l1": 0.0, "_timestamp": 1651830035, "_runtime": 5, "_step": 0, "_wandb": {"runtime": 2}}