{"err_test_cavm": 43.470001220703125, "err_test_cmm": 43.30999755859375, "err_train_cavm": 0.0, "err_train_cmm": 0.0, "_timestamp": 1649782016, "_runtime": 167, "_step": 1, "err_test_cavm_l1": 3.4100000858306885, "err_test_cmm_l1": 7.649999618530273, "err_train_cavm_l1": 0.0, "err_train_cmm_l1": 0.0, "_wandb": {"runtime": 164}}