{"err_test_cavm": 14.295000076293945, "err_test_cmm": 14.824999809265137, "err_train_cavm": 0.0, "err_train_cmm": 0.0, "_timestamp": 1649806174, "_runtime": 146, "_step": 1, "err_test_cavm_l1": 2.140000104904175, "err_test_cmm_l1": 3.9200000762939453, "err_train_cavm_l1": 0.0, "err_train_cmm_l1": 0.0, "_wandb": {"runtime": 143}}