{"err_test_cavm": 49.03499984741211, "err_test_cmm": 3.259999990463257, "err_train_cavm": 44.0, "err_train_cmm": 1.0000000000000009, "_timestamp": 1649778909, "_runtime": 100, "_step": 1, "err_test_cavm_l1": 1.0850000381469727, "err_test_cmm_l1": 1.1100000143051147, "err_train_cavm_l1": 0.0, "err_train_cmm_l1": 0.0, "_wandb": {"runtime": 98}}