{"err_test_cmm": 37.82500076293945, "err_train_cmm": 0.0, "_timestamp": 1653526824, "_runtime": 3, "_step": 1, "err_test_cmm_l1": 30.204999923706055, "err_train_cmm_l1": 0.0, "_wandb": {"runtime": 1}}