{"err_test_cavm": 47.67000198364258, "err_test_cmm": 47.6150016784668, "err_train_cavm": 0.0, "err_train_cmm": 0.0, "_timestamp": 1651251115, "_runtime": 8, "_step": 1, "err_test_cavm_l1": 0.0, "err_test_cmm_l1": 49.90999984741211, "err_train_cavm_l1": 0.0, "err_train_cmm_l1": 0.0, "_wandb": {"runtime": 5}}