{"err_test_cavm_l1": 21.739999771118164, "err_test_cmm_l1": 25.78499984741211, "err_train_cavm_l1": 0.0, "err_train_cmm_l1": 0.0, "_timestamp": 1651001027, "_runtime": 118, "_step": 0, "_wandb": {"runtime": 117}}