{"err_test_cavm_l1": 2.174999952316284, "err_test_cmm_l1": 5.260000228881836, "err_train_cavm_l1": 0.0, "err_train_cmm_l1": 0.0, "_timestamp": 1650973563, "_runtime": 106, "_step": 0, "_wandb": {"runtime": 103}}