{"err_test_cavm": 18.46500015258789, "err_test_cmm": 18.334999084472656, "err_train_cavm": 8.0, "err_train_cmm": 0.0, "_timestamp": 1651588268, "_runtime": 4, "_step": 1, "err_test_cavm_l1": 0.0, "err_test_cmm_l1": 11.27500057220459, "err_train_cavm_l1": 0.0, "err_train_cmm_l1": 0.0, "_wandb": {"runtime": 2}}