{"err_test_cmm": 43.5099983215332, "err_train_cmm": 0.0, "_timestamp": 1653522799, "_runtime": 3, "_step": 1, "err_test_cmm_l1": 50.05999755859375, "err_train_cmm_l1": 0.0, "_wandb": {"runtime": 1}}