{"err_test_cmm": 28.295001983642578, "err_train_cmm": 0.0, "_timestamp": 1653524340, "_runtime": 3, "_step": 1, "err_test_cmm_l1": 24.41499900817871, "err_train_cmm_l1": 0.0, "_wandb": {"runtime": 1}}