{"err_test_cavm": 40.59000015258789, "err_test_cmm": 0.0, "err_train_cavm": 37.0, "err_train_cmm": 0.0, "_timestamp": 1653047921, "_runtime": 6, "_step": 1, "err_test_cavm_l1": 49.68000030517578, "err_test_cmm_l1": 18.864999771118164, "err_train_cavm_l1": 43.0, "err_train_cmm_l1": 0.0, "_wandb": {"runtime": 1}}