{"err_test_cavm_l1": 40.474998474121094, "err_test_cmm_l1": 42.82999801635742, "err_train_cavm_l1": 0.0, "err_train_cmm_l1": 0.0, "_timestamp": 1653606750, "_runtime": 6, "_step": 0, "_wandb": {"runtime": 2}}