{"err_test_cmm": 37.11499786376953, "err_train_cmm": 0.0, "_timestamp": 1653573316, "_runtime": 5, "_step": 1, "err_test_cmm_l1": 17.100000381469727, "err_train_cmm_l1": 0.0, "_wandb": {"runtime": 2}}