{"err_test_cavm_l1": 0.2549999952316284, "err_test_cmm_l1": 5.789999961853027, "err_train_cavm_l1": 0.0, "err_train_cmm_l1": 0.0, "_timestamp": 1653606684, "_runtime": 9, "_step": 0, "_wandb": {"runtime": 6}}