{"err_test_cavm": 27.755001068115234, "err_test_cmm": 27.21500015258789, "err_train_cavm": 7.0, "err_train_cmm": 0.0, "_timestamp": 1651151213, "_runtime": 5, "_step": 1, "err_test_cavm_l1": 0.0, "err_test_cmm_l1": 8.075000762939453, "err_train_cavm_l1": 0.0, "err_train_cmm_l1": 0.0, "_wandb": {"runtime": 2}}