{"err_test_cavm_l1": 14.40999984741211, "err_test_cmm_l1": 22.6200008392334, "err_train_cavm_l1": 0.0, "err_train_cmm_l1": 0.0, "_timestamp": 1651026402, "_runtime": 139, "_step": 0, "_wandb": {"runtime": 137}}