{"err_test_cavm_l1": 28.94499969482422, "err_test_cmm_l1": 40.84000015258789, "err_train_cavm_l1": 0.0, "err_train_cmm_l1": 0.0, "_timestamp": 1651036852, "_runtime": 98, "_step": 0, "_wandb": {"runtime": 96}}