{"err_test_cavm": 47.63500213623047, "err_test_cmm": 47.53499984741211, "err_train_cavm": 0.0, "err_train_cmm": 0.0, "_timestamp": 1651586624, "_runtime": 7, "_step": 1, "err_test_cavm_l1": 0.0, "err_test_cmm_l1": 50.80500411987305, "err_train_cavm_l1": 0.0, "err_train_cmm_l1": 0.0, "_wandb": {"runtime": 4}}