{"err_test_cavm_l1": 16.46500015258789, "err_test_cmm_l1": 49.43499755859375, "err_train_cavm_l1": 0.0, "err_train_cmm_l1": 0.0, "_timestamp": 1652280929, "_runtime": 20, "_step": 0, "_wandb": {"runtime": 14}}