{"err_test_cavm": 11.694999694824219, "err_test_cmm": 5.815000057220459, "err_train_cavm": 7.299999713897705, "err_train_cmm": 0.0, "_timestamp": 1651152131, "_runtime": 5, "_step": 1, "err_test_cavm_l1": 35.09000015258789, "err_test_cmm_l1": 4.505000114440918, "err_train_cavm_l1": 35.20000076293945, "err_train_cmm_l1": 0.0, "_wandb": {"runtime": 3}}