{"err_test_cavm": 44.290000915527344, "err_test_cmm": 44.10000228881836, "err_train_cavm": 0.0, "err_train_cmm": 0.0, "_timestamp": 1649843747, "_runtime": 160, "_step": 1, "err_test_cavm_l1": 27.810001373291016, "err_test_cmm_l1": 35.30500030517578, "err_train_cavm_l1": 0.0, "err_train_cmm_l1": 0.0, "_wandb": {"runtime": 157}}