{"err_test_cmm": 27.08500099182129, "err_train_cmm": 0.0, "_timestamp": 1653527905, "_runtime": 3, "_step": 1, "err_test_cmm_l1": 25.189998626708984, "err_train_cmm_l1": 0.0, "_wandb": {"runtime": 1}}