{"err_test_cavm_l1": 4.365000247955322, "err_test_cmm_l1": 33.86499786376953, "err_train_cavm_l1": 0.0, "err_train_cmm_l1": 0.0, "_timestamp": 1651038497, "_runtime": 116, "_step": 0, "_wandb": {"runtime": 113}}