{"err_test_c0": 46.21500015258789, "err_test_c1": 46.21500015258789, "err_test_c2": 46.21500015258789, "err_test_cmm": 46.27499771118164, "err_train_c0": 0.0, "err_train_c1": 0.0, "err_train_c2": 0.0, "err_train_cmm": 0.0, "_timestamp": 1649346853, "_runtime": 16, "_step": 0, "_wandb": {"runtime": 189}}