{"err_test_cavm_l1": 0.17000000178813934, "err_test_cmm_l1": 0.0, "err_train_cavm_l1": 0.10000000149011612, "err_train_cmm_l1": 0.0, "_timestamp": 1653131893, "_runtime": 7, "_step": 0, "_wandb": {"runtime": 3}}