{"err_test_cavm_l1": 4.380000114440918, "err_test_cmm_l1": 20.119998931884766, "err_train_cavm_l1": 0.0, "err_train_cmm_l1": 0.0, "_timestamp": 1651037695, "_runtime": 105, "_step": 0, "_wandb": {"runtime": 102}}