{"err_test_cavm": 14.744999885559082, "err_test_cmm": 6.939999580383301, "err_train_cavm": 9.0, "err_train_cmm": 0.0, "_timestamp": 1651247912, "_runtime": 4, "_step": 1, "err_test_cavm_l1": 0.0, "err_test_cmm_l1": 4.065000057220459, "err_train_cavm_l1": 0.0, "err_train_cmm_l1": 0.0, "_wandb": {"runtime": 2}}