{"err_test_cavm_l1": 2.2749998569488525, "err_test_cmm_l1": 5.070000171661377, "err_train_cavm_l1": 0.0, "err_train_cmm_l1": 0.0, "_timestamp": 1651141016, "_runtime": 106, "_step": 0, "_wandb": {"runtime": 101}}