{"err_test_cavm": 43.290000915527344, "err_test_cmm": 43.23500061035156, "err_train_cavm": 0.0, "err_train_cmm": 0.0, "_timestamp": 1649834703, "_runtime": 164, "_step": 1, "err_test_cavm_l1": 4.644999980926514, "err_test_cmm_l1": 8.65999984741211, "err_train_cavm_l1": 0.0, "err_train_cmm_l1": 0.0, "_wandb": {"runtime": 161}}