{"err_test_cmm": 47.275001525878906, "err_train_cmm": 0.0, "_timestamp": 1653574162, "_runtime": 7, "_step": 1, "err_test_cmm_l1": 11.890000343322754, "err_train_cmm_l1": 0.0, "_wandb": {"runtime": 4}}