{"err_test_cmm": 34.17499923706055, "err_train_cmm": 0.0, "_timestamp": 1653570409, "_runtime": 4, "_step": 1, "err_test_cmm_l1": 5.724999904632568, "err_train_cmm_l1": 0.0, "_wandb": {"runtime": 2}}