{"err_test_cavm": 0.5199999809265137, "err_test_cmm": 1.1100000143051147, "err_train_cavm": 0.0, "err_train_cmm": 0.0, "_timestamp": 1653600721, "_runtime": 83, "_step": 1, "err_test_cavm_l1": 0.4950000047683716, "err_test_cmm_l1": 0.6299999952316284, "err_train_cavm_l1": 0.0, "err_train_cmm_l1": 0.0, "_wandb": {"runtime": 80}}