{"err_test_cmm": 48.53499984741211, "err_train_cmm": 0.0, "_timestamp": 1653571621, "_runtime": 20, "_step": 1, "err_test_cmm_l1": 8.539999961853027, "err_train_cmm_l1": 0.0, "_wandb": {"runtime": 17}}