{"err_test_cavm": 43.81999969482422, "err_test_cmm": 44.46500015258789, "err_train_cavm": 0.0, "err_train_cmm": 0.0, "_timestamp": 1653669396, "_runtime": 5, "_step": 1, "err_test_cavm_l1": 49.97999954223633, "err_test_cmm_l1": 47.47500228881836, "err_train_cavm_l1": 0.0, "err_train_cmm_l1": 0.0, "_wandb": {"runtime": 2}}