{"err_test_cavm": 31.439998626708984, "err_test_cmm": 29.03999900817871, "err_train_cavm": 3.4482758045196533, "err_train_cmm": 0.0, "_timestamp": 1652109757, "_runtime": 8, "_step": 1, "err_test_cavm_l1": 35.6150016784668, "err_test_cmm_l1": 30.41499900817871, "err_train_cavm_l1": 32.75862121582031, "err_train_cmm_l1": 0.0, "_wandb": {"runtime": 3}}