{"err_test_cavm": 32.775001525878906, "err_test_cmm": 31.9950008392334, "err_train_cavm": 5.0, "err_train_cmm": 0.0, "_timestamp": 1651586804, "_runtime": 4, "_step": 1, "err_test_cavm_l1": 0.0, "err_test_cmm_l1": 25.295001983642578, "err_train_cavm_l1": 0.0, "err_train_cmm_l1": 0.0, "_wandb": {"runtime": 2}}