{"err_test_cavm": 24.264999389648438, "err_test_cmm": 21.825000762939453, "err_train_cavm": 5.0, "err_train_cmm": 0.0, "_timestamp": 1651251898, "_runtime": 5, "_step": 1, "err_test_cavm_l1": 0.0, "err_test_cmm_l1": 20.90999984741211, "err_train_cavm_l1": 0.0, "err_train_cmm_l1": 0.0, "_wandb": {"runtime": 2}}