{"err_test_cavm_l1": 12.770000457763672, "err_test_cmm_l1": 16.65999984741211, "err_train_cavm_l1": 0.0, "err_train_cmm_l1": 0.0, "_timestamp": 1650994662, "_runtime": 100, "_step": 0, "_wandb": {"runtime": 98}}