{"err_test_cmm": 47.01499938964844, "err_train_cmm": 0.0, "_timestamp": 1653527324, "_runtime": 4, "_step": 1, "err_test_cmm_l1": 49.8650016784668, "err_train_cmm_l1": 0.0, "_wandb": {"runtime": 1}}