{"err_test_cavm_l1": 37.42499923706055, "err_test_cmm_l1": 40.3849983215332, "err_train_cavm_l1": 4.761904716491699, "err_train_cmm_l1": 0.0, "_timestamp": 1651836769, "_runtime": 6, "_step": 0, "_wandb": {"runtime": 2}}