{"err_test_cmm": 2.319999933242798, "err_train_cmm": 0.0, "_timestamp": 1653526538, "_runtime": 4, "_step": 1, "err_test_cmm_l1": 2.134999990463257, "err_train_cmm_l1": 0.0, "_wandb": {"runtime": 1}}