{"err_test_cavm_l1": 4.845000267028809, "err_test_cmm_l1": 10.475000381469727, "err_train_cavm_l1": 0.0, "err_train_cmm_l1": 0.0, "_timestamp": 1650971026, "_runtime": 61, "_step": 0, "_wandb": {"runtime": 59}}