{"err_test_cavm_l1": 4.110000133514404, "err_test_cmm_l1": 11.59999942779541, "err_train_cavm_l1": 0.0, "err_train_cmm_l1": 0.0, "_timestamp": 1650967535, "_runtime": 105, "_step": 0, "_wandb": {"runtime": 103}}