{"err_test_cavm": 38.15500259399414, "err_test_cmm": 38.08000183105469, "err_train_cavm": 2.0, "err_train_cmm": 0.0, "_timestamp": 1651584407, "_runtime": 4, "_step": 1, "err_test_cavm_l1": 0.0, "err_test_cmm_l1": 23.815000534057617, "err_train_cavm_l1": 0.0, "err_train_cmm_l1": 0.0, "_wandb": {"runtime": 2}}