{"err_test_cavm": 0.15000000596046448, "err_test_cmm": 0.4350000023841858, "err_train_cavm": 0.0, "err_train_cmm": 0.0, "_timestamp": 1653664251, "_runtime": 87, "_step": 1, "err_test_cavm_l1": 0.19499999284744263, "err_test_cmm_l1": 0.2150000035762787, "err_train_cavm_l1": 0.0, "err_train_cmm_l1": 0.0, "_wandb": {"runtime": 83}}