{"err_test_cavm": 22.010000228881836, "err_test_cmm": 15.555000305175781, "err_train_cavm": 9.0, "err_train_cmm": 0.0, "_timestamp": 1651247410, "_runtime": 3, "_step": 1, "err_test_cavm_l1": 0.0, "err_test_cmm_l1": 9.194999694824219, "err_train_cavm_l1": 0.0, "err_train_cmm_l1": 0.0, "_wandb": {"runtime": 2}}