{"err_test_cavm": 36.52000045776367, "err_test_cmm": 36.724998474121094, "err_train_cavm": 0.0, "err_train_cmm": 0.0, "_timestamp": 1649847808, "_runtime": 176, "_step": 1, "err_test_cavm_l1": 6.109999656677246, "err_test_cmm_l1": 10.805000305175781, "err_train_cavm_l1": 0.0, "err_train_cmm_l1": 0.0, "_wandb": {"runtime": 174}}