{"err_test_cavm": 20.880001068115234, "err_test_cmm": 17.454999923706055, "err_train_cavm": 3.0, "err_train_cmm": 0.0, "_timestamp": 1651586526, "_runtime": 4, "_step": 1, "err_test_cavm_l1": 0.0, "err_test_cmm_l1": 16.325000762939453, "err_train_cavm_l1": 0.0, "err_train_cmm_l1": 0.0, "_wandb": {"runtime": 2}}