{"err_test_cmm": 13.585000038146973, "err_train_cmm": 0.0, "_timestamp": 1653522738, "_runtime": 10, "_step": 1, "err_test_cmm_l1": 8.880000114440918, "err_train_cmm_l1": 0.0, "_wandb": {"runtime": 7}}