{"err_test_cavm": 34.845001220703125, "err_test_cmm": 33.244998931884766, "err_train_cavm": 0.0, "err_train_cmm": 0.0, "_timestamp": 1651659018, "_runtime": 10, "_step": 0, "_wandb": {"runtime": 3}}