{"err_test_cmm": 11.315000534057617, "err_train_cmm": 0.0, "_timestamp": 1653526559, "_runtime": 3, "_step": 1, "err_test_cmm_l1": 5.029999732971191, "err_train_cmm_l1": 0.0, "_wandb": {"runtime": 1}}