{"err_test_cavm_l1": 32.62000274658203, "err_test_cmm_l1": 29.065000534057617, "err_train_cavm_l1": 0.0, "err_train_cmm_l1": 0.0, "_timestamp": 1653127985, "_runtime": 3, "_step": 0, "_wandb": {"runtime": 1}}