{"err_test_cmm": 34.79999923706055, "err_train_cmm": 0.0, "_timestamp": 1653570988, "_runtime": 4, "_step": 1, "err_test_cmm_l1": 9.074999809265137, "err_train_cmm_l1": 0.0, "_wandb": {"runtime": 2}}