{"err_test_cavm": 36.41999816894531, "err_test_cmm": 36.98999786376953, "err_train_cavm": 0.0, "err_train_cmm": 0.0, "_timestamp": 1649845581, "_runtime": 183, "_step": 1, "err_test_cavm_l1": 5.849999904632568, "err_test_cmm_l1": 9.375, "err_train_cavm_l1": 0.0, "err_train_cmm_l1": 0.0, "_wandb": {"runtime": 180}}