{"err_test_cavm_l1": 13.609999656677246, "err_test_cmm_l1": 36.18499755859375, "err_train_cavm_l1": 0.0, "err_train_cmm_l1": 0.0, "_timestamp": 1651022831, "_runtime": 104, "_step": 0, "_wandb": {"runtime": 101}}