{"err_test_cavm_l1": 45.95499801635742, "err_test_cmm_l1": 36.21999740600586, "err_train_cavm_l1": 0.0, "err_train_cmm_l1": 0.0, "_timestamp": 1653134428, "_runtime": 6, "_step": 0, "_wandb": {"runtime": 2}}