{"err_test_cavm": 43.209999084472656, "err_test_cmm": 43.314998626708984, "err_train_cavm": 0.0, "err_train_cmm": 0.0, "_timestamp": 1652259745, "_runtime": 7, "_step": 1, "err_test_cavm_l1": 50.62999725341797, "err_test_cmm_l1": 50.054996490478516, "err_train_cavm_l1": 16.666667938232422, "err_train_cmm_l1": 0.0, "_wandb": {"runtime": 3}}