{"err_test_cavm": 44.18000030517578, "err_test_cmm": 44.32500076293945, "err_train_cavm": 0.0, "err_train_cmm": 0.0, "_timestamp": 1651249525, "_runtime": 6, "_step": 1, "err_test_cavm_l1": 0.0, "err_test_cmm_l1": 9.305000305175781, "err_train_cavm_l1": 0.0, "err_train_cmm_l1": 0.0, "_wandb": {"runtime": 2}}