{"err_test_cmm": 41.57500076293945, "err_train_cmm": 0.0, "_timestamp": 1653527496, "_runtime": 4, "_step": 1, "err_test_cmm_l1": 50.4849967956543, "err_train_cmm_l1": 0.0, "_wandb": {"runtime": 1}}