{"err_test_cavm": 44.279998779296875, "err_test_cmm": 44.51499938964844, "err_train_cavm": 0.0, "err_train_cmm": 0.0, "_timestamp": 1651658614, "_runtime": 5, "_step": 0, "_wandb": {"runtime": 3}}