{"err_test_cavm_l1": 2.325000047683716, "err_test_cmm_l1": 5.640000343322754, "err_train_cavm_l1": 0.0, "err_train_cmm_l1": 0.0, "_timestamp": 1650975516, "_runtime": 102, "_step": 0, "_wandb": {"runtime": 99}}