{"err_test_cavm_l1": 3.5500001907348633, "err_test_cmm_l1": 16.389999389648438, "err_train_cavm_l1": 0.0, "err_train_cmm_l1": 0.0, "_timestamp": 1652281615, "_runtime": 6, "_step": 0, "_wandb": {"runtime": 2}}