{"err_test_cavm_l1": 20.510000228881836, "err_test_cmm_l1": 27.970001220703125, "err_train_cavm_l1": 0.0, "err_train_cmm_l1": 0.0, "_timestamp": 1651002435, "_runtime": 57, "_step": 0, "_wandb": {"runtime": 55}}