{"err_test_cavm_l1": 4.610000133514404, "err_test_cmm_l1": 23.364999771118164, "err_train_cavm_l1": 2.0, "err_train_cmm_l1": 0.0, "_timestamp": 1651850985, "_runtime": 5, "_step": 0, "_wandb": {"runtime": 2}}