{"err_test_cavm": 4.914999961853027, "err_test_cmm": 1.1449999809265137, "err_train_cavm": 0.0, "err_train_cmm": 0.0, "_timestamp": 1653602879, "_runtime": 88, "_step": 1, "err_test_cavm_l1": 0.925000011920929, "err_test_cmm_l1": 0.5849999785423279, "err_train_cavm_l1": 0.0, "err_train_cmm_l1": 0.0, "_wandb": {"runtime": 85}}