{"err_test_cavm_l1": 0.8050000071525574, "err_test_cmm_l1": 5.210000038146973, "err_train_cavm_l1": 0.0, "err_train_cmm_l1": 0.0, "_timestamp": 1651019340, "_runtime": 180, "_step": 0, "_wandb": {"runtime": 178}}