{"err_test_cavm": 43.14999771118164, "err_test_cmm": 43.599998474121094, "err_train_cavm": 0.0, "err_train_cmm": 0.0, "_timestamp": 1649807469, "_runtime": 89, "_step": 1, "err_test_cavm_l1": 25.009998321533203, "err_test_cmm_l1": 31.845001220703125, "err_train_cavm_l1": 0.0, "err_train_cmm_l1": 0.0, "_wandb": {"runtime": 87}}