{"err_test_cavm_l1": 2.494999885559082, "err_test_cmm_l1": 5.090000152587891, "err_train_cavm_l1": 0.0, "err_train_cmm_l1": 0.0, "_timestamp": 1651039931, "_runtime": 60, "_step": 0, "_wandb": {"runtime": 58}}