{"err_test_cmm": 25.825000762939453, "err_train_cmm": 0.0, "_timestamp": 1653527232, "_runtime": 3, "_step": 1, "err_test_cmm_l1": 17.90999984741211, "err_train_cmm_l1": 0.0, "_wandb": {"runtime": 1}}