{"err_test_cmm": 47.42000198364258, "err_train_cmm": 0.0, "_timestamp": 1653570668, "_runtime": 10, "_step": 1, "err_test_cmm_l1": 10.555000305175781, "err_train_cmm_l1": 0.0, "_wandb": {"runtime": 7}}