{"err_test_cavm_l1": 12.770000457763672, "err_test_cmm_l1": 30.494998931884766, "err_train_cavm_l1": 0.0, "err_train_cmm_l1": 0.0, "_timestamp": 1652283407, "_runtime": 11, "_step": 0, "_wandb": {"runtime": 2}}