{"err_test_cavm": 8.335000038146973, "err_test_cmm": 8.53499984741211, "err_train_cavm": 0.0, "err_train_cmm": 0.0, "_timestamp": 1653608768, "_runtime": 6, "_step": 1, "err_test_cavm_l1": 2.815000057220459, "err_test_cmm_l1": 0.7149999737739563, "err_train_cavm_l1": 0.0, "err_train_cmm_l1": 0.0, "_wandb": {"runtime": 3}}