{"err_test_cmm": 33.96500015258789, "err_train_cmm": 0.0, "_timestamp": 1653527473, "_runtime": 3, "_step": 1, "err_test_cmm_l1": 35.22999954223633, "err_train_cmm_l1": 0.0, "_wandb": {"runtime": 1}}