{"err_test_cmm": 48.6349983215332, "err_train_cmm": 0.0, "_timestamp": 1653571079, "_runtime": 18, "_step": 1, "err_test_cmm_l1": 11.595000267028809, "err_train_cmm_l1": 0.0, "_wandb": {"runtime": 16}}