{"err_test_cavm": 15.594999313354492, "err_test_cmm": 7.744999885559082, "err_train_cavm": 8.782435417175293, "err_train_cmm": 0.0, "_timestamp": 1651668046, "_runtime": 3, "_step": 1, "err_test_cavm_l1": 35.38500213623047, "err_test_cmm_l1": 7.819999694824219, "err_train_cavm_l1": 33.133731842041016, "err_train_cmm_l1": 0.0, "_wandb": {"runtime": 2}}