{"err_test_cmm": 49.55999755859375, "err_train_cmm": 0.0, "_timestamp": 1653573484, "_runtime": 51, "_step": 1, "err_test_cmm_l1": 22.43000030517578, "err_train_cmm_l1": 0.0, "_wandb": {"runtime": 48}}