{"err_test_cavm": 43.029998779296875, "err_test_cmm": 43.209999084472656, "err_train_cavm": 0.0, "err_train_cmm": 0.0, "_timestamp": 1649813784, "_runtime": 80, "_step": 1, "err_test_cavm_l1": 17.845001220703125, "err_test_cmm_l1": 25.28499984741211, "err_train_cavm_l1": 0.0, "err_train_cmm_l1": 0.0, "_wandb": {"runtime": 79}}