{"err_test_cavm": 44.58500289916992, "err_test_cmm": 44.51000213623047, "err_train_cavm": 0.0, "err_train_cmm": 0.0, "_timestamp": 1649773637, "_runtime": 83, "_step": 0, "_wandb": {"runtime": 215}}