{"err_test_cavm_l1": 0.9300000071525574, "err_test_cmm_l1": 14.97499942779541, "err_train_cavm_l1": 0.4651162624359131, "err_train_cmm_l1": 0.0, "_timestamp": 1651830468, "_runtime": 5, "_step": 0, "_wandb": {"runtime": 3}}