{"err_test_cavm": 15.199999809265137, "err_test_cmm": 16.744998931884766, "err_train_cavm": 0.0, "err_train_cmm": 0.0, "_timestamp": 1649835827, "_runtime": 273, "_step": 1, "err_test_cavm_l1": 0.6450000405311584, "err_test_cmm_l1": 2.2699999809265137, "err_train_cavm_l1": 0.0, "err_train_cmm_l1": 0.0, "_wandb": {"runtime": 270}}