{"err_test_cmm": 49.15999984741211, "err_train_cmm": 0.0, "_timestamp": 1653572282, "_runtime": 76, "_step": 1, "err_test_cmm_l1": 10.3100004196167, "err_train_cmm_l1": 0.0, "_wandb": {"runtime": 73}}