{"err_test_cavm": 40.29499816894531, "err_test_cmm": 40.45499801635742, "err_train_cavm": 0.0, "err_train_cmm": 0.0, "_timestamp": 1651249067, "_runtime": 5, "_step": 1, "err_test_cavm_l1": 0.0, "err_test_cmm_l1": 9.019999504089355, "err_train_cavm_l1": 0.0, "err_train_cmm_l1": 0.0, "_wandb": {"runtime": 3}}