{"err_test_cmm": 47.505001068115234, "err_train_cmm": 0.0, "_timestamp": 1653526883, "_runtime": 4, "_step": 1, "err_test_cmm_l1": 50.089996337890625, "err_train_cmm_l1": 0.0, "_wandb": {"runtime": 1}}