{"err_test_cavm_l1": 20.415000915527344, "err_test_cmm_l1": 34.224998474121094, "err_train_cavm_l1": 0.0, "err_train_cmm_l1": 0.0, "_timestamp": 1653134759, "_runtime": 6, "_step": 0, "_wandb": {"runtime": 2}}