{"err_test_cmm": 8.4399995803833, "err_train_cmm": 0.0, "_timestamp": 1653524306, "_runtime": 45, "_step": 1, "err_test_cmm_l1": 4.630000114440918, "err_train_cmm_l1": 0.0, "_wandb": {"runtime": 43}}