{"err_test_cavm": 41.029998779296875, "err_test_cmm": 40.63999938964844, "err_train_cavm": 0.0, "err_train_cmm": 0.0, "_timestamp": 1652262029, "_runtime": 10, "_step": 1, "err_test_cavm_l1": 0.0, "err_test_cmm_l1": 37.619998931884766, "err_train_cavm_l1": 0.0, "err_train_cmm_l1": 0.0, "_wandb": {"runtime": 4}}