{"err_test_cavm_l1": 2.8550000190734863, "err_test_cmm_l1": 6.430000305175781, "err_train_cavm_l1": 0.0, "err_train_cmm_l1": 0.0, "_timestamp": 1651143581, "_runtime": 108, "_step": 0, "_wandb": {"runtime": 104}}