{"err_test_cavm": 20.18000030517578, "err_test_cmm": 17.325000762939453, "err_train_cavm": 5.0, "err_train_cmm": 0.0, "_timestamp": 1651585908, "_runtime": 4, "_step": 1, "err_test_cavm_l1": 0.004999999888241291, "err_test_cmm_l1": 13.739999771118164, "err_train_cavm_l1": 0.0, "err_train_cmm_l1": 0.0, "_wandb": {"runtime": 2}}