{"err_test_cavm": 45.654998779296875, "err_test_cmm": 45.380001068115234, "err_train_cavm": 0.0, "err_train_cmm": 0.0, "_timestamp": 1651584446, "_runtime": 5, "_step": 1, "err_test_cavm_l1": 0.0, "err_test_cmm_l1": 50.2349967956543, "err_train_cavm_l1": 0.0, "err_train_cmm_l1": 0.0, "_wandb": {"runtime": 2}}