{"err_test_cmm": 41.8650016784668, "err_train_cmm": 0.0, "_timestamp": 1653555039, "_runtime": 5, "_step": 1, "err_test_cmm_l1": 8.994999885559082, "err_train_cmm_l1": 0.0, "_wandb": {"runtime": 2}}