{"err_test_cavm": 9.420000076293945, "err_test_cmm": 11.489999771118164, "err_train_cavm": 0.0, "err_train_cmm": 0.0, "_timestamp": 1649781725, "_runtime": 99, "_step": 1, "err_test_cavm_l1": 1.6299999952316284, "err_test_cmm_l1": 3.570000171661377, "err_train_cavm_l1": 0.0, "err_train_cmm_l1": 0.0, "_wandb": {"runtime": 96}}