{"err_test_cavm": 47.334999084472656, "err_test_cmm": 47.275001525878906, "err_train_cavm": 0.0, "err_train_cmm": 0.0, "_timestamp": 1653669335, "_runtime": 5, "_step": 1, "err_test_cavm_l1": 50.290000915527344, "err_test_cmm_l1": 48.474998474121094, "err_train_cavm_l1": 0.0, "err_train_cmm_l1": 0.0, "_wandb": {"runtime": 2}}