{"err_test_cavm": 42.13999938964844, "err_test_cmm": 41.78000259399414, "err_train_cavm": 0.0, "err_train_cmm": 0.0, "_timestamp": 1651586696, "_runtime": 4, "_step": 1, "err_test_cavm_l1": 0.0, "err_test_cmm_l1": 50.55999755859375, "err_train_cavm_l1": 0.0, "err_train_cmm_l1": 0.0, "_wandb": {"runtime": 2}}