{"err_test_cavm": 36.94499969482422, "err_test_cmm": 37.22999954223633, "err_train_cavm": 2.0, "err_train_cmm": 0.0, "_timestamp": 1651584929, "_runtime": 4, "_step": 1, "err_test_cavm_l1": 0.0, "err_test_cmm_l1": 47.69000244140625, "err_train_cavm_l1": 0.0, "err_train_cmm_l1": 0.0, "_wandb": {"runtime": 2}}