{"err_test_cavm_l1": 1.5449999570846558, "err_test_cmm_l1": 4.789999961853027, "err_train_cavm_l1": 0.0, "err_train_cmm_l1": 0.0, "_timestamp": 1650899099, "_runtime": 160, "_step": 0, "_wandb": {"runtime": 157}}