{"err_test_cavm": 0.0949999988079071, "err_test_cmm": 0.30000001192092896, "err_train_cavm": 0.0, "err_train_cmm": 0.0, "_timestamp": 1653582936, "_runtime": 5, "_step": 1, "err_test_cavm_l1": 0.10000000149011612, "err_test_cmm_l1": 0.36500000953674316, "err_train_cavm_l1": 0.0, "err_train_cmm_l1": 0.0, "_wandb": {"runtime": 2}}