{"err_test_cavm_l1": 27.634998321533203, "err_test_cmm_l1": 47.80500030517578, "err_train_cavm_l1": 14.285715103149414, "err_train_cmm_l1": 0.0, "_timestamp": 1651830515, "_runtime": 6, "_step": 0, "_wandb": {"runtime": 2}}