{"err_test_cmm": 49.064998626708984, "err_train_cmm": 0.0, "_timestamp": 1653526092, "_runtime": 7, "_step": 1, "err_test_cmm_l1": 49.9900016784668, "err_train_cmm_l1": 0.0, "_wandb": {"runtime": 3}}