{"err_test_cavm_l1": 5.849999904632568, "err_test_cmm_l1": 50.099998474121094, "err_train_cavm_l1": 0.0, "err_train_cmm_l1": 0.0, "_timestamp": 1653131609, "_runtime": 10, "_step": 0, "_wandb": {"runtime": 3}}