{"err_test_cmm": 47.005001068115234, "err_train_cmm": 0.0, "_timestamp": 1653572950, "_runtime": 7, "_step": 1, "err_test_cmm_l1": 16.325000762939453, "err_train_cmm_l1": 0.0, "_wandb": {"runtime": 4}}