{"err_test_cavm_l1": 10.894999504089355, "err_test_cmm_l1": 36.80999755859375, "err_train_cavm_l1": 0.0, "err_train_cmm_l1": 0.0, "_timestamp": 1651041235, "_runtime": 113, "_step": 0, "_wandb": {"runtime": 111}}