{"err_test_cavm": 45.96999740600586, "err_test_cmm": 46.00499725341797, "err_train_cavm": 0.0, "err_train_cmm": 0.0, "_timestamp": 1651248409, "_runtime": 12, "_step": 1, "err_test_cavm_l1": 0.0, "err_test_cmm_l1": 10.295000076293945, "err_train_cavm_l1": 0.0, "err_train_cmm_l1": 0.0, "_wandb": {"runtime": 4}}