{"err_test_cavm": 21.84000015258789, "err_test_cmm": 21.719999313354492, "err_train_cavm": 0.0, "err_train_cmm": 0.0, "_timestamp": 1653601770, "_runtime": 5, "_step": 1, "err_test_cavm_l1": 0.375, "err_test_cmm_l1": 0.6000000238418579, "err_train_cavm_l1": 0.0, "err_train_cmm_l1": 0.0, "_wandb": {"runtime": 2}}