{"err_test_cmm": 48.12000274658203, "err_train_cmm": 0.0, "_timestamp": 1653570504, "_runtime": 20, "_step": 1, "err_test_cmm_l1": 9.359999656677246, "err_train_cmm_l1": 0.0, "_wandb": {"runtime": 17}}