{"err_test_cavm_l1": 3.015000104904175, "err_test_cmm_l1": 7.349999904632568, "err_train_cavm_l1": 0.0, "err_train_cmm_l1": 0.0, "_timestamp": 1650989695, "_runtime": 55, "_step": 0, "_wandb": {"runtime": 52}}