{"err_test_cavm": 34.90999984741211, "err_test_cmm": 34.76000213623047, "err_train_cavm": 0.0, "err_train_cmm": 0.0, "_timestamp": 1652187166, "_runtime": 7, "_step": 1, "err_test_cavm_l1": 0.0, "err_test_cmm_l1": 47.06999969482422, "err_train_cavm_l1": 0.0, "err_train_cmm_l1": 0.0, "_wandb": {"runtime": 3}}