{"err_test_cavm": 29.89499855041504, "err_test_cmm": 29.454999923706055, "err_train_cavm": 6.0, "err_train_cmm": 0.0, "_timestamp": 1651586058, "_runtime": 4, "_step": 1, "err_test_cavm_l1": 0.0, "err_test_cmm_l1": 28.169998168945312, "err_train_cavm_l1": 0.0, "err_train_cmm_l1": 0.0, "_wandb": {"runtime": 2}}