{"err_test_cavm_l1": 34.755001068115234, "err_test_cmm_l1": 42.10499954223633, "err_train_cavm_l1": 0.0, "err_train_cmm_l1": 0.0, "_timestamp": 1652283426, "_runtime": 6, "_step": 0, "_wandb": {"runtime": 2}}