{"err_test_cmm": 4.589999675750732, "err_train_cmm": 0.0, "_timestamp": 1653526105, "_runtime": 4, "_step": 1, "err_test_cmm_l1": 3.669999837875366, "err_train_cmm_l1": 0.0, "_wandb": {"runtime": 0}}