{"err_test_cmm": 4.480000019073486, "err_train_cmm": 0.0, "_timestamp": 1653527419, "_runtime": 4, "_step": 1, "err_test_cmm_l1": 2.6499998569488525, "err_train_cmm_l1": 0.0, "_wandb": {"runtime": 0}}