{"err_test_cavm_l1": 26.1299991607666, "err_test_cmm_l1": 36.349998474121094, "err_train_cavm_l1": 2.17391300201416, "err_train_cmm_l1": 0.0, "_timestamp": 1651851392, "_runtime": 4, "_step": 0, "_wandb": {"runtime": 2}}