{"err_test_cavm_l1": 5.355000019073486, "err_test_cmm_l1": 1.3949999809265137, "err_train_cavm_l1": 0.0, "err_train_cmm_l1": 0.0, "_timestamp": 1653128434, "_runtime": 4, "_step": 0, "_wandb": {"runtime": 1}}