{"err_test_cavm": 41.54500198364258, "err_test_cmm": 41.8650016784668, "err_train_cavm": 0.0, "err_train_cmm": 0.0, "_timestamp": 1652175919, "_runtime": 13, "_step": 1, "err_test_cavm_l1": 49.619998931884766, "err_test_cmm_l1": 47.15999984741211, "err_train_cavm_l1": 15.384615898132324, "err_train_cmm_l1": 0.0, "_wandb": {"runtime": 4}}