{"err_test_cavm": 36.26499938964844, "err_test_cmm": 35.74500274658203, "err_train_cavm": 2.0, "err_train_cmm": 0.0, "_timestamp": 1651583765, "_runtime": 3, "_step": 1, "err_test_cavm_l1": 0.0, "err_test_cmm_l1": 47.47500228881836, "err_train_cavm_l1": 0.0, "err_train_cmm_l1": 0.0, "_wandb": {"runtime": 2}}