{"err_test_cmm": 47.60000228881836, "err_train_cmm": 0.0, "_timestamp": 1653640320, "_runtime": 5, "_step": 1, "err_test_cmm_l1": 49.77000045776367, "err_train_cmm_l1": 0.0, "_wandb": {"runtime": 2}}