{"err_test_cavm": 26.135000228881836, "err_test_cmm": 20.049999237060547, "err_train_cavm": 10.0, "err_train_cmm": 0.0, "_timestamp": 1651585794, "_runtime": 4, "_step": 1, "err_test_cavm_l1": 0.0, "err_test_cmm_l1": 14.480000495910645, "err_train_cavm_l1": 0.0, "err_train_cmm_l1": 0.0, "_wandb": {"runtime": 2}}