{"err_test_cavm": 44.4900016784668, "err_test_cmm": 44.73500061035156, "err_train_cavm": 0.0, "err_train_cmm": 0.0, "_timestamp": 1651582700, "_runtime": 4, "_step": 1, "err_test_cavm_l1": 0.0, "err_test_cmm_l1": 47.19499969482422, "err_train_cavm_l1": 0.0, "err_train_cmm_l1": 0.0, "_wandb": {"runtime": 2}}