{"err_test_cavm": 48.26499938964844, "err_test_cmm": 48.474998474121094, "err_train_cavm": 0.0, "err_train_cmm": 0.0, "_timestamp": 1651584081, "_runtime": 7, "_step": 1, "err_test_cavm_l1": 0.0, "err_test_cmm_l1": 50.21500015258789, "err_train_cavm_l1": 0.0, "err_train_cmm_l1": 0.0, "_wandb": {"runtime": 5}}