{"err_test_cavm": 43.67499923706055, "err_test_cmm": 0.0, "err_train_cavm": 42.0, "err_train_cmm": 0.0, "_timestamp": 1653048729, "_runtime": 8, "_step": 1, "err_test_cavm_l1": 49.78499984741211, "err_test_cmm_l1": 1.840000033378601, "err_train_cavm_l1": 51.0, "err_train_cmm_l1": 0.0, "_wandb": {"runtime": 2}}