{"err_test_cavm_l1": 7.715000152587891, "err_test_cmm_l1": 48.60499954223633, "err_train_cavm_l1": 0.0, "err_train_cmm_l1": 0.0, "_timestamp": 1652280881, "_runtime": 6, "_step": 0, "_wandb": {"runtime": 3}}