{"err_test_cavm": 43.10499954223633, "err_test_cmm": 43.13999938964844, "err_train_cavm": 0.0, "err_train_cmm": 0.0, "_timestamp": 1651588080, "_runtime": 6, "_step": 1, "err_test_cavm_l1": 0.0, "err_test_cmm_l1": 46.36499786376953, "err_train_cavm_l1": 0.0, "err_train_cmm_l1": 0.0, "_wandb": {"runtime": 2}}