{"err_test_c0": 0.8399999737739563, "err_test_c1": 7.34499979019165, "err_test_c2": 13.279999732971191, "err_test_cmm": 5.135000228881836, "err_train_c0": 3.0, "err_train_c1": 9.0, "err_train_c2": 13.0, "err_train_cmm": 6.000000000000005, "_timestamp": 1649332976, "_runtime": 20, "_step": 0, "_wandb": {"runtime": 17}}