{"err_test_cavm": 2.319999933242798, "err_test_cmm": 0.0, "err_train_cavm": 0.0, "err_train_cmm": 0.0, "_timestamp": 1653049527, "_runtime": 10, "_step": 1, "err_test_cavm_l1": 2.319999933242798, "err_test_cmm_l1": 0.004999999888241291, "err_train_cavm_l1": 0.0, "err_train_cmm_l1": 0.0, "_wandb": {"runtime": 4}}