{"err_test_cavm_l1": 50.43000030517578, "err_test_cmm_l1": 49.25499725341797, "err_train_cavm_l1": 0.0, "err_train_cmm_l1": 0.0, "_timestamp": 1651830090, "_runtime": 5, "_step": 0, "_wandb": {"runtime": 2}}