{"err_test_cavm": 46.96500015258789, "err_test_cmm": 46.90999984741211, "err_train_cavm": 0.0, "err_train_cmm": 0.0, "_timestamp": 1649788365, "_runtime": 227, "_step": 1, "err_test_cavm_l1": 4.095000267028809, "err_test_cmm_l1": 9.690000534057617, "err_train_cavm_l1": 0.0, "err_train_cmm_l1": 0.0, "_wandb": {"runtime": 222}}