{"err_test_cavm": 33.36499786376953, "err_test_cmm": 32.380001068115234, "err_train_cavm": 1.0, "err_train_cmm": 0.0, "_timestamp": 1652261973, "_runtime": 15, "_step": 1, "err_test_cavm_l1": 0.0, "err_test_cmm_l1": 41.84000015258789, "err_train_cavm_l1": 0.0, "err_train_cmm_l1": 0.0, "_wandb": {"runtime": 4}}