{"err_test_cavm": 43.525001525878906, "err_test_cmm": 43.54499816894531, "err_train_cavm": 0.0, "err_train_cmm": 0.0, "_timestamp": 1651251431, "_runtime": 5, "_step": 1, "err_test_cavm_l1": 0.0, "err_test_cmm_l1": 50.2650032043457, "err_train_cavm_l1": 0.0, "err_train_cmm_l1": 0.0, "_wandb": {"runtime": 2}}