{"err_test_cavm_l1": 3.0299999713897705, "err_test_cmm_l1": 5.539999961853027, "err_train_cavm_l1": 0.0, "err_train_cmm_l1": 0.0, "_timestamp": 1650967094, "_runtime": 73, "_step": 0, "_wandb": {"runtime": 70}}