{"err_test_cavm": 45.26499938964844, "err_test_cmm": 45.17499923706055, "err_train_cavm": 0.0, "err_train_cmm": 0.0, "_timestamp": 1651586597, "_runtime": 4, "_step": 1, "err_test_cavm_l1": 0.0, "err_test_cmm_l1": 50.13999938964844, "err_train_cavm_l1": 0.0, "err_train_cmm_l1": 0.0, "_wandb": {"runtime": 2}}