{"err_test_cavm_l1": 1.375, "err_test_cmm_l1": 16.475000381469727, "err_train_cavm_l1": 0.4651162624359131, "err_train_cmm_l1": 0.0, "_timestamp": 1651850972, "_runtime": 5, "_step": 0, "_wandb": {"runtime": 2}}