{"err_test_cavm_l1": 3.2749998569488525, "err_test_cmm_l1": 10.27500057220459, "err_train_cavm_l1": 0.0, "err_train_cmm_l1": 0.0, "_timestamp": 1651141405, "_runtime": 109, "_step": 0, "_wandb": {"runtime": 105}}