{"err_test_cavm": 35.53000259399414, "err_test_cmm": 36.04999923706055, "err_train_cavm": 0.0, "err_train_cmm": 0.0, "_timestamp": 1651587199, "_runtime": 4, "_step": 1, "err_test_cavm_l1": 0.0, "err_test_cmm_l1": 40.06999969482422, "err_train_cavm_l1": 0.0, "err_train_cmm_l1": 0.0, "_wandb": {"runtime": 2}}