{"err_test_cavm": 47.220001220703125, "err_test_cmm": 47.08000183105469, "err_train_cavm": 0.0, "err_train_cmm": 0.0, "_timestamp": 1651151892, "_runtime": 5, "_step": 1, "err_test_cavm_l1": 49.869998931884766, "err_test_cmm_l1": 50.279998779296875, "err_train_cavm_l1": 90.0, "err_train_cmm_l1": 0.0, "_wandb": {"runtime": 1}}