{"err_test_cmm": 42.37999725341797, "err_train_cmm": 0.0, "_timestamp": 1653566951, "_runtime": 7, "_step": 1, "err_test_cmm_l1": 7.805000305175781, "err_train_cmm_l1": 0.0, "_wandb": {"runtime": 3}}