{"err_test_cavm": 17.450000762939453, "err_test_cmm": 8.335000038146973, "err_train_cavm": 11.5768461227417, "err_train_cmm": 0.0, "_timestamp": 1652187253, "_runtime": 7, "_step": 1, "err_test_cavm_l1": 0.0, "err_test_cmm_l1": 4.110000133514404, "err_train_cavm_l1": 0.0, "err_train_cmm_l1": 0.0, "_wandb": {"runtime": 3}}