{"err_test_cavm": 22.760000228881836, "err_test_cmm": 24.260000228881836, "err_train_cavm": 0.0, "err_train_cmm": 0.0, "_timestamp": 1649845170, "_runtime": 228, "_step": 1, "err_test_cavm_l1": 2.1050000190734863, "err_test_cmm_l1": 5.980000019073486, "err_train_cavm_l1": 0.0, "err_train_cmm_l1": 0.0, "_wandb": {"runtime": 226}}