{"err_test_cavm": 1.100000023841858, "err_test_cmm": 0.0, "err_train_cavm": 0.0, "err_train_cmm": 0.0, "_timestamp": 1653053920, "_runtime": 16, "_step": 1, "err_test_cavm_l1": 1.7400000095367432, "err_test_cmm_l1": 0.8199999928474426, "err_train_cavm_l1": 0.0, "err_train_cmm_l1": 0.0, "_wandb": {"runtime": 2}}