{"err_test_cmm": 38.53000259399414, "err_train_cmm": 0.0, "_timestamp": 1653570609, "_runtime": 4, "_step": 1, "err_test_cmm_l1": 8.190000534057617, "err_train_cmm_l1": 0.0, "_wandb": {"runtime": 2}}