{"err_test_cavm": 27.924999237060547, "err_test_cmm": 21.934999465942383, "err_train_cavm": 12.605042457580566, "err_train_cmm": 0.0, "_timestamp": 1652260157, "_runtime": 7, "_step": 1, "err_test_cavm_l1": 0.0, "err_test_cmm_l1": 20.059999465942383, "err_train_cavm_l1": 0.0, "err_train_cmm_l1": 0.0, "_wandb": {"runtime": 3}}