{"err_test_cavm": 27.3799991607666, "err_test_cmm": 23.885000228881836, "err_train_cavm": 8.0, "err_train_cmm": 0.0, "_timestamp": 1651582438, "_runtime": 4, "_step": 1, "err_test_cavm_l1": 0.0, "err_test_cmm_l1": 18.83500099182129, "err_train_cavm_l1": 0.0, "err_train_cmm_l1": 0.0, "_wandb": {"runtime": 2}}