{"err_test_cavm": 30.19500160217285, "err_test_cmm": 31.025001525878906, "err_train_cavm": 0.0, "err_train_cmm": 0.0, "_timestamp": 1649831974, "_runtime": 194, "_step": 1, "err_test_cavm_l1": 1.5900001525878906, "err_test_cmm_l1": 4.684999942779541, "err_train_cavm_l1": 0.0, "err_train_cmm_l1": 0.0, "_wandb": {"runtime": 191}}