{"err_test_cavm_l1": 3.8249998092651367, "err_test_cmm_l1": 6.300000190734863, "err_train_cavm_l1": 0.0, "err_train_cmm_l1": 0.0, "_timestamp": 1650968284, "_runtime": 60, "_step": 0, "_wandb": {"runtime": 57}}