{"err_test_cavm": 6.21999979019165, "err_test_cmm": 0.0, "err_train_cavm": 3.0, "err_train_cmm": 0.0, "_timestamp": 1653048926, "_runtime": 15, "_step": 1, "err_test_cavm_l1": 49.97999954223633, "err_test_cmm_l1": 50.480003356933594, "err_train_cavm_l1": 51.0, "err_train_cmm_l1": 0.0, "_wandb": {"runtime": 9}}