{"err_test_cavm": 39.77000045776367, "err_test_cmm": 39.82500076293945, "err_train_cavm": 0.0, "err_train_cmm": 0.0, "_timestamp": 1649809126, "_runtime": 92, "_step": 1, "err_test_cavm_l1": 7.434999942779541, "err_test_cmm_l1": 13.619999885559082, "err_train_cavm_l1": 0.0, "err_train_cmm_l1": 0.0, "_wandb": {"runtime": 90}}