{"err_test_cavm_l1": 1.6699999570846558, "err_test_cmm_l1": 49.84000015258789, "err_train_cavm_l1": 0.0, "err_train_cmm_l1": 0.0, "_timestamp": 1653131064, "_runtime": 7, "_step": 0, "_wandb": {"runtime": 2}}