{"err_test_cavm": 42.54499816894531, "err_test_cmm": 42.47999954223633, "err_train_cavm": 0.0, "err_train_cmm": 0.0, "_timestamp": 1651150377, "_runtime": 4, "_step": 1, "err_test_cavm_l1": 0.0, "err_test_cmm_l1": 29.98000144958496, "err_train_cavm_l1": 0.0, "err_train_cmm_l1": 0.0, "_wandb": {"runtime": 2}}