{"err_test_cavm": 30.634998321533203, "err_test_cmm": 28.365001678466797, "err_train_cavm": 8.0, "err_train_cmm": 0.0, "_timestamp": 1651587548, "_runtime": 3, "_step": 1, "err_test_cavm_l1": 0.0, "err_test_cmm_l1": 30.759998321533203, "err_train_cavm_l1": 0.0, "err_train_cmm_l1": 0.0, "_wandb": {"runtime": 2}}