{"err_test_cavm": 42.375, "err_test_cmm": 42.334999084472656, "err_train_cavm": 0.0, "err_train_cmm": 0.0, "_timestamp": 1649836841, "_runtime": 170, "_step": 1, "err_test_cavm_l1": 4.920000076293945, "err_test_cmm_l1": 9.765000343322754, "err_train_cavm_l1": 0.0, "err_train_cmm_l1": 0.0, "_wandb": {"runtime": 166}}