{"err_test_cavm": 30.895000457763672, "err_test_cmm": 31.779998779296875, "err_train_cavm": 0.0, "err_train_cmm": 0.0, "_timestamp": 1649787655, "_runtime": 92, "_step": 1, "err_test_cavm_l1": 4.055000305175781, "err_test_cmm_l1": 12.394999504089355, "err_train_cavm_l1": 0.0, "err_train_cmm_l1": 0.0, "_wandb": {"runtime": 90}}