{"err_test_cavm_l1": 0.7649999856948853, "err_test_cmm_l1": 2.6499998569488525, "err_train_cavm_l1": 0.0, "err_train_cmm_l1": 0.0, "_timestamp": 1650984704, "_runtime": 196, "_step": 0, "_wandb": {"runtime": 194}}