{"err_test_cmm": 45.10499954223633, "err_train_cmm": 0.0, "_timestamp": 1653522810, "_runtime": 3, "_step": 1, "err_test_cmm_l1": 50.15500259399414, "err_train_cmm_l1": 0.0, "_wandb": {"runtime": 1}}