{"err_test_cmm": 56.44000244140625, "err_train_cmm": 100.0, "_timestamp": 1653565246, "_runtime": 6, "_step": 1, "err_test_cmm_l1": 90.63999938964844, "err_train_cmm_l1": 100.0, "_wandb": {"runtime": 2}}