{"err_test_cavm": 44.42499923706055, "err_test_cmm": 44.209999084472656, "err_train_cavm": 0.0, "err_train_cmm": 0.0, "_timestamp": 1652877282, "_runtime": 4, "_step": 1, "err_test_cavm_l1": 0.0, "err_test_cmm_l1": 49.685001373291016, "err_train_cavm_l1": 0.0, "err_train_cmm_l1": 0.0, "_wandb": {"runtime": 1}}