{"err_test_cavm_l1": 10.59000015258789, "err_test_cmm_l1": 25.604999542236328, "err_train_cavm_l1": 6.0, "err_train_cmm_l1": 0.0, "_timestamp": 1651829013, "_runtime": 5, "_step": 0, "_wandb": {"runtime": 2}}