{"err_test_cavm": 14.114999771118164, "err_test_cmm": 9.630000114440918, "err_train_cavm": 5.0, "err_train_cmm": 0.0, "_timestamp": 1651585379, "_runtime": 4, "_step": 1, "err_test_cavm_l1": 0.0, "err_test_cmm_l1": 6.979999542236328, "err_train_cavm_l1": 0.0, "err_train_cmm_l1": 0.0, "_wandb": {"runtime": 2}}