{"err_test_cavm_l1": 48.57500076293945, "err_test_cmm_l1": 29.60500144958496, "err_train_cavm_l1": 46.48956298828125, "err_train_cmm_l1": 15.085388994307403, "_timestamp": 1651034438, "_runtime": 181, "_step": 0, "_wandb": {"runtime": 179}}