{"err_test_cavm": 23.03999900817871, "err_test_cmm": 16.415000915527344, "err_train_cavm": 8.0, "err_train_cmm": 0.0, "_timestamp": 1651586158, "_runtime": 4, "_step": 1, "err_test_cavm_l1": 0.0, "err_test_cmm_l1": 14.239999771118164, "err_train_cavm_l1": 0.0, "err_train_cmm_l1": 0.0, "_wandb": {"runtime": 2}}