{"err_test_cavm_l1": 21.024999618530273, "err_test_cmm_l1": 32.18000030517578, "err_train_cavm_l1": 0.0, "err_train_cmm_l1": 0.0, "_timestamp": 1651031682, "_runtime": 128, "_step": 0, "_wandb": {"runtime": 126}}