{"err_test_cavm_l1": 30.07000160217285, "err_test_cmm_l1": 44.40500259399414, "err_train_cavm_l1": 0.0, "err_train_cmm_l1": 0.0, "_timestamp": 1651035893, "_runtime": 102, "_step": 0, "_wandb": {"runtime": 99}}