{"err_test_cmm": 48.5099983215332, "err_train_cmm": 0.0, "_timestamp": 1653528000, "_runtime": 4, "_step": 1, "err_test_cmm_l1": 49.07500076293945, "err_train_cmm_l1": 0.0, "_wandb": {"runtime": 1}}