{"err_test_cavm": 14.114999771118164, "err_test_cmm": 7.384999752044678, "err_train_cavm": 8.0, "err_train_cmm": 0.0, "_timestamp": 1651584092, "_runtime": 3, "_step": 1, "err_test_cavm_l1": 0.0, "err_test_cmm_l1": 5.914999961853027, "err_train_cavm_l1": 0.0, "err_train_cmm_l1": 0.0, "_wandb": {"runtime": 2}}