{"err_test_cavm": 36.73999786376953, "err_test_cmm": 35.83000183105469, "err_train_cavm": 0.0, "err_train_cmm": 0.0, "_timestamp": 1651250182, "_runtime": 4, "_step": 1, "err_test_cavm_l1": 0.0, "err_test_cmm_l1": 43.505001068115234, "err_train_cavm_l1": 0.0, "err_train_cmm_l1": 0.0, "_wandb": {"runtime": 1}}