{"err_test_cavm_l1": 3.765000104904175, "err_test_cmm_l1": 11.860000610351562, "err_train_cavm_l1": 0.0, "err_train_cmm_l1": 0.0, "_timestamp": 1651140207, "_runtime": 69, "_step": 0, "_wandb": {"runtime": 66}}