{"err_test_cavm_l1": 5.679999828338623, "err_test_cmm_l1": 9.90999984741211, "err_train_cavm_l1": 0.0, "err_train_cmm_l1": 0.0, "_timestamp": 1652280503, "_runtime": 5, "_step": 0, "_wandb": {"runtime": 2}}