{"err_test_cavm_l1": 1.5399999618530273, "err_test_cmm_l1": 32.56500244140625, "err_train_cavm_l1": 0.0, "err_train_cmm_l1": 0.0, "_timestamp": 1652884858, "_runtime": 4, "_step": 0, "_wandb": {"runtime": 1}}