{"avg_test_c0": 9.805000305175781, "avg_test_c1": 4.134999752044678, "avg_test_c2": 5.474999904632568, "avg_test_cmm": 7.284999847412109, "_timestamp": 1649289074, "_runtime": 11, "_step": 0, "_wandb": {"runtime": 7}}