{"err_test_cavm_l1": 39.209999084472656, "err_test_cmm_l1": 52.79999923706055, "err_train_cavm_l1": 9.523809432983398, "err_train_cmm_l1": 0.0, "_timestamp": 1651830175, "_runtime": 5, "_step": 0, "_wandb": {"runtime": 2}}