{"err_test_cavm_l1": 25.38500213623047, "err_test_cmm_l1": 39.46999740600586, "err_train_cavm_l1": 0.0, "err_train_cmm_l1": 0.0, "_timestamp": 1651027932, "_runtime": 107, "_step": 0, "_wandb": {"runtime": 105}}