{"err_test_cavm": 45.96999740600586, "err_test_cmm": 46.064998626708984, "err_train_cavm": 0.0, "err_train_cmm": 0.0, "_timestamp": 1649846097, "_runtime": 119, "_step": 1, "err_test_cavm_l1": 45.66499710083008, "err_test_cmm_l1": 47.20500183105469, "err_train_cavm_l1": 0.0, "err_train_cmm_l1": 0.0, "_wandb": {"runtime": 117}}