{"err_test_cavm": 38.810001373291016, "err_test_cmm": 8.524999618530273, "err_train_cavm": 0.0, "err_train_cmm": 0.0, "_timestamp": 1653602606, "_runtime": 6, "_step": 1, "err_test_cavm_l1": 11.829999923706055, "err_test_cmm_l1": 0.4650000035762787, "err_train_cavm_l1": 0.0, "err_train_cmm_l1": 0.0, "_wandb": {"runtime": 3}}