{"err_test_cavm": 1.4000000953674316, "err_test_cmm": 2.4049999713897705, "err_train_cavm": 0.0, "err_train_cmm": 0.0, "_timestamp": 1653584152, "_runtime": 5, "_step": 1, "err_test_cavm_l1": 1.3799999952316284, "err_test_cmm_l1": 1.559999942779541, "err_train_cavm_l1": 0.0, "err_train_cmm_l1": 0.0, "_wandb": {"runtime": 2}}