{"err_test_cavm_l1": 3.5900001525878906, "err_test_cmm_l1": 7.355000019073486, "err_train_cavm_l1": 0.0, "err_train_cmm_l1": 0.0, "_timestamp": 1650969248, "_runtime": 64, "_step": 0, "_wandb": {"runtime": 62}}