{"err_test_cavm": 44.78000259399414, "err_test_cmm": 44.79500198364258, "err_train_cavm": 0.0, "err_train_cmm": 0.0, "_timestamp": 1649765249, "_runtime": 103, "_step": 0, "_wandb": {"runtime": 354}}