{"err_test_cavm": 46.76499938964844, "err_test_cmm": 46.529998779296875, "err_train_cavm": 0.0, "err_train_cmm": 0.0, "_timestamp": 1651250558, "_runtime": 8, "_step": 1, "err_test_cavm_l1": 0.0, "err_test_cmm_l1": 39.54499816894531, "err_train_cavm_l1": 0.0, "err_train_cmm_l1": 0.0, "_wandb": {"runtime": 4}}