{"err_test_cavm": 47.60000228881836, "err_test_cmm": 47.56999969482422, "err_train_cavm": 0.0, "err_train_cmm": 0.0, "_timestamp": 1651585884, "_runtime": 7, "_step": 1, "err_test_cavm_l1": 0.0, "err_test_cmm_l1": 49.845001220703125, "err_train_cavm_l1": 0.0, "err_train_cmm_l1": 0.0, "_wandb": {"runtime": 4}}