{"err_test_cavm": 39.43000030517578, "err_test_cmm": 39.619998931884766, "err_train_cavm": 0.0, "err_train_cmm": 0.0, "_timestamp": 1649814468, "_runtime": 90, "_step": 1, "err_test_cavm_l1": 8.604999542236328, "err_test_cmm_l1": 13.710000038146973, "err_train_cavm_l1": 0.0, "err_train_cmm_l1": 0.0, "_wandb": {"runtime": 88}}