{"err_test_cavm": 21.645000457763672, "err_test_cmm": 16.854999542236328, "err_train_cavm": 6.0, "err_train_cmm": 0.0, "_timestamp": 1651252089, "_runtime": 6, "_step": 1, "err_test_cavm_l1": 0.0, "err_test_cmm_l1": 15.085000038146973, "err_train_cavm_l1": 0.0, "err_train_cmm_l1": 0.0, "_wandb": {"runtime": 2}}