{"err_test_cavm_l1": 0.15000000596046448, "err_test_cmm_l1": 13.764999389648438, "err_train_cavm_l1": 0.0, "err_train_cmm_l1": 0.0, "_timestamp": 1653130555, "_runtime": 9, "_step": 0, "_wandb": {"runtime": 2}}