{"err_test_cmm": 40.435001373291016, "err_train_cmm": 0.0, "_timestamp": 1653527276, "_runtime": 3, "_step": 1, "err_test_cmm_l1": 43.55500030517578, "err_train_cmm_l1": 0.0, "_wandb": {"runtime": 0}}