{"err_test_cavm_l1": 0.9350000023841858, "err_test_cmm_l1": 15.46500015258789, "err_train_cavm_l1": 0.4651162624359131, "err_train_cmm_l1": 0.0, "_timestamp": 1651831176, "_runtime": 5, "_step": 0, "_wandb": {"runtime": 2}}