{"err_test_cavm": 34.970001220703125, "err_test_cmm": 35.44000244140625, "err_train_cavm": 0.0, "err_train_cmm": 0.0, "_timestamp": 1649809999, "_runtime": 90, "_step": 1, "err_test_cavm_l1": 10.194999694824219, "err_test_cmm_l1": 18.670000076293945, "err_train_cavm_l1": 0.0, "err_train_cmm_l1": 0.0, "_wandb": {"runtime": 88}}