{"err_test_cavm_l1": 1.434999942779541, "err_test_cmm_l1": 0.0, "err_train_cavm_l1": 0.9493670463562012, "err_train_cmm_l1": 0.0, "_timestamp": 1653134693, "_runtime": 7, "_step": 0, "_wandb": {"runtime": 3}}