{"err_test_cavm": 21.43000030517578, "err_test_cmm": 17.934999465942383, "err_train_cavm": 9.0, "err_train_cmm": 0.0, "_timestamp": 1651582903, "_runtime": 3, "_step": 1, "err_test_cavm_l1": 0.0, "err_test_cmm_l1": 12.864999771118164, "err_train_cavm_l1": 0.0, "err_train_cmm_l1": 0.0, "_wandb": {"runtime": 2}}