{"err_test_cavm": 31.775001525878906, "err_test_cmm": 32.22500228881836, "err_train_cavm": 8.0, "err_train_cmm": 0.0, "_timestamp": 1651588169, "_runtime": 4, "_step": 1, "err_test_cavm_l1": 0.0, "err_test_cmm_l1": 37.67000198364258, "err_train_cavm_l1": 0.0, "err_train_cmm_l1": 0.0, "_wandb": {"runtime": 2}}