{"err_test_cavm": 39.974998474121094, "err_test_cmm": 39.6349983215332, "err_train_cavm": 0.0, "err_train_cmm": 0.0, "_timestamp": 1649812792, "_runtime": 85, "_step": 1, "err_test_cavm_l1": 12.655000686645508, "err_test_cmm_l1": 15.790000915527344, "err_train_cavm_l1": 0.0, "err_train_cmm_l1": 0.0, "_wandb": {"runtime": 83}}