{"err_test_cavm": 0.10000000149011612, "err_test_cmm": 0.4350000023841858, "err_train_cavm": 0.0, "err_train_cmm": 0.0, "_timestamp": 1653664090, "_runtime": 82, "_step": 1, "err_test_cavm_l1": 0.1599999964237213, "err_test_cmm_l1": 0.20499999821186066, "err_train_cavm_l1": 0.0, "err_train_cmm_l1": 0.0, "_wandb": {"runtime": 79}}