{"err_test_cavm": 44.74500274658203, "err_test_cmm": 44.72999954223633, "err_train_cavm": 0.0, "err_train_cmm": 0.0, "_timestamp": 1651588731, "_runtime": 5, "_step": 1, "err_test_cavm_l1": 0.0, "err_test_cmm_l1": 47.08000183105469, "err_train_cavm_l1": 0.0, "err_train_cmm_l1": 0.0, "_wandb": {"runtime": 2}}