{"err_test_cavm_l1": 19.385000228881836, "err_test_cmm_l1": 25.795000076293945, "err_train_cavm_l1": 0.0, "err_train_cmm_l1": 0.0, "_timestamp": 1651001241, "_runtime": 96, "_step": 0, "_wandb": {"runtime": 94}}