{"err_test_cavm_l1": 1.3550000190734863, "err_test_cmm_l1": 39.025001525878906, "err_train_cavm_l1": 0.0, "err_train_cmm_l1": 0.0, "_timestamp": 1653131262, "_runtime": 5, "_step": 0, "_wandb": {"runtime": 2}}