{"err_test_cavm": 47.57500076293945, "err_test_cmm": 47.61000061035156, "err_train_cavm": 0.0, "err_train_cmm": 0.0, "_timestamp": 1649832784, "_runtime": 104, "_step": 1, "err_test_cavm_l1": 50.30000305175781, "err_test_cmm_l1": 50.685001373291016, "err_train_cavm_l1": 0.0, "err_train_cmm_l1": 0.0, "_wandb": {"runtime": 101}}