{"err_test_cavm": 42.43499755859375, "err_test_cmm": 42.165000915527344, "err_train_cavm": 0.0, "err_train_cmm": 0.0, "_timestamp": 1651587222, "_runtime": 4, "_step": 1, "err_test_cavm_l1": 0.0, "err_test_cmm_l1": 48.59000015258789, "err_train_cavm_l1": 0.0, "err_train_cmm_l1": 0.0, "_wandb": {"runtime": 2}}