{"err_test_cavm": 14.094999313354492, "err_test_cmm": 1.315000057220459, "err_train_cavm": 0.0, "err_train_cmm": 0.0, "_timestamp": 1653602906, "_runtime": 20, "_step": 1, "err_test_cavm_l1": 2.2200000286102295, "err_test_cmm_l1": 0.574999988079071, "err_train_cavm_l1": 0.0, "err_train_cmm_l1": 0.0, "_wandb": {"runtime": 18}}