{"err_test_cmm": 37.90999984741211, "err_train_cmm": 0.0, "_timestamp": 1653554879, "_runtime": 6, "_step": 1, "err_test_cmm_l1": 10.350000381469727, "err_train_cmm_l1": 0.0, "_wandb": {"runtime": 3}}