{"err_test_cavm_l1": 5.065000057220459, "err_test_cmm_l1": 10.699999809265137, "err_train_cavm_l1": 0.0, "err_train_cmm_l1": 0.0, "_timestamp": 1651038634, "_runtime": 59, "_step": 0, "_wandb": {"runtime": 57}}