{"err_test_cavm_l1": 1.7799999713897705, "err_test_cmm_l1": 25.685001373291016, "err_train_cavm_l1": 3.0, "err_train_cmm_l1": 0.0, "_timestamp": 1651667218, "_runtime": 4, "_step": 0, "_wandb": {"runtime": 1}}