{"err_test_cavm": 43.41999816894531, "err_test_cmm": 0.0, "err_train_cavm": 42.0, "err_train_cmm": 0.0, "_timestamp": 1652891632, "_runtime": 3, "_step": 1, "err_test_cavm_l1": 50.029998779296875, "err_test_cmm_l1": 9.269999504089355, "err_train_cavm_l1": 48.0, "err_train_cmm_l1": 0.0, "_wandb": {"runtime": 1}}