{"err_test_cavm": 13.75, "err_test_cmm": 1.5950000286102295, "err_train_cavm": 0.0, "err_train_cmm": 0.0, "_timestamp": 1653602743, "_runtime": 21, "_step": 1, "err_test_cavm_l1": 1.6299999952316284, "err_test_cmm_l1": 0.5550000071525574, "err_train_cavm_l1": 0.0, "err_train_cmm_l1": 0.0, "_wandb": {"runtime": 18}}