{"err_test_cavm_l1": 22.05000114440918, "err_test_cmm_l1": 27.900001525878906, "err_train_cavm_l1": 0.0, "err_train_cmm_l1": 0.0, "_timestamp": 1651005807, "_runtime": 87, "_step": 0, "_wandb": {"runtime": 85}}