{"err_test_cavm": 34.95000076293945, "err_test_cmm": 3.940000057220459, "err_train_cavm": 33.0, "err_train_cmm": 1.0000000000000009, "_timestamp": 1649783030, "_runtime": 90, "_step": 1, "err_test_cavm_l1": 2.134999990463257, "err_test_cmm_l1": 2.734999895095825, "err_train_cavm_l1": 0.0, "err_train_cmm_l1": 0.0, "_wandb": {"runtime": 88}}