{"err_test_cavm": 14.839999198913574, "err_test_cmm": 8.354999542236328, "err_train_cavm": 4.0, "err_train_cmm": 0.0, "_timestamp": 1651586514, "_runtime": 3, "_step": 1, "err_test_cavm_l1": 0.0, "err_test_cmm_l1": 5.175000190734863, "err_train_cavm_l1": 0.0, "err_train_cmm_l1": 0.0, "_wandb": {"runtime": 2}}