{"err_test_cavm": 1.315000057220459, "err_test_cmm": 0.0, "err_train_cavm": 0.0, "err_train_cmm": 0.0, "_timestamp": 1653048652, "_runtime": 19, "_step": 1, "err_test_cavm_l1": 49.89500045776367, "err_test_cmm_l1": 50.39500045776367, "err_train_cavm_l1": 44.0, "err_train_cmm_l1": 0.0, "_wandb": {"runtime": 14}}