{"err_test_cavm": 24.760000228881836, "err_test_cmm": 27.43000030517578, "err_train_cavm": 0.0, "err_train_cmm": 0.0, "_timestamp": 1649803457, "_runtime": 98, "_step": 1, "err_test_cavm_l1": 3.669999837875366, "err_test_cmm_l1": 7.670000076293945, "err_train_cavm_l1": 0.0, "err_train_cmm_l1": 0.0, "_wandb": {"runtime": 95}}