{"err_test_cavm": 34.720001220703125, "err_test_cmm": 35.15500259399414, "err_train_cavm": 0.0, "err_train_cmm": 0.0, "_timestamp": 1652259867, "_runtime": 6, "_step": 1, "err_test_cavm_l1": 0.0, "err_test_cmm_l1": 47.78000259399414, "err_train_cavm_l1": 0.0, "err_train_cmm_l1": 0.0, "_wandb": {"runtime": 3}}