{"err_test_cavm": 10.494999885559082, "err_test_cmm": 12.53499984741211, "err_train_cavm": 3.0, "err_train_cmm": 0.0, "_timestamp": 1651582415, "_runtime": 4, "_step": 1, "err_test_cavm_l1": 0.0, "err_test_cmm_l1": 11.175000190734863, "err_train_cavm_l1": 0.0, "err_train_cmm_l1": 0.0, "_wandb": {"runtime": 2}}