{"err_test_cavm_l1": 3.4699997901916504, "err_test_cmm_l1": 8.524999618530273, "err_train_cavm_l1": 0.0, "err_train_cmm_l1": 0.0, "_timestamp": 1650967322, "_runtime": 87, "_step": 0, "_wandb": {"runtime": 85}}