{"err_test_cmm": 41.63999938964844, "err_train_cmm": 0.0, "_timestamp": 1653524006, "_runtime": 3, "_step": 1, "err_test_cmm_l1": 46.41999816894531, "err_train_cmm_l1": 0.0, "_wandb": {"runtime": 1}}