{"err_test_cavm_l1": 3.4650001525878906, "err_test_cmm_l1": 50.0150032043457, "err_train_cavm_l1": 0.0, "err_train_cmm_l1": 0.0, "_timestamp": 1653130951, "_runtime": 6, "_step": 0, "_wandb": {"runtime": 2}}