{"err_test_cmm": 40.685001373291016, "err_train_cmm": 0.0, "_timestamp": 1653570621, "_runtime": 5, "_step": 1, "err_test_cmm_l1": 10.729999542236328, "err_train_cmm_l1": 0.0, "_wandb": {"runtime": 2}}