{"err_test_cavm_l1": 5.759999752044678, "err_test_cmm_l1": 12.479999542236328, "err_train_cavm_l1": 0.0, "err_train_cmm_l1": 0.0, "_timestamp": 1652280814, "_runtime": 6, "_step": 0, "_wandb": {"runtime": 2}}