{"err_test_cavm_l1": 15.989999771118164, "err_test_cmm_l1": 20.145000457763672, "err_train_cavm_l1": 0.0, "err_train_cmm_l1": 0.0, "_timestamp": 1650992793, "_runtime": 102, "_step": 0, "_wandb": {"runtime": 101}}