{"err_test_cavm_l1": 4.110000133514404, "err_test_cmm_l1": 9.425000190734863, "err_train_cavm_l1": 0.0, "err_train_cmm_l1": 0.0, "_timestamp": 1651140128, "_runtime": 73, "_step": 0, "_wandb": {"runtime": 70}}