{"err_test_cavm_l1": 7.795000076293945, "err_test_cmm_l1": 36.48999786376953, "err_train_cavm_l1": 0.0, "err_train_cmm_l1": 0.0, "_timestamp": 1653129992, "_runtime": 3, "_step": 0, "_wandb": {"runtime": 1}}