{"err_test_cavm": 40.724998474121094, "err_test_cmm": 40.189998626708984, "err_train_cavm": 0.0, "err_train_cmm": 0.0, "_timestamp": 1651247970, "_runtime": 4, "_step": 1, "err_test_cavm_l1": 0.0, "err_test_cmm_l1": 7.145000457763672, "err_train_cavm_l1": 0.0, "err_train_cmm_l1": 0.0, "_wandb": {"runtime": 2}}