{"err_test_cavm": 48.19000244140625, "err_test_cmm": 48.38500213623047, "err_train_cavm": 0.0, "err_train_cmm": 0.0, "_timestamp": 1651582746, "_runtime": 8, "_step": 1, "err_test_cavm_l1": 0.0, "err_test_cmm_l1": 49.834999084472656, "err_train_cavm_l1": 0.0, "err_train_cmm_l1": 0.0, "_wandb": {"runtime": 6}}