{"err_test_cavm": 36.89999771118164, "err_test_cmm": 0.0, "err_train_cavm": 33.0, "err_train_cmm": 0.0, "_timestamp": 1653048223, "_runtime": 9, "_step": 1, "err_test_cavm_l1": 50.040000915527344, "err_test_cmm_l1": 33.43499755859375, "err_train_cavm_l1": 46.0, "err_train_cmm_l1": 0.0, "_wandb": {"runtime": 2}}