{"err_test_cmm": 40.095001220703125, "err_train_cmm": 0.0, "_timestamp": 1653523996, "_runtime": 3, "_step": 1, "err_test_cmm_l1": 49.82999801635742, "err_train_cmm_l1": 0.0, "_wandb": {"runtime": 1}}