{"err_test_cmm": 42.459999084472656, "err_train_cmm": 0.0, "_timestamp": 1653573327, "_runtime": 4, "_step": 1, "err_test_cmm_l1": 22.920000076293945, "err_train_cmm_l1": 0.0, "_wandb": {"runtime": 2}}