{"err_test_cavm": 31.830001831054688, "err_test_cmm": 33.18000030517578, "err_train_cavm": 3.0, "err_train_cmm": 0.0, "_timestamp": 1651586933, "_runtime": 4, "_step": 1, "err_test_cavm_l1": 0.0, "err_test_cmm_l1": 26.774999618530273, "err_train_cavm_l1": 0.0, "err_train_cmm_l1": 0.0, "_wandb": {"runtime": 2}}