{"err_test_cavm": 22.270000457763672, "err_test_cmm": 18.229999542236328, "err_train_cavm": 7.0, "err_train_cmm": 0.0, "_timestamp": 1651587401, "_runtime": 3, "_step": 1, "err_test_cavm_l1": 0.0, "err_test_cmm_l1": 12.575000762939453, "err_train_cavm_l1": 0.0, "err_train_cmm_l1": 0.0, "_wandb": {"runtime": 2}}