{"err_test_cavm": 0.2199999988079071, "err_test_cmm": 0.6000000238418579, "err_train_cavm": 0.0, "err_train_cmm": 0.0, "_timestamp": 1653661790, "_runtime": 17, "_step": 1, "err_test_cavm_l1": 0.125, "err_test_cmm_l1": 0.20999999344348907, "err_train_cavm_l1": 0.0, "err_train_cmm_l1": 0.0, "_wandb": {"runtime": 15}}