{"err_test_cavm": 47.25, "err_test_cmm": 47.209999084472656, "err_train_cavm": 0.0, "err_train_cmm": 0.0, "_timestamp": 1649828625, "_runtime": 92, "_step": 1, "err_test_cavm_l1": 49.64500045776367, "err_test_cmm_l1": 49.834999084472656, "err_train_cavm_l1": 0.0, "err_train_cmm_l1": 0.0, "_wandb": {"runtime": 90}}