{"err_test_cavm": 46.92499923706055, "err_test_cmm": 46.724998474121094, "err_train_cavm": 0.0, "err_train_cmm": 0.0, "_timestamp": 1649807557, "_runtime": 80, "_step": 1, "err_test_cavm_l1": 49.994998931884766, "err_test_cmm_l1": 50.1150016784668, "err_train_cavm_l1": 0.0, "err_train_cmm_l1": 0.0, "_wandb": {"runtime": 78}}