{"err_test_cavm": 37.084999084472656, "err_test_cmm": 36.3599967956543, "err_train_cavm": 1.0, "err_train_cmm": 0.0, "_timestamp": 1652261698, "_runtime": 7, "_step": 1, "err_test_cavm_l1": 0.0, "err_test_cmm_l1": 35.47999954223633, "err_train_cavm_l1": 0.0, "err_train_cmm_l1": 0.0, "_wandb": {"runtime": 3}}