{"err_test_cmm": 48.415000915527344, "err_train_cmm": 0.0, "_timestamp": 1653521360, "_runtime": 3, "_step": 1, "err_test_cmm_l1": 50.01000213623047, "err_train_cmm_l1": 0.0, "_wandb": {"runtime": 1}}