{"err_test_cavm_l1": 4.159999847412109, "err_test_cmm_l1": 8.869999885559082, "err_train_cavm_l1": 0.0, "err_train_cmm_l1": 0.0, "_timestamp": 1651144979, "_runtime": 139, "_step": 0, "_wandb": {"runtime": 135}}