{"err_test_cmm": 43.994998931884766, "err_train_cmm": 0.0, "_timestamp": 1653555052, "_runtime": 5, "_step": 1, "err_test_cmm_l1": 8.460000038146973, "err_train_cmm_l1": 0.0, "_wandb": {"runtime": 2}}