{"err_test_cmm": 43.94499969482422, "err_train_cmm": 0.0, "_timestamp": 1653523620, "_runtime": 3, "_step": 1, "err_test_cmm_l1": 49.79999923706055, "err_train_cmm_l1": 0.0, "_wandb": {"runtime": 1}}