{"err_test_cavm": 27.270000457763672, "err_test_cmm": 22.8799991607666, "err_train_cavm": 8.0, "err_train_cmm": 0.0, "_timestamp": 1651583863, "_runtime": 3, "_step": 1, "err_test_cavm_l1": 0.0, "err_test_cmm_l1": 18.299999237060547, "err_train_cavm_l1": 0.0, "err_train_cmm_l1": 0.0, "_wandb": {"runtime": 2}}