{"err_test_cavm_l1": 37.53499984741211, "err_test_cmm_l1": 49.43499755859375, "err_train_cavm_l1": 0.0, "err_train_cmm_l1": 0.0, "_timestamp": 1652282096, "_runtime": 29, "_step": 0, "_wandb": {"runtime": 23}}