{"err_test_cavm": 33.46999740600586, "err_test_cmm": 30.100000381469727, "err_train_cavm": 3.4482758045196533, "err_train_cmm": 0.0, "_timestamp": 1651667802, "_runtime": 4, "_step": 1, "err_test_cavm_l1": 34.97999954223633, "err_test_cmm_l1": 32.45500183105469, "err_train_cavm_l1": 36.20689392089844, "err_train_cmm_l1": 0.0, "_wandb": {"runtime": 2}}