{"err_test_cavm_l1": 5.384999752044678, "err_test_cmm_l1": 13.425000190734863, "err_train_cavm_l1": 0.0, "err_train_cmm_l1": 0.0, "_timestamp": 1651142638, "_runtime": 113, "_step": 0, "_wandb": {"runtime": 110}}