{"err_test_cmm": 45.64999771118164, "err_train_cmm": 0.0, "_timestamp": 1653639990, "_runtime": 5, "_step": 1, "err_test_cmm_l1": 33.86499786376953, "err_train_cmm_l1": 0.0, "_wandb": {"runtime": 2}}