{"err_test_cavm_l1": 50.33000183105469, "err_test_cmm_l1": 44.08000183105469, "err_train_cavm_l1": 0.0, "err_train_cmm_l1": 0.0, "_timestamp": 1652263585, "_runtime": 12, "_step": 0, "_wandb": {"runtime": 5}}