{"err_test_cavm": 44.980003356933594, "err_test_cmm": 45.060001373291016, "err_train_cavm": 0.0, "err_train_cmm": 0.0, "_timestamp": 1649767565, "_runtime": 96, "_step": 0, "_wandb": {"runtime": 638}}