{"err_test_cavm": 42.30500030517578, "err_test_cmm": 42.79499816894531, "err_train_cavm": 0.0, "err_train_cmm": 0.0, "_timestamp": 1651585073, "_runtime": 4, "_step": 1, "err_test_cavm_l1": 0.0, "err_test_cmm_l1": 49.9900016784668, "err_train_cavm_l1": 0.0, "err_train_cmm_l1": 0.0, "_wandb": {"runtime": 2}}