{"err_test_cavm_l1": 0.8700000047683716, "err_test_cmm_l1": 10.15999984741211, "err_train_cavm_l1": 0.0, "err_train_cmm_l1": 0.0, "_timestamp": 1651020405, "_runtime": 131, "_step": 0, "_wandb": {"runtime": 129}}