{"err_test_cavm": 23.895000457763672, "err_test_cmm": 23.83500099182129, "err_train_cavm": 0.0, "err_train_cmm": 0.0, "_timestamp": 1653601467, "_runtime": 5, "_step": 1, "err_test_cavm_l1": 0.38999998569488525, "err_test_cmm_l1": 0.375, "err_train_cavm_l1": 0.0, "err_train_cmm_l1": 0.0, "_wandb": {"runtime": 3}}