{"err_test_cavm": 36.165000915527344, "err_test_cmm": 37.119998931884766, "err_train_cavm": 0.0, "err_train_cmm": 0.0, "_timestamp": 1653669360, "_runtime": 6, "_step": 1, "err_test_cavm_l1": 22.91499900817871, "err_test_cmm_l1": 25.920000076293945, "err_train_cavm_l1": 0.0, "err_train_cmm_l1": 0.0, "_wandb": {"runtime": 2}}