{"err_test_cavm_l1": 0.6399999856948853, "err_test_cmm_l1": 4.480000019073486, "err_train_cavm_l1": 0.20000000298023224, "err_train_cmm_l1": 0.0, "_timestamp": 1651851073, "_runtime": 6, "_step": 0, "_wandb": {"runtime": 2}}