{"err_test_cavm_l1": 31.470001220703125, "err_test_cmm_l1": 35.665000915527344, "err_train_cavm_l1": 0.0, "err_train_cmm_l1": 0.0, "_timestamp": 1651033586, "_runtime": 146, "_step": 0, "_wandb": {"runtime": 142}}