{"err_test_cmm": 35.939998626708984, "err_train_cmm": 0.0, "_timestamp": 1653555289, "_runtime": 7, "_step": 1, "err_test_cmm_l1": 9.989999771118164, "err_train_cmm_l1": 0.0, "_wandb": {"runtime": 4}}