{"err_test_cavm_l1": 18.739999771118164, "err_test_cmm_l1": 31.259998321533203, "err_train_cavm_l1": 0.0, "err_train_cmm_l1": 0.0, "_timestamp": 1651031807, "_runtime": 117, "_step": 0, "_wandb": {"runtime": 114}}