{"err_test_cavm_l1": 1.3899999856948853, "err_test_cmm_l1": 3.8350000381469727, "err_train_cavm_l1": 0.0, "err_train_cmm_l1": 0.0, "_timestamp": 1650973335, "_runtime": 114, "_step": 0, "_wandb": {"runtime": 112}}