{"err_test_cavm": 11.765000343322754, "err_test_cmm": 5.714999675750732, "err_train_cavm": 9.0, "err_train_cmm": 0.0, "_timestamp": 1651245858, "_runtime": 3, "_step": 1, "err_test_cavm_l1": 0.0, "err_test_cmm_l1": 3.424999952316284, "err_train_cavm_l1": 0.0, "err_train_cmm_l1": 0.0, "_wandb": {"runtime": 2}}