{"err_test_cavm": 46.2599983215332, "err_test_cmm": 46.09000015258789, "err_train_cavm": 0.0, "err_train_cmm": 0.0, "_timestamp": 1649841731, "_runtime": 95, "_step": 1, "err_test_cavm_l1": 43.380001068115234, "err_test_cmm_l1": 43.27499771118164, "err_train_cavm_l1": 0.0, "err_train_cmm_l1": 0.0, "_wandb": {"runtime": 93}}