{"err_test_cavm": 42.44999694824219, "err_test_cmm": 42.06999969482422, "err_train_cavm": 0.0, "err_train_cmm": 0.0, "_timestamp": 1652187714, "_runtime": 5, "_step": 1, "err_test_cavm_l1": 49.900001525878906, "err_test_cmm_l1": 39.73999786376953, "err_train_cavm_l1": 0.0, "err_train_cmm_l1": 0.0, "_wandb": {"runtime": 2}}