{"err_test_cavm": 45.82499694824219, "err_test_cmm": 45.59000015258789, "err_train_cavm": 0.0, "err_train_cmm": 0.0, "_timestamp": 1651586725, "_runtime": 4, "_step": 1, "err_test_cavm_l1": 0.0, "err_test_cmm_l1": 50.27499771118164, "err_train_cavm_l1": 0.0, "err_train_cmm_l1": 0.0, "_wandb": {"runtime": 2}}