{"err_test_cavm_l1": 26.44500160217285, "err_test_cmm_l1": 33.55999755859375, "err_train_cavm_l1": 0.0, "err_train_cmm_l1": 0.0, "_timestamp": 1651004749, "_runtime": 90, "_step": 0, "_wandb": {"runtime": 87}}