{"err_test_cmm": 26.405000686645508, "err_train_cmm": 0.0, "_timestamp": 1653639942, "_runtime": 10, "_step": 1, "err_test_cmm_l1": 3.799999952316284, "err_train_cmm_l1": 0.0, "_wandb": {"runtime": 6}}