{"err_test_cavm": 0.9800000190734863, "err_test_cmm": 2.8999998569488525, "err_train_cavm": 0.0, "err_train_cmm": 1.0000000000000009, "_timestamp": 1649781618, "_runtime": 98, "_step": 1, "err_test_cavm_l1": 46.970001220703125, "err_test_cmm_l1": 1.7999999523162842, "err_train_cavm_l1": 40.0, "err_train_cmm_l1": 0.0, "_wandb": {"runtime": 95}}