{"err_test_cavm": 30.1299991607666, "err_test_cmm": 30.735000610351562, "err_train_cavm": 7.0, "err_train_cmm": 0.0, "_timestamp": 1651586425, "_runtime": 4, "_step": 1, "err_test_cavm_l1": 0.0, "err_test_cmm_l1": 35.98999786376953, "err_train_cavm_l1": 0.0, "err_train_cmm_l1": 0.0, "_wandb": {"runtime": 2}}