{"err_test_cavm": 0.004999999888241291, "err_test_cmm": 0.009999999776482582, "err_train_cavm": 0.0, "err_train_cmm": 0.0, "_timestamp": 1653663173, "_runtime": 6, "_step": 1, "err_test_cavm_l1": 0.11500000208616257, "err_test_cmm_l1": 0.0, "err_train_cavm_l1": 0.0, "err_train_cmm_l1": 0.0, "_wandb": {"runtime": 2}}