{"avg_test_c0": 99.62000274658203, "avg_test_c1": 99.29500579833984, "avg_test_c2": 88.01499938964844, "avg_test_cmm": 4.574999809265137, "_timestamp": 1649322866, "_runtime": 15, "_step": 0, "_wandb": {"runtime": 12}}