{"err_test_cmm": 32.685001373291016, "err_train_cmm": 0.0, "_timestamp": 1653555001, "_runtime": 9, "_step": 1, "err_test_cmm_l1": 8.755000114440918, "err_train_cmm_l1": 0.0, "_wandb": {"runtime": 6}}