{"avg_test_c0": 0.5249999761581421, "avg_test_c1": 0.5249999761581421, "avg_test_c2": 0.5249999761581421, "avg_test_cmm": 0.5249999761581421, "_timestamp": 1649324672, "_runtime": 9, "_step": 0, "_wandb": {"runtime": 3}}