{"err_test_cavm": 39.779998779296875, "err_test_cmm": 39.70000076293945, "err_train_cavm": 0.0, "err_train_cmm": 0.0, "_timestamp": 1649828262, "_runtime": 171, "_step": 1, "err_test_cavm_l1": 3.130000114440918, "err_test_cmm_l1": 7.940000534057617, "err_train_cavm_l1": 0.0, "err_train_cmm_l1": 0.0, "_wandb": {"runtime": 169}}