{"err_test_cavm_l1": 0.75, "err_test_cmm_l1": 10.145000457763672, "err_train_cavm_l1": 0.43103447556495667, "err_train_cmm_l1": 0.0, "_timestamp": 1651851087, "_runtime": 5, "_step": 0, "_wandb": {"runtime": 2}}