{"err_test_cavm_l1": 4.644999980926514, "err_test_cmm_l1": 8.274999618530273, "err_train_cavm_l1": 0.0, "err_train_cmm_l1": 0.0, "_timestamp": 1650963678, "_runtime": 106, "_step": 0, "_wandb": {"runtime": 104}}