{"err_test_cavm": 4.460000038146973, "err_test_cmm": 0.45500001311302185, "err_train_cavm": 3.700000047683716, "err_train_cmm": 0.30000000000000027, "_timestamp": 1651151344, "_runtime": 6, "_step": 1, "err_test_cavm_l1": 35.69499969482422, "err_test_cmm_l1": 0.24500000476837158, "err_train_cavm_l1": 33.89999771118164, "err_train_cmm_l1": 0.0, "_wandb": {"runtime": 2}}