{"err_test_cavm": 46.939998626708984, "err_test_cmm": 46.92499923706055, "err_train_cavm": 0.0, "err_train_cmm": 0.0, "_timestamp": 1651585746, "_runtime": 5, "_step": 1, "err_test_cavm_l1": 0.0, "err_test_cmm_l1": 49.52000045776367, "err_train_cavm_l1": 0.0, "err_train_cmm_l1": 0.0, "_wandb": {"runtime": 3}}