{"err_test_cavm": 42.91499710083008, "err_test_cmm": 43.654998779296875, "err_train_cavm": 0.0, "err_train_cmm": 0.0, "_timestamp": 1651668116, "_runtime": 4, "_step": 1, "err_test_cavm_l1": 49.85499954223633, "err_test_cmm_l1": 47.0099983215332, "err_train_cavm_l1": 0.0, "err_train_cmm_l1": 0.0, "_wandb": {"runtime": 2}}