{"err_test_cavm": 38.17499923706055, "err_test_cmm": 37.70500183105469, "err_train_cavm": 0.0, "err_train_cmm": 0.0, "_timestamp": 1651658887, "_runtime": 5, "_step": 0, "_wandb": {"runtime": 2}}