{"err_test_cmm": 34.22999954223633, "err_train_cmm": 0.0, "_timestamp": 1653526160, "_runtime": 4, "_step": 1, "err_test_cmm_l1": 42.65999984741211, "err_train_cmm_l1": 0.0, "_wandb": {"runtime": 0}}