{"err_test_cavm_l1": 4.275000095367432, "err_test_cmm_l1": 11.180000305175781, "err_train_cavm_l1": 0.0, "err_train_cmm_l1": 0.0, "_timestamp": 1650973749, "_runtime": 70, "_step": 0, "_wandb": {"runtime": 66}}