{"err_test_cavm": 48.345001220703125, "err_test_cmm": 32.165000915527344, "err_train_cavm": 0.0, "err_train_cmm": 0.0, "_timestamp": 1653607762, "_runtime": 6, "_step": 1, "err_test_cavm_l1": 49.36000061035156, "err_test_cmm_l1": 2.009999990463257, "err_train_cavm_l1": 0.0, "err_train_cmm_l1": 0.0, "_wandb": {"runtime": 3}}