{"err_test_cavm": 0.8899999856948853, "err_test_cmm": 0.9700000286102295, "err_train_cavm": 0.0, "err_train_cmm": 2.0000000000000018, "_timestamp": 1649781314, "_runtime": 57, "_step": 0, "_wandb": {"runtime": 65}}