{"err_test_cavm_l1": 49.9900016784668, "err_test_cmm_l1": 29.454999923706055, "err_train_cavm_l1": 47.84946060180664, "err_train_cmm_l1": 16.72991777356104, "_timestamp": 1651035402, "_runtime": 174, "_step": 0, "_wandb": {"runtime": 171}}