{"err_test_cavm": 23.829999923706055, "err_test_cmm": 20.704999923706055, "err_train_cavm": 8.0, "err_train_cmm": 0.0, "_timestamp": 1652880814, "_runtime": 3, "_step": 1, "err_test_cavm_l1": 0.0, "err_test_cmm_l1": 16.90999984741211, "err_train_cavm_l1": 0.0, "err_train_cmm_l1": 0.0, "_wandb": {"runtime": 1}}