{"err_test_cavm_l1": 0.4350000023841858, "err_test_cmm_l1": 0.0, "err_train_cavm_l1": 0.3164556920528412, "err_train_cmm_l1": 0.0, "_timestamp": 1653134140, "_runtime": 7, "_step": 0, "_wandb": {"runtime": 3}}