{"err_test_cavm_l1": 6.335000038146973, "err_test_cmm_l1": 12.864999771118164, "err_train_cavm_l1": 0.0, "err_train_cmm_l1": 0.0, "_timestamp": 1653606852, "_runtime": 5, "_step": 0, "_wandb": {"runtime": 3}}