{"err_test_cmm": 32.06500244140625, "err_train_cmm": 0.0, "_timestamp": 1653574107, "_runtime": 5, "_step": 1, "err_test_cmm_l1": 22.655000686645508, "err_train_cmm_l1": 0.0, "_wandb": {"runtime": 2}}