{"err_test_cavm": 45.80500030517578, "err_test_cmm": 45.78999710083008, "err_train_cavm": 0.0, "err_train_cmm": 0.0, "_timestamp": 1651248424, "_runtime": 7, "_step": 1, "err_test_cavm_l1": 0.0, "err_test_cmm_l1": 7.680000305175781, "err_train_cavm_l1": 0.0, "err_train_cmm_l1": 0.0, "_wandb": {"runtime": 4}}