{"err_test_cmm": 47.459999084472656, "err_train_cmm": 0.0, "_timestamp": 1653524414, "_runtime": 3, "_step": 1, "err_test_cmm_l1": 50.42499923706055, "err_train_cmm_l1": 0.0, "_wandb": {"runtime": 1}}