{"err_test_cavm": 23.239999771118164, "err_test_cmm": 23.459999084472656, "err_train_cavm": 0.0, "err_train_cmm": 0.0, "_timestamp": 1653600791, "_runtime": 6, "_step": 1, "err_test_cavm_l1": 0.44999998807907104, "err_test_cmm_l1": 0.5600000023841858, "err_train_cavm_l1": 0.0, "err_train_cmm_l1": 0.0, "_wandb": {"runtime": 2}}