{"err_test_cavm_l1": 0.9700000286102295, "err_test_cmm_l1": 2.8499999046325684, "err_train_cavm_l1": 0.0, "err_train_cmm_l1": 0.0, "_timestamp": 1650983007, "_runtime": 136, "_step": 0, "_wandb": {"runtime": 135}}