{"err_test_cavm_l1": 15.1850004196167, "err_test_cmm_l1": 20.44499969482422, "err_train_cavm_l1": 0.0, "err_train_cmm_l1": 0.0, "_timestamp": 1650996924, "_runtime": 103, "_step": 0, "_wandb": {"runtime": 100}}