{"err_test_cmm": 14.994999885559082, "err_train_cmm": 0.0, "_timestamp": 1653525726, "_runtime": 9, "_step": 1, "err_test_cmm_l1": 9.765000343322754, "err_train_cmm_l1": 0.0, "_wandb": {"runtime": 7}}