{"err_test_cavm": 29.714998245239258, "err_test_cmm": 29.3700008392334, "err_train_cavm": 0.0, "err_train_cmm": 0.0, "_timestamp": 1653609092, "_runtime": 5, "_step": 1, "err_test_cavm_l1": 12.75, "err_test_cmm_l1": 9.279999732971191, "err_train_cavm_l1": 0.0, "err_train_cmm_l1": 0.0, "_wandb": {"runtime": 2}}