{"err_test_cavm_l1": 33.47999954223633, "err_test_cmm_l1": 35.46000289916992, "err_train_cavm_l1": 0.0, "err_train_cmm_l1": 0.0, "_timestamp": 1651003568, "_runtime": 117, "_step": 0, "_wandb": {"runtime": 114}}