{"err_test_cavm": 44.59000015258789, "err_test_cmm": 44.70000076293945, "err_train_cavm": 0.0, "err_train_cmm": 0.0, "_timestamp": 1649713467, "_runtime": 92, "_step": 0, "_wandb": {"runtime": 149}}