{"err_test_cavm": 42.005001068115234, "err_test_cmm": 41.415000915527344, "err_train_cavm": 0.0, "err_train_cmm": 0.0, "_timestamp": 1652261060, "_runtime": 7, "_step": 1, "err_test_cavm_l1": 0.0, "err_test_cmm_l1": 49.86000061035156, "err_train_cavm_l1": 0.0, "err_train_cmm_l1": 0.0, "_wandb": {"runtime": 3}}