{"err_test_cavm_l1": 22.645000457763672, "err_test_cmm_l1": 30.825000762939453, "err_train_cavm_l1": 0.0, "err_train_cmm_l1": 0.0, "_timestamp": 1650998913, "_runtime": 58, "_step": 0, "_wandb": {"runtime": 56}}