{"err_test_cavm": 45.654998779296875, "err_test_cmm": 45.63999938964844, "err_train_cavm": 0.0, "err_train_cmm": 0.0, "_timestamp": 1651588475, "_runtime": 5, "_step": 1, "err_test_cavm_l1": 0.0, "err_test_cmm_l1": 50.60499954223633, "err_train_cavm_l1": 0.0, "err_train_cmm_l1": 0.0, "_wandb": {"runtime": 3}}