{"err_test_cavm": 36.125, "err_test_cmm": 34.73500061035156, "err_train_cavm": 5.1724138259887695, "err_train_cmm": 0.0, "_timestamp": 1652175843, "_runtime": 18, "_step": 1, "err_test_cavm_l1": 50.52000427246094, "err_test_cmm_l1": 38.10000228881836, "err_train_cavm_l1": 37.931034088134766, "err_train_cmm_l1": 0.0, "_wandb": {"runtime": 3}}