{"err_test_cavm_l1": 4.380000114440918, "err_test_cmm_l1": 10.629999160766602, "err_train_cavm_l1": 0.0, "err_train_cmm_l1": 0.0, "_timestamp": 1651142264, "_runtime": 107, "_step": 0, "_wandb": {"runtime": 103}}