{"err_test_cavm": 41.119998931884766, "err_test_cmm": 40.69499969482422, "err_train_cavm": 0.0, "err_train_cmm": 0.0, "_timestamp": 1649810981, "_runtime": 90, "_step": 1, "err_test_cavm_l1": 18.78499984741211, "err_test_cmm_l1": 26.78999900817871, "err_train_cavm_l1": 0.0, "err_train_cmm_l1": 0.0, "_wandb": {"runtime": 88}}