{"err_test_cavm_l1": 0.6550000309944153, "err_test_cmm_l1": 2.4000000953674316, "err_train_cavm_l1": 0.0, "err_train_cmm_l1": 0.0, "_timestamp": 1650976047, "_runtime": 168, "_step": 0, "_wandb": {"runtime": 166}}