{"err_test_cavm": 36.72999954223633, "err_test_cmm": 36.029998779296875, "err_train_cavm": 0.0, "err_train_cmm": 0.0, "_timestamp": 1652259525, "_runtime": 7, "_step": 1, "err_test_cavm_l1": 0.0, "err_test_cmm_l1": 33.0099983215332, "err_train_cavm_l1": 0.0, "err_train_cmm_l1": 0.0, "_wandb": {"runtime": 3}}