{"err_test_cavm_l1": 3.754999876022339, "err_test_cmm_l1": 7.299999713897705, "err_train_cavm_l1": 0.0, "err_train_cmm_l1": 0.0, "_timestamp": 1650988639, "_runtime": 56, "_step": 0, "_wandb": {"runtime": 53}}