{"err_test_cmm": 41.209999084472656, "err_train_cmm": 0.0, "_timestamp": 1653526835, "_runtime": 3, "_step": 1, "err_test_cmm_l1": 50.41999816894531, "err_train_cmm_l1": 0.0, "_wandb": {"runtime": 1}}