{"err_test_cavm_l1": 48.30500030517578, "err_test_cmm_l1": 29.750001907348633, "err_train_cavm_l1": 47.628082275390625, "err_train_cmm_l1": 16.413662239089188, "_timestamp": 1651033432, "_runtime": 181, "_step": 0, "_wandb": {"runtime": 179}}