{"err_test_cavm": 36.89500045776367, "err_test_cmm": 35.79500198364258, "err_train_cavm": 0.0, "err_train_cmm": 0.0, "_timestamp": 1651249053, "_runtime": 5, "_step": 1, "err_test_cavm_l1": 0.0, "err_test_cmm_l1": 12.020000457763672, "err_train_cavm_l1": 0.0, "err_train_cmm_l1": 0.0, "_wandb": {"runtime": 1}}