{"err_test_cavm_l1": 1.2100000381469727, "err_test_cmm_l1": 3.8350000381469727, "err_train_cavm_l1": 0.0, "err_train_cmm_l1": 0.0, "_timestamp": 1650974492, "_runtime": 108, "_step": 0, "_wandb": {"runtime": 105}}