{"err_test_cavm": 31.71500015258789, "err_test_cmm": 30.77499771118164, "err_train_cavm": 1.0, "err_train_cmm": 0.0, "_timestamp": 1651588042, "_runtime": 3, "_step": 1, "err_test_cavm_l1": 0.0, "err_test_cmm_l1": 29.844999313354492, "err_train_cavm_l1": 0.0, "err_train_cmm_l1": 0.0, "_wandb": {"runtime": 2}}