{"err_test_cavm": 4.960000038146973, "err_test_cmm": 1.2350000143051147, "err_train_cavm": 0.0, "err_train_cmm": 0.0, "_timestamp": 1653602551, "_runtime": 86, "_step": 1, "err_test_cavm_l1": 1.0399999618530273, "err_test_cmm_l1": 0.675000011920929, "err_train_cavm_l1": 0.0, "err_train_cmm_l1": 0.0, "_wandb": {"runtime": 82}}