{"err_test_cmm": 37.43000030517578, "err_train_cmm": 0.0, "_timestamp": 1653572518, "_runtime": 5, "_step": 1, "err_test_cmm_l1": 19.165000915527344, "err_train_cmm_l1": 0.0, "_wandb": {"runtime": 2}}