{"err_test_cavm_l1": 0.9700000286102295, "err_test_cmm_l1": 9.520000457763672, "err_train_cavm_l1": 0.0, "err_train_cmm_l1": 0.0, "_timestamp": 1653132165, "_runtime": 7, "_step": 0, "_wandb": {"runtime": 2}}