{"loss": 65.3838882446289, "train_accuracy": 0.0986328125, "test_accuracy": 0.1, "_timestamp": 1654272043, "_runtime": 166, "_step": 8, "_wandb": {"runtime": 171}}