{"err_test_cavm": 9.049999237060547, "err_test_cmm": 9.829999923706055, "err_train_cavm": 0.0, "err_train_cmm": 0.0, "_timestamp": 1649798852, "_runtime": 145, "_step": 1, "err_test_cavm_l1": 1.1950000524520874, "err_test_cmm_l1": 2.7950000762939453, "err_train_cavm_l1": 0.0, "err_train_cmm_l1": 0.0, "_wandb": {"runtime": 142}}