{"err_test_cmm": 42.95499801635742, "err_train_cmm": 0.0, "_timestamp": 1653555451, "_runtime": 5, "_step": 1, "err_test_cmm_l1": 14.640000343322754, "err_train_cmm_l1": 0.0, "_wandb": {"runtime": 2}}