{"err_test_cavm": 0.4300000071525574, "err_test_cmm": 1.3000000715255737, "err_train_cavm": 0.0, "err_train_cmm": 0.0, "_timestamp": 1653601270, "_runtime": 19, "_step": 1, "err_test_cavm_l1": 0.3199999928474426, "err_test_cmm_l1": 0.375, "err_train_cavm_l1": 0.0, "err_train_cmm_l1": 0.0, "_wandb": {"runtime": 16}}