{"err_test_cavm": 45.20000076293945, "err_test_cmm": 45.51499938964844, "err_train_cavm": 0.0, "err_train_cmm": 0.0, "_timestamp": 1651585337, "_runtime": 4, "_step": 1, "err_test_cavm_l1": 0.0, "err_test_cmm_l1": 50.56999969482422, "err_train_cavm_l1": 0.0, "err_train_cmm_l1": 0.0, "_wandb": {"runtime": 2}}