{"err_test_cavm_l1": 0.9300000071525574, "err_test_cmm_l1": 2.7249999046325684, "err_train_cavm_l1": 0.0, "err_train_cmm_l1": 0.0, "_timestamp": 1650980661, "_runtime": 193, "_step": 0, "_wandb": {"runtime": 189}}