{"err_test_cavm_l1": 26.989999771118164, "err_test_cmm_l1": 36.42499923706055, "err_train_cavm_l1": 0.0, "err_train_cmm_l1": 0.0, "_timestamp": 1651033722, "_runtime": 126, "_step": 0, "_wandb": {"runtime": 123}}