{"err_test_cavm_l1": 6.525000095367432, "err_test_cmm_l1": 27.974998474121094, "err_train_cavm_l1": 0.0, "err_train_cmm_l1": 0.0, "_timestamp": 1652281634, "_runtime": 6, "_step": 0, "_wandb": {"runtime": 2}}