{"err_test_cavm": 33.09000015258789, "err_test_cmm": 34.970001220703125, "err_train_cavm": 9.0, "err_train_cmm": 0.0, "_timestamp": 1651584658, "_runtime": 4, "_step": 1, "err_test_cavm_l1": 0.0, "err_test_cmm_l1": 38.6150016784668, "err_train_cavm_l1": 0.0, "err_train_cmm_l1": 0.0, "_wandb": {"runtime": 2}}