{"err_test_cavm_l1": 41.959999084472656, "err_test_cmm_l1": 0.14000000059604645, "err_train_cavm_l1": 43.0, "err_train_cmm_l1": 0.0, "_timestamp": 1651147906, "_runtime": 49, "_step": 0, "_wandb": {"runtime": 46}}