{"err_test_cavm_l1": 18.029998779296875, "err_test_cmm_l1": 29.409997940063477, "err_train_cavm_l1": 0.0, "err_train_cmm_l1": 0.0, "_timestamp": 1651029069, "_runtime": 103, "_step": 0, "_wandb": {"runtime": 100}}