{"err_test_cavm": 12.925000190734863, "err_test_cmm": 7.40500020980835, "err_train_cavm": 5.0, "err_train_cmm": 0.0, "_timestamp": 1651245556, "_runtime": 4, "_step": 1, "err_test_cavm_l1": 0.0, "err_test_cmm_l1": 4.235000133514404, "err_train_cavm_l1": 0.0, "err_train_cmm_l1": 0.0, "_wandb": {"runtime": 2}}