{"err_test_cavm_l1": 49.80500030517578, "err_test_cmm_l1": 25.104999542236328, "err_train_cavm_l1": 47.533206939697266, "err_train_cmm_l1": 6.451612903225811, "_timestamp": 1651000901, "_runtime": 191, "_step": 0, "_wandb": {"runtime": 189}}