{"err_test_cavm_l1": 49.834999084472656, "err_test_cmm_l1": 51.38999938964844, "err_train_cavm_l1": 10.0, "err_train_cmm_l1": 0.0, "_timestamp": 1651829056, "_runtime": 5, "_step": 0, "_wandb": {"runtime": 2}}