{"err_test_cavm": 29.329999923706055, "err_test_cmm": 26.3700008392334, "err_train_cavm": 7.0, "err_train_cmm": 0.0, "_timestamp": 1651247653, "_runtime": 3, "_step": 1, "err_test_cavm_l1": 0.0, "err_test_cmm_l1": 20.979999542236328, "err_train_cavm_l1": 0.0, "err_train_cmm_l1": 0.0, "_wandb": {"runtime": 2}}