{"err_test_cavm": 13.0600004196167, "err_test_cmm": 8.96500015258789, "err_train_cavm": 6.0, "err_train_cmm": 0.0, "_timestamp": 1651586018, "_runtime": 4, "_step": 1, "err_test_cavm_l1": 0.0, "err_test_cmm_l1": 5.909999847412109, "err_train_cavm_l1": 0.0, "err_train_cmm_l1": 0.0, "_wandb": {"runtime": 2}}