{"err_test_cavm": 22.575000762939453, "err_test_cmm": 18.264999389648438, "err_train_cavm": 10.0, "err_train_cmm": 0.0, "_timestamp": 1651584893, "_runtime": 4, "_step": 1, "err_test_cavm_l1": 0.0, "err_test_cmm_l1": 12.199999809265137, "err_train_cavm_l1": 0.0, "err_train_cmm_l1": 0.0, "_wandb": {"runtime": 2}}