{"err_test_cavm_l1": 20.434999465942383, "err_test_cmm_l1": 28.834999084472656, "err_train_cavm_l1": 0.0, "err_train_cmm_l1": 0.0, "_timestamp": 1651030885, "_runtime": 110, "_step": 0, "_wandb": {"runtime": 107}}