{"err_test_cavm_l1": 4.534999847412109, "err_test_cmm_l1": 8.070000648498535, "err_train_cavm_l1": 0.0, "err_train_cmm_l1": 0.0, "_timestamp": 1650960441, "_runtime": 102, "_step": 0, "_wandb": {"runtime": 99}}