{"err_test_cavm": 43.19499969482422, "err_test_cmm": 43.09000015258789, "err_train_cavm": 0.0, "err_train_cmm": 0.0, "_timestamp": 1651250520, "_runtime": 6, "_step": 1, "err_test_cavm_l1": 0.0, "err_test_cmm_l1": 50.33000183105469, "err_train_cavm_l1": 0.0, "err_train_cmm_l1": 0.0, "_wandb": {"runtime": 2}}