{"err_test_cavm": 40.505001068115234, "err_test_cmm": 40.2599983215332, "err_train_cavm": 0.0, "err_train_cmm": 0.0, "_timestamp": 1651584940, "_runtime": 3, "_step": 1, "err_test_cavm_l1": 0.0, "err_test_cmm_l1": 45.314998626708984, "err_train_cavm_l1": 0.0, "err_train_cmm_l1": 0.0, "_wandb": {"runtime": 2}}