{"err_test_cavm": 14.8100004196167, "err_test_cmm": 15.510000228881836, "err_train_cavm": 0.0, "err_train_cmm": 0.0, "_timestamp": 1649783238, "_runtime": 97, "_step": 1, "err_test_cavm_l1": 3.1050000190734863, "err_test_cmm_l1": 8.555000305175781, "err_train_cavm_l1": 0.0, "err_train_cmm_l1": 0.0, "_wandb": {"runtime": 94}}