{"err_test_cavm_l1": 18.854999542236328, "err_test_cmm_l1": 50.08500289916992, "err_train_cavm_l1": 0.0, "err_train_cmm_l1": 0.0, "_timestamp": 1651035222, "_runtime": 62, "_step": 0, "_wandb": {"runtime": 59}}