{"err_test_cavm": 37.2599983215332, "err_test_cmm": 36.915000915527344, "err_train_cavm": 2.0, "err_train_cmm": 0.0, "_timestamp": 1651585821, "_runtime": 3, "_step": 1, "err_test_cavm_l1": 0.0, "err_test_cmm_l1": 42.099998474121094, "err_train_cavm_l1": 0.0, "err_train_cmm_l1": 0.0, "_wandb": {"runtime": 2}}