{"err_test_cavm": 23.790000915527344, "err_test_cmm": 24.735000610351562, "err_train_cavm": 0.0, "err_train_cmm": 0.0, "_timestamp": 1649847427, "_runtime": 216, "_step": 1, "err_test_cavm_l1": 2.490000009536743, "err_test_cmm_l1": 6.610000133514404, "err_train_cavm_l1": 0.0, "err_train_cmm_l1": 0.0, "_wandb": {"runtime": 213}}