{"err_test_cmm": 40.29999923706055, "err_train_cmm": 0.0, "_timestamp": 1653525927, "_runtime": 4, "_step": 1, "err_test_cmm_l1": 39.79499816894531, "err_train_cmm_l1": 0.0, "_wandb": {"runtime": 1}}