{"err_test_cavm": 47.59000015258789, "err_test_cmm": 47.60499954223633, "err_train_cavm": 0.0, "err_train_cmm": 0.0, "_timestamp": 1649837162, "_runtime": 100, "_step": 1, "err_test_cavm_l1": 49.869998931884766, "err_test_cmm_l1": 50.0, "err_train_cavm_l1": 0.0, "err_train_cmm_l1": 0.0, "_wandb": {"runtime": 97}}