{"err_test_cavm": 36.85499954223633, "err_test_cmm": 36.85499954223633, "err_train_cavm": 1.0, "err_train_cmm": 0.0, "_timestamp": 1651247674, "_runtime": 4, "_step": 1, "err_test_cavm_l1": 0.0, "err_test_cmm_l1": 47.13500213623047, "err_train_cavm_l1": 0.0, "err_train_cmm_l1": 0.0, "_wandb": {"runtime": 2}}