{"err_test_cavm": 1.8899999856948853, "err_test_cmm": 3.015000104904175, "err_train_cavm": 0.0, "err_train_cmm": 3.0000000000000027, "_timestamp": 1649776712, "_runtime": 101, "_step": 1, "err_test_cavm_l1": 1.3899999856948853, "err_test_cmm_l1": 1.3949999809265137, "err_train_cavm_l1": 0.0, "err_train_cmm_l1": 0.0, "_wandb": {"runtime": 98}}