{"err_test_cavm": 40.94499969482422, "err_test_cmm": 40.494998931884766, "err_train_cavm": 0.0, "err_train_cmm": 0.0, "_timestamp": 1651582475, "_runtime": 4, "_step": 1, "err_test_cavm_l1": 0.0, "err_test_cmm_l1": 42.75499725341797, "err_train_cavm_l1": 0.0, "err_train_cmm_l1": 0.0, "_wandb": {"runtime": 1}}