{"err_test_cavm": 34.779998779296875, "err_test_cmm": 33.790000915527344, "err_train_cavm": 3.0, "err_train_cmm": 0.0, "_timestamp": 1651588302, "_runtime": 4, "_step": 1, "err_test_cavm_l1": 0.0, "err_test_cmm_l1": 22.899999618530273, "err_train_cavm_l1": 0.0, "err_train_cmm_l1": 0.0, "_wandb": {"runtime": 2}}