{"err_test_cmm": 52.034996032714844, "err_train_cmm": 100.0, "_timestamp": 1653565112, "_runtime": 6, "_step": 1, "err_test_cmm_l1": 50.255001068115234, "err_train_cmm_l1": 100.0, "_wandb": {"runtime": 2}}