{"err_test_cavm": 43.154998779296875, "err_test_cmm": 43.34000015258789, "err_train_cavm": 0.0, "err_train_cmm": 0.0, "_timestamp": 1649841629, "_runtime": 161, "_step": 1, "err_test_cavm_l1": 34.47999954223633, "err_test_cmm_l1": 36.30999755859375, "err_train_cavm_l1": 0.0, "err_train_cmm_l1": 0.0, "_wandb": {"runtime": 153}}