{"err_test_cavm": 45.154998779296875, "err_test_cmm": 45.41999816894531, "err_train_cavm": 0.0, "err_train_cmm": 0.0, "_timestamp": 1651252403, "_runtime": 7, "_step": 1, "err_test_cavm_l1": 0.0, "err_test_cmm_l1": 49.82999801635742, "err_train_cavm_l1": 0.0, "err_train_cmm_l1": 0.0, "_wandb": {"runtime": 3}}