{"err_test_cmm": 49.30999755859375, "err_train_cmm": 0.0, "_timestamp": 1653571149, "_runtime": 49, "_step": 1, "err_test_cmm_l1": 11.65999984741211, "err_train_cmm_l1": 0.0, "_wandb": {"runtime": 46}}