{"err_test_cavm": 35.95500183105469, "err_test_cmm": 36.32999801635742, "err_train_cavm": 7.142857551574707, "err_train_cmm": 0.0, "_timestamp": 1651667911, "_runtime": 4, "_step": 1, "err_test_cavm_l1": 34.90999984741211, "err_test_cmm_l1": 35.435001373291016, "err_train_cavm_l1": 28.571430206298828, "err_train_cmm_l1": 0.0, "_wandb": {"runtime": 2}}