{"err_test_cmm": 47.87000274658203, "err_train_cmm": 0.0, "_timestamp": 1653521989, "_runtime": 4, "_step": 1, "err_test_cmm_l1": 50.55999755859375, "err_train_cmm_l1": 0.0, "_wandb": {"runtime": 1}}