{"err_test_cavm": 46.64500045776367, "err_test_cmm": 46.779998779296875, "err_train_cavm": 0.0, "err_train_cmm": 0.0, "_timestamp": 1651655296, "_runtime": 6, "_step": 1, "err_test_cavm_l1": 46.64500045776367, "err_test_cmm_l1": 50.1150016784668, "err_train_cavm_l1": 0.0, "err_train_cmm_l1": 0.0, "_wandb": {"runtime": 3}}