{"err_test_cavm": 37.525001525878906, "err_test_cmm": 37.630001068115234, "err_train_cavm": 2.0, "err_train_cmm": 0.0, "_timestamp": 1651252346, "_runtime": 6, "_step": 1, "err_test_cavm_l1": 0.0, "err_test_cmm_l1": 27.645000457763672, "err_train_cavm_l1": 0.0, "err_train_cmm_l1": 0.0, "_wandb": {"runtime": 2}}