{"err_test_cmm": 45.974998474121094, "err_train_cmm": 0.0, "_timestamp": 1653640069, "_runtime": 5, "_step": 1, "err_test_cmm_l1": 17.860000610351562, "err_train_cmm_l1": 0.0, "_wandb": {"runtime": 2}}