{"err_test_cavm": 45.44499969482422, "err_test_cmm": 45.415000915527344, "err_train_cavm": 0.0, "err_train_cmm": 0.0, "_timestamp": 1649758024, "_runtime": 88, "_step": 0, "_wandb": {"runtime": 2117}}