{"err_test_cavm": 37.05500030517578, "err_test_cmm": 37.67000198364258, "err_train_cavm": 0.0, "err_train_cmm": 0.0, "_timestamp": 1652187187, "_runtime": 7, "_step": 1, "err_test_cavm_l1": 0.0, "err_test_cmm_l1": 47.435001373291016, "err_train_cavm_l1": 0.0, "err_train_cmm_l1": 0.0, "_wandb": {"runtime": 3}}