{"err_test_cavm_l1": 4.664999961853027, "err_test_cmm_l1": 27.415000915527344, "err_train_cavm_l1": 1.0, "err_train_cmm_l1": 0.0, "_timestamp": 1651667508, "_runtime": 4, "_step": 0, "_wandb": {"runtime": 2}}