{"err_test_cavm": 26.66499900817871, "err_test_cmm": 25.290000915527344, "err_train_cavm": 9.0, "err_train_cmm": 0.0, "_timestamp": 1651248298, "_runtime": 5, "_step": 1, "err_test_cavm_l1": 0.0, "err_test_cmm_l1": 8.550000190734863, "err_train_cavm_l1": 0.0, "err_train_cmm_l1": 0.0, "_wandb": {"runtime": 2}}