{"err_test_cavm_l1": 1.8300000429153442, "err_test_cmm_l1": 11.399999618530273, "err_train_cavm_l1": 0.0, "err_train_cmm_l1": 0.0, "_timestamp": 1653607220, "_runtime": 7, "_step": 0, "_wandb": {"runtime": 3}}