{"err_test_cavm_l1": 41.540000915527344, "err_test_cmm_l1": 36.30500030517578, "err_train_cavm_l1": 25.0, "err_train_cmm_l1": 0.0, "_timestamp": 1651667169, "_runtime": 4, "_step": 0, "_wandb": {"runtime": 2}}