{"err_test_cavm": 43.20499801635742, "err_test_cmm": 42.5099983215332, "err_train_cavm": 0.0, "err_train_cmm": 0.0, "_timestamp": 1652262056, "_runtime": 10, "_step": 1, "err_test_cavm_l1": 0.0, "err_test_cmm_l1": 43.084999084472656, "err_train_cavm_l1": 0.0, "err_train_cmm_l1": 0.0, "_wandb": {"runtime": 5}}