{"err_test_cmm": 47.400001525878906, "err_train_cmm": 0.0, "_timestamp": 1653585304, "_runtime": 8, "_step": 1, "err_test_cmm_l1": 32.02000045776367, "err_train_cmm_l1": 0.0, "_wandb": {"runtime": 3}}