{"err_test_cmm": 49.60499954223633, "err_train_cmm": 0.0, "_timestamp": 1653573288, "_runtime": 53, "_step": 1, "err_test_cmm_l1": 16.30500030517578, "err_train_cmm_l1": 0.0, "_wandb": {"runtime": 50}}