{"err_test_cavm": 37.279998779296875, "err_test_cmm": 38.810001373291016, "err_train_cavm": 0.0, "err_train_cmm": 0.0, "_timestamp": 1651657897, "_runtime": 8, "_step": 0, "_wandb": {"runtime": 3}}