{"err_test_cavm_l1": 51.165000915527344, "err_test_cmm_l1": 50.70499801635742, "err_train_cavm_l1": 0.0, "err_train_cmm_l1": 0.0, "_timestamp": 1653598955, "_runtime": 5, "_step": 0, "_wandb": {"runtime": 2}}