{"err_test_cavm": 42.51499938964844, "err_test_cmm": 42.18000030517578, "err_train_cavm": 0.0, "err_train_cmm": 0.0, "_timestamp": 1651249511, "_runtime": 6, "_step": 1, "err_test_cavm_l1": 0.0, "err_test_cmm_l1": 13.119999885559082, "err_train_cavm_l1": 0.0, "err_train_cmm_l1": 0.0, "_wandb": {"runtime": 3}}