{"err_test_cavm": 42.10499954223633, "err_test_cmm": 41.37000274658203, "err_train_cavm": 0.0, "err_train_cmm": 0.0, "_timestamp": 1651586829, "_runtime": 4, "_step": 1, "err_test_cavm_l1": 0.0, "err_test_cmm_l1": 36.55500030517578, "err_train_cavm_l1": 0.0, "err_train_cmm_l1": 0.0, "_wandb": {"runtime": 2}}