{"err_test_cavm_l1": 50.37000274658203, "err_test_cmm_l1": 49.59000015258789, "err_train_cavm_l1": 0.0, "err_train_cmm_l1": 0.0, "_timestamp": 1652283277, "_runtime": 8, "_step": 0, "_wandb": {"runtime": 3}}