{"err_test_cavm_l1": 19.82499885559082, "err_test_cmm_l1": 37.3849983215332, "err_train_cavm_l1": 0.0, "err_train_cmm_l1": 0.0, "_timestamp": 1651030082, "_runtime": 74, "_step": 0, "_wandb": {"runtime": 72}}