{"err_test_cmm": 47.650001525878906, "err_train_cmm": 0.0, "_timestamp": 1653566203, "_runtime": 6, "_step": 1, "err_test_cmm_l1": 49.314998626708984, "err_train_cmm_l1": 0.0, "_wandb": {"runtime": 2}}