{"err_test_cavm_l1": 0.8100000023841858, "err_test_cmm_l1": 6.255000114440918, "err_train_cavm_l1": 0.0, "err_train_cmm_l1": 0.0, "_timestamp": 1653607063, "_runtime": 9, "_step": 0, "_wandb": {"runtime": 7}}