{"err_test_cavm_l1": 3.754999876022339, "err_test_cmm_l1": 9.22499942779541, "err_train_cavm_l1": 0.0, "err_train_cmm_l1": 0.0, "_timestamp": 1650964411, "_runtime": 95, "_step": 0, "_wandb": {"runtime": 93}}