{"err_test_cavm_l1": 31.59000015258789, "err_test_cmm_l1": 38.49500274658203, "err_train_cavm_l1": 0.0, "err_train_cmm_l1": 0.0, "_timestamp": 1651003205, "_runtime": 61, "_step": 0, "_wandb": {"runtime": 55}}