{"err_test_cavm_l1": 3.8600001335144043, "err_test_cmm_l1": 9.59000015258789, "err_train_cavm_l1": 0.0, "err_train_cmm_l1": 0.0, "_timestamp": 1650966341, "_runtime": 52, "_step": 0, "_wandb": {"runtime": 50}}