{"err_test_cavm": 26.194997787475586, "err_test_cmm": 22.614999771118164, "err_train_cavm": 10.0, "err_train_cmm": 0.0, "_timestamp": 1651583739, "_runtime": 4, "_step": 1, "err_test_cavm_l1": 0.0, "err_test_cmm_l1": 21.05500030517578, "err_train_cavm_l1": 0.0, "err_train_cmm_l1": 0.0, "_wandb": {"runtime": 2}}