{"err_test_cmm": 51.93499755859375, "err_train_cmm": 100.0, "_timestamp": 1653565259, "_runtime": 5, "_step": 1, "err_test_cmm_l1": 50.43000030517578, "err_train_cmm_l1": 100.0, "_wandb": {"runtime": 2}}