{"err_test_cavm_l1": 13.039999961853027, "err_test_cmm_l1": 20.155000686645508, "err_train_cavm_l1": 0.0, "err_train_cmm_l1": 0.0, "_timestamp": 1650994967, "_runtime": 89, "_step": 0, "_wandb": {"runtime": 88}}