{"err_test_cavm_l1": 23.81999969482422, "err_test_cmm_l1": 24.950000762939453, "err_train_cavm_l1": 0.0, "err_train_cmm_l1": 0.0, "_timestamp": 1650994420, "_runtime": 186, "_step": 0, "_wandb": {"runtime": 183}}