{"err_test_cavm": 11.654999732971191, "err_test_cmm": 10.63499927520752, "err_train_cavm": 1.0, "err_train_cmm": 3.0000000000000027, "_timestamp": 1649779020, "_runtime": 103, "_step": 1, "err_test_cavm_l1": 2.509999990463257, "err_test_cmm_l1": 2.679999828338623, "err_train_cavm_l1": 0.0, "err_train_cmm_l1": 0.0, "_wandb": {"runtime": 100}}