{"err_test_cavm_l1": 23.780000686645508, "err_test_cmm_l1": 27.579998016357422, "err_train_cavm_l1": 0.0, "err_train_cmm_l1": 0.0, "_timestamp": 1653607113, "_runtime": 5, "_step": 0, "_wandb": {"runtime": 2}}