{"err_test_c0": 0.26499998569488525, "err_test_c1": 16.08500099182129, "err_test_c2": 33.154998779296875, "err_test_cmm": 1.6399999856948853, "err_train_c0": 3.0, "err_train_c1": 13.0, "err_train_c2": 25.0, "err_train_cmm": 4.0000000000000036, "_timestamp": 1649333334, "_runtime": 120, "_step": 1, "err_test_c0_l1": 0.2150000035762787, "err_test_c1_l1": 0.25999999046325684, "err_test_c2_l1": 33.23999786376953, "err_test_cmm_l1": 0.5799999833106995, "err_train_c0_l1": 3.0, "err_train_c1_l1": 3.0, "err_train_c2_l1": 25.0, "err_train_cmm_l1": 3.0000000000000027, "_wandb": {"runtime": 117}}