{"err_test_cavm": 33.974998474121094, "err_test_cmm": 32.63999938964844, "err_train_cavm": 3.5714287757873535, "err_train_cmm": 0.0, "_timestamp": 1651668002, "_runtime": 4, "_step": 1, "err_test_cavm_l1": 35.33500289916992, "err_test_cmm_l1": 45.644996643066406, "err_train_cavm_l1": 25.0, "err_train_cmm_l1": 0.0, "_wandb": {"runtime": 2}}