{"err_test_cavm": 38.21500015258789, "err_test_cmm": 37.68000030517578, "err_train_cavm": 0.0, "err_train_cmm": 0.0, "_timestamp": 1652260053, "_runtime": 6, "_step": 1, "err_test_cavm_l1": 0.0, "err_test_cmm_l1": 45.96500015258789, "err_train_cavm_l1": 0.0, "err_train_cmm_l1": 0.0, "_wandb": {"runtime": 2}}