{"err_test_cmm": 45.84499740600586, "err_train_cmm": 0.0, "_timestamp": 1653585004, "_runtime": 6, "_step": 1, "err_test_cmm_l1": 25.505001068115234, "err_train_cmm_l1": 0.0, "_wandb": {"runtime": 3}}