{"err_test_cmm": 43.07999801635742, "err_train_cmm": 0.0, "_timestamp": 1653525788, "_runtime": 3, "_step": 1, "err_test_cmm_l1": 45.79999923706055, "err_train_cmm_l1": 0.0, "_wandb": {"runtime": 1}}