{"err_test_cavm_l1": 43.42499923706055, "err_test_cmm_l1": 43.154998779296875, "err_train_cavm_l1": 0.0, "err_train_cmm_l1": 0.0, "_timestamp": 1650993348, "_runtime": 60, "_step": 0, "_wandb": {"runtime": 53}}