{"err_test_cavm": 42.29499816894531, "err_test_cmm": 42.32500076293945, "err_train_cavm": 0.0, "err_train_cmm": 0.0, "_timestamp": 1651250909, "_runtime": 6, "_step": 1, "err_test_cavm_l1": 0.0, "err_test_cmm_l1": 50.70000457763672, "err_train_cavm_l1": 0.0, "err_train_cmm_l1": 0.0, "_wandb": {"runtime": 2}}