{"err_test_cavm": 47.23500061035156, "err_test_cmm": 47.07500076293945, "err_train_cavm": 0.0, "err_train_cmm": 0.0, "_timestamp": 1651584345, "_runtime": 7, "_step": 1, "err_test_cavm_l1": 0.0, "err_test_cmm_l1": 49.970001220703125, "err_train_cavm_l1": 0.0, "err_train_cmm_l1": 0.0, "_wandb": {"runtime": 5}}