{"err_test_cavm_l1": 21.209999084472656, "err_test_cmm_l1": 23.09000015258789, "err_train_cavm_l1": 0.0, "err_train_cmm_l1": 0.0, "_timestamp": 1653607244, "_runtime": 5, "_step": 0, "_wandb": {"runtime": 3}}