{"err_test_cavm": 48.18000030517578, "err_test_cmm": 48.17500305175781, "err_train_cavm": 0.0, "err_train_cmm": 0.0, "_timestamp": 1649780281, "_runtime": 271, "_step": 1, "err_test_cavm_l1": 5.110000133514404, "err_test_cmm_l1": 9.480000495910645, "err_train_cavm_l1": 0.0, "err_train_cmm_l1": 0.0, "_wandb": {"runtime": 269}}