{"err_test_cavm_l1": 49.709999084472656, "err_test_cmm_l1": 49.380001068115234, "err_train_cavm_l1": 0.0, "err_train_cmm_l1": 0.0, "_timestamp": 1653607149, "_runtime": 5, "_step": 0, "_wandb": {"runtime": 2}}