{"err_test_cavm": 24.2549991607666, "err_test_cmm": 24.59000015258789, "err_train_cavm": 0.0, "err_train_cmm": 0.0, "_timestamp": 1649808924, "_runtime": 96, "_step": 1, "err_test_cavm_l1": 3.25, "err_test_cmm_l1": 7.299999713897705, "err_train_cavm_l1": 0.0, "err_train_cmm_l1": 0.0, "_wandb": {"runtime": 94}}