{"err_test_cavm": 1.3600000143051147, "err_test_cmm": 2.2799999713897705, "err_train_cavm": 0.0, "err_train_cmm": 0.0, "_timestamp": 1653601593, "_runtime": 8, "_step": 1, "err_test_cavm_l1": 0.5600000023841858, "err_test_cmm_l1": 0.6550000309944153, "err_train_cavm_l1": 0.0, "err_train_cmm_l1": 0.0, "_wandb": {"runtime": 5}}