{"err_test_cavm_l1": 32.869998931884766, "err_test_cmm_l1": 49.630001068115234, "err_train_cavm_l1": 7.0, "err_train_cmm_l1": 0.0, "_timestamp": 1652273859, "_runtime": 92, "_step": 0, "_wandb": {"runtime": 87}}