{"err_test_cavm_l1": 19.170000076293945, "err_test_cmm_l1": 48.165000915527344, "err_train_cavm_l1": 0.0, "err_train_cmm_l1": 0.0, "_timestamp": 1652280302, "_runtime": 15, "_step": 0, "_wandb": {"runtime": 10}}