{"err_test_cavm": 18.314998626708984, "err_test_cmm": 15.639999389648438, "err_train_cavm": 6.0, "err_train_cmm": 0.0, "_timestamp": 1651251356, "_runtime": 4, "_step": 1, "err_test_cavm_l1": 0.0, "err_test_cmm_l1": 10.835000038146973, "err_train_cavm_l1": 0.0, "err_train_cmm_l1": 0.0, "_wandb": {"runtime": 1}}