{"err_test_cmm": 38.845001220703125, "err_train_cmm": 0.0, "_timestamp": 1653573720, "_runtime": 5, "_step": 1, "err_test_cmm_l1": 18.35999870300293, "err_train_cmm_l1": 0.0, "_wandb": {"runtime": 2}}