{"err_test_cavm_l1": 25.369998931884766, "err_test_cmm_l1": 32.44499969482422, "err_train_cavm_l1": 0.0, "err_train_cmm_l1": 0.0, "_timestamp": 1651033969, "_runtime": 109, "_step": 0, "_wandb": {"runtime": 106}}