{"err_test_cavm_l1": 2.9650001525878906, "err_test_cmm_l1": 8.005000114440918, "err_train_cavm_l1": 0.0, "err_train_cmm_l1": 0.0, "_timestamp": 1650967423, "_runtime": 94, "_step": 0, "_wandb": {"runtime": 91}}