{"err_test_cmm": 33.32999801635742, "err_train_cmm": 0.0, "_timestamp": 1653524351, "_runtime": 3, "_step": 1, "err_test_cmm_l1": 38.029998779296875, "err_train_cmm_l1": 0.0, "_wandb": {"runtime": 1}}