{"err_test_cavm_l1": 0.39499998092651367, "err_test_cmm_l1": 1.3849999904632568, "err_train_cavm_l1": 0.0, "err_train_cmm_l1": 0.0, "_timestamp": 1650901982, "_runtime": 2874, "_step": 0, "_wandb": {"runtime": 2871}}