{"err_test_cavm": 16.395000457763672, "err_test_cmm": 8.5649995803833, "err_train_cavm": 11.0, "err_train_cmm": 0.0, "_timestamp": 1651251495, "_runtime": 4, "_step": 1, "err_test_cavm_l1": 0.0, "err_test_cmm_l1": 3.5399999618530273, "err_train_cavm_l1": 0.0, "err_train_cmm_l1": 0.0, "_wandb": {"runtime": 2}}