{"err_test_cavm_l1": 1.6299999952316284, "err_test_cmm_l1": 9.460000038146973, "err_train_cavm_l1": 0.21551723778247833, "err_train_cmm_l1": 0.0, "_timestamp": 1651828987, "_runtime": 5, "_step": 0, "_wandb": {"runtime": 3}}