{"err_test_cavm": 30.794998168945312, "err_test_cmm": 32.3900032043457, "err_train_cavm": 0.0, "err_train_cmm": 0.0, "_timestamp": 1649845391, "_runtime": 212, "_step": 1, "err_test_cavm_l1": 3.4149999618530273, "err_test_cmm_l1": 7.349999904632568, "err_train_cavm_l1": 0.0, "err_train_cmm_l1": 0.0, "_wandb": {"runtime": 210}}