{"err_test_cavm": 1.274999976158142, "err_test_cmm": 0.0, "err_train_cavm": 0.0, "err_train_cmm": 0.0, "_timestamp": 1652884348, "_runtime": 6, "_step": 1, "err_test_cavm_l1": 49.790000915527344, "err_test_cmm_l1": 49.630001068115234, "err_train_cavm_l1": 48.0, "err_train_cmm_l1": 0.0, "_wandb": {"runtime": 3}}