{"err_test_cavm": 0.30000001192092896, "err_test_cmm": 0.0, "err_train_cavm": 0.0, "err_train_cmm": 0.0, "_timestamp": 1653053749, "_runtime": 12, "_step": 1, "err_test_cavm_l1": 0.23000000417232513, "err_test_cmm_l1": 0.004999999888241291, "err_train_cavm_l1": 0.0, "err_train_cmm_l1": 0.0, "_wandb": {"runtime": 2}}