{"err_test_cmm": 41.10000228881836, "err_train_cmm": 0.0, "_timestamp": 1653567645, "_runtime": 7, "_step": 1, "err_test_cmm_l1": 8.690000534057617, "err_train_cmm_l1": 0.0, "_wandb": {"runtime": 3}}