{"err_test_cavm_l1": 1.565000057220459, "err_test_cmm_l1": 16.94499969482422, "err_train_cavm_l1": 0.0, "err_train_cmm_l1": 0.0, "_timestamp": 1652281284, "_runtime": 7, "_step": 0, "_wandb": {"runtime": 2}}