{"err_test_cavm_l1": 26.55499839782715, "err_test_cmm_l1": 31.790000915527344, "err_train_cavm_l1": 0.0, "err_train_cmm_l1": 0.0, "_timestamp": 1652283254, "_runtime": 7, "_step": 0, "_wandb": {"runtime": 3}}