{"err_test_cavm": 25.279998779296875, "err_test_cmm": 25.650001525878906, "err_train_cavm": 0.0, "err_train_cmm": 0.0, "_timestamp": 1653609404, "_runtime": 5, "_step": 1, "err_test_cavm_l1": 7.490000247955322, "err_test_cmm_l1": 4.090000152587891, "err_train_cavm_l1": 0.0, "err_train_cmm_l1": 0.0, "_wandb": {"runtime": 2}}