{"err_test_cavm": 14.385000228881836, "err_test_cmm": 7.859999656677246, "err_train_cavm": 9.0, "err_train_cmm": 0.0, "_timestamp": 1651583714, "_runtime": 3, "_step": 1, "err_test_cavm_l1": 0.0, "err_test_cmm_l1": 5.324999809265137, "err_train_cavm_l1": 0.0, "err_train_cmm_l1": 0.0, "_wandb": {"runtime": 2}}