{"err_test_cavm": 7.930000305175781, "err_test_cmm": 8.845000267028809, "err_train_cavm": 0.0, "err_train_cmm": 0.0, "_timestamp": 1649846888, "_runtime": 556, "_step": 1, "err_test_cavm_l1": 0.9600000381469727, "err_test_cmm_l1": 3.7700002193450928, "err_train_cavm_l1": 0.0, "err_train_cmm_l1": 0.0, "_wandb": {"runtime": 553}}