{"err_test_cavm": 24.5049991607666, "err_test_cmm": 24.78499984741211, "err_train_cavm": 4.0, "err_train_cmm": 0.0, "_timestamp": 1651588669, "_runtime": 5, "_step": 1, "err_test_cavm_l1": 0.0, "err_test_cmm_l1": 26.315000534057617, "err_train_cavm_l1": 0.0, "err_train_cmm_l1": 0.0, "_wandb": {"runtime": 2}}