{"err_test_cavm": 21.7549991607666, "err_test_cmm": 16.110000610351562, "err_train_cavm": 7.0, "err_train_cmm": 0.0, "_timestamp": 1651249011, "_runtime": 5, "_step": 1, "err_test_cavm_l1": 0.0, "err_test_cmm_l1": 6.730000019073486, "err_train_cavm_l1": 0.0, "err_train_cmm_l1": 0.0, "_wandb": {"runtime": 2}}