{"err_test_cavm": 47.40999984741211, "err_test_cmm": 47.44000244140625, "err_train_cavm": 0.0, "err_train_cmm": 0.0, "_timestamp": 1649787157, "_runtime": 246, "_step": 1, "err_test_cavm_l1": 4.369999885559082, "err_test_cmm_l1": 8.890000343322754, "err_train_cavm_l1": 0.0, "err_train_cmm_l1": 0.0, "_wandb": {"runtime": 244}}