{"err_test_cmm": 40.7400016784668, "err_train_cmm": 0.0, "_timestamp": 1653554892, "_runtime": 6, "_step": 1, "err_test_cmm_l1": 9.809999465942383, "err_train_cmm_l1": 0.0, "_wandb": {"runtime": 2}}