{"err_test_cavm_l1": 1.3000000715255737, "err_test_cmm_l1": 3.4549999237060547, "err_train_cavm_l1": 0.0, "err_train_cmm_l1": 0.0, "_timestamp": 1650984053, "_runtime": 102, "_step": 0, "_wandb": {"runtime": 101}}