{"err_test_cavm": 42.30999755859375, "err_test_cmm": 0.0, "err_train_cavm": 41.0, "err_train_cmm": 0.0, "_timestamp": 1652884371, "_runtime": 3, "_step": 1, "err_test_cavm_l1": 49.43499755859375, "err_test_cmm_l1": 18.229999542236328, "err_train_cavm_l1": 48.0, "err_train_cmm_l1": 0.0, "_wandb": {"runtime": 1}}