{"err_test_c0": 15.899999618530273, "err_test_c1": 7.885000228881836, "err_test_c2": 7.039999961853027, "err_test_cmm": 12.925000190734863, "err_train_c0": 0.0, "err_train_c1": 0.0, "err_train_c2": 0.0, "err_train_cmm": 0.0, "_timestamp": 1649343573, "_runtime": 8, "_step": 0, "_wandb": {"runtime": 515}}