{"err_test_cavm": 25.314998626708984, "err_test_cmm": 21.579999923706055, "err_train_cavm": 9.0, "err_train_cmm": 0.0, "_timestamp": 1651151184, "_runtime": 4, "_step": 1, "err_test_cavm_l1": 35.62000274658203, "err_test_cmm_l1": 12.15999984741211, "err_train_cavm_l1": 34.0, "err_train_cmm_l1": 0.0, "_wandb": {"runtime": 2}}