{"err_test_cavm": 32.88999938964844, "err_test_cmm": 32.48500061035156, "err_train_cavm": 3.0, "err_train_cmm": 0.0, "_timestamp": 1651248334, "_runtime": 7, "_step": 1, "err_test_cavm_l1": 0.0, "err_test_cmm_l1": 10.204999923706055, "err_train_cavm_l1": 0.0, "err_train_cmm_l1": 0.0, "_wandb": {"runtime": 2}}