{"err_test_cavm_l1": 11.9350004196167, "err_test_cmm_l1": 34.72999954223633, "err_train_cavm_l1": 0.0, "err_train_cmm_l1": 0.0, "_timestamp": 1651021025, "_runtime": 67, "_step": 0, "_wandb": {"runtime": 64}}