{"err_test_cavm_l1": 3.9149999618530273, "err_test_cmm_l1": 8.680000305175781, "err_train_cavm_l1": 0.0, "err_train_cmm_l1": 0.0, "_timestamp": 1650990648, "_runtime": 92, "_step": 0, "_wandb": {"runtime": 90}}