{"err_test_cavm": 46.25, "err_test_cmm": 46.154998779296875, "err_train_cavm": 0.0, "err_train_cmm": 0.0, "_timestamp": 1649843861, "_runtime": 107, "_step": 1, "err_test_cavm_l1": 45.19000244140625, "err_test_cmm_l1": 41.73500061035156, "err_train_cavm_l1": 0.0, "err_train_cmm_l1": 0.0, "_wandb": {"runtime": 105}}