{"err_test_cavm": 28.799999237060547, "err_test_cmm": 26.67500114440918, "err_train_cavm": 4.0, "err_train_cmm": 0.0, "_timestamp": 1652261223, "_runtime": 10, "_step": 1, "err_test_cavm_l1": 0.0, "err_test_cmm_l1": 21.149999618530273, "err_train_cavm_l1": 0.0, "err_train_cmm_l1": 0.0, "_wandb": {"runtime": 3}}