{"err_test_cavm_l1": 4.149999618530273, "err_test_cmm_l1": 9.09999942779541, "err_train_cavm_l1": 0.0, "err_train_cmm_l1": 0.0, "_timestamp": 1650959131, "_runtime": 106, "_step": 0, "_wandb": {"runtime": 104}}