{"err_test_cavm_l1": 49.78499984741211, "err_test_cmm_l1": 40.06999969482422, "err_train_cavm_l1": 0.0, "err_train_cmm_l1": 0.0, "_timestamp": 1653607256, "_runtime": 5, "_step": 0, "_wandb": {"runtime": 5}}