{"err_test_cavm": 31.165000915527344, "err_test_cmm": 2.4700000286102295, "err_train_cavm": 0.0, "err_train_cmm": 0.0, "_timestamp": 1653608384, "_runtime": 7, "_step": 1, "err_test_cavm_l1": 4.634999752044678, "err_test_cmm_l1": 0.5950000286102295, "err_train_cavm_l1": 0.0, "err_train_cmm_l1": 0.0, "_wandb": {"runtime": 5}}