{"err_test_cavm_l1": 0.8199999928474426, "err_test_cmm_l1": 2.944999933242798, "err_train_cavm_l1": 0.0, "err_train_cmm_l1": 0.0, "_timestamp": 1650973213, "_runtime": 126, "_step": 0, "_wandb": {"runtime": 123}}