{"err_test_cavm": 0.019999999552965164, "err_test_cmm": 0.0, "err_train_cavm": 0.0, "err_train_cmm": 0.0, "_timestamp": 1653054517, "_runtime": 9, "_step": 1, "err_test_cavm_l1": 0.015000000596046448, "err_test_cmm_l1": 19.325000762939453, "err_train_cavm_l1": 0.0, "err_train_cmm_l1": 0.0, "_wandb": {"runtime": 3}}