{"err_test_cavm_l1": 12.920000076293945, "err_test_cmm_l1": 39.30999755859375, "err_train_cavm_l1": 0.0, "err_train_cmm_l1": 0.0, "_timestamp": 1652283045, "_runtime": 6, "_step": 0, "_wandb": {"runtime": 2}}