{"err_test_cavm_l1": 29.55499839782715, "err_test_cmm_l1": 34.01499938964844, "err_train_cavm_l1": 0.0, "err_train_cmm_l1": 0.0, "_timestamp": 1651001982, "_runtime": 105, "_step": 0, "_wandb": {"runtime": 103}}