{"err_test_cavm": 47.95000076293945, "err_test_cmm": 47.85499954223633, "err_train_cavm": 0.0, "err_train_cmm": 0.0, "_timestamp": 1651585761, "_runtime": 7, "_step": 1, "err_test_cavm_l1": 0.0, "err_test_cmm_l1": 49.70000076293945, "err_train_cavm_l1": 0.0, "err_train_cmm_l1": 0.0, "_wandb": {"runtime": 4}}