{"err_test_cavm": 20.7450008392334, "err_test_cmm": 11.47499942779541, "err_train_cavm": 15.000000953674316, "err_train_cmm": 0.0, "_timestamp": 1652260933, "_runtime": 6, "_step": 1, "err_test_cavm_l1": 0.0, "err_test_cmm_l1": 7.734999656677246, "err_train_cavm_l1": 0.0, "err_train_cmm_l1": 0.0, "_wandb": {"runtime": 3}}