{"err_test_cavm": 1.3899999856948853, "err_test_cmm": 2.9100000858306885, "err_train_cavm": 0.0, "err_train_cmm": 0.0, "_timestamp": 1653609227, "_runtime": 8, "_step": 1, "err_test_cavm_l1": 0.4950000047683716, "err_test_cmm_l1": 0.8650000095367432, "err_train_cavm_l1": 0.0, "err_train_cmm_l1": 0.0, "_wandb": {"runtime": 5}}