{"err_test_cavm": 14.364999771118164, "err_test_cmm": 1.3450000286102295, "err_train_cavm": 0.0, "err_train_cmm": 0.0, "_timestamp": 1653603069, "_runtime": 21, "_step": 1, "err_test_cavm_l1": 1.4550000429153442, "err_test_cmm_l1": 0.574999988079071, "err_train_cavm_l1": 0.0, "err_train_cmm_l1": 0.0, "_wandb": {"runtime": 19}}