{"err_test_cavm_l1": 22.90999984741211, "err_test_cmm_l1": 24.44999885559082, "err_train_cavm_l1": 0.0, "err_train_cmm_l1": 0.0, "_timestamp": 1651023229, "_runtime": 199, "_step": 0, "_wandb": {"runtime": 196}}