{"err_test_cavm": 0.16499999165534973, "err_test_cmm": 0.3700000047683716, "err_train_cavm": 0.0, "err_train_cmm": 0.0, "_timestamp": 1653662113, "_runtime": 91, "_step": 1, "err_test_cavm_l1": 0.17500001192092896, "err_test_cmm_l1": 0.2150000035762787, "err_train_cavm_l1": 0.0, "err_train_cmm_l1": 0.0, "_wandb": {"runtime": 87}}