{"err_test_cavm": 47.93000030517578, "err_test_cmm": 47.8650016784668, "err_train_cavm": 0.0, "err_train_cmm": 0.0, "_timestamp": 1651584604, "_runtime": 7, "_step": 1, "err_test_cavm_l1": 0.0, "err_test_cmm_l1": 49.494998931884766, "err_train_cavm_l1": 0.0, "err_train_cmm_l1": 0.0, "_wandb": {"runtime": 6}}