{"err_test_cavm_l1": 1.2400000095367432, "err_test_cmm_l1": 12.739999771118164, "err_train_cavm_l1": 0.0, "err_train_cmm_l1": 0.0, "_timestamp": 1653128488, "_runtime": 3, "_step": 0, "_wandb": {"runtime": 1}}