{"err_test_cavm": 30.889999389648438, "err_test_cmm": 32.06500244140625, "err_train_cavm": 0.0, "err_train_cmm": 0.0, "_timestamp": 1649807269, "_runtime": 97, "_step": 1, "err_test_cavm_l1": 2.950000047683716, "err_test_cmm_l1": 5.849999904632568, "err_train_cavm_l1": 0.0, "err_train_cmm_l1": 0.0, "_wandb": {"runtime": 94}}