{"err_test_cavm": 47.95500183105469, "err_test_cmm": 3.940000057220459, "err_train_cavm": 36.0, "err_train_cmm": 0.0, "_timestamp": 1650876597, "_runtime": 75, "_step": 1, "err_test_cavm_l1": 48.17000198364258, "err_test_cmm_l1": 2.8499999046325684, "err_train_cavm_l1": 36.0, "err_train_cmm_l1": 0.0, "_wandb": {"runtime": 73}}