{"err_test_cavm": 45.20500183105469, "err_test_cmm": 45.279998779296875, "err_train_cavm": 0.0, "err_train_cmm": 0.0, "_timestamp": 1649789772, "_runtime": 162, "_step": 1, "err_test_cavm_l1": 4.569999694824219, "err_test_cmm_l1": 9.53499984741211, "err_train_cavm_l1": 0.0, "err_train_cmm_l1": 0.0, "_wandb": {"runtime": 159}}