{"err_test_cmm": 4.720000267028809, "err_train_cmm": 0.0, "_timestamp": 1653523887, "_runtime": 218, "_step": 1, "err_test_cmm_l1": 2.254999876022339, "err_train_cmm_l1": 0.0, "_wandb": {"runtime": 215}}