{"err_test_cavm": 21.905000686645508, "err_test_cmm": 17.78499984741211, "err_train_cavm": 13.0, "err_train_cmm": 0.0, "_timestamp": 1651584371, "_runtime": 6, "_step": 1, "err_test_cavm_l1": 0.0, "err_test_cmm_l1": 9.114999771118164, "err_train_cavm_l1": 0.0, "err_train_cmm_l1": 0.0, "_wandb": {"runtime": 2}}