{"err_test_cmm": 37.85499954223633, "err_train_cmm": 0.0, "_timestamp": 1653527044, "_runtime": 4, "_step": 1, "err_test_cmm_l1": 48.38500213623047, "err_train_cmm_l1": 0.0, "_wandb": {"runtime": 1}}