{"err_test_cavm_l1": 26.66499900817871, "err_test_cmm_l1": 32.25, "err_train_cavm_l1": 8.69565200805664, "err_train_cmm_l1": 0.0, "_timestamp": 1651830387, "_runtime": 6, "_step": 0, "_wandb": {"runtime": 2}}