{"err_test_cavm": 47.369998931884766, "err_test_cmm": 47.17499923706055, "err_train_cavm": 0.0, "err_train_cmm": 0.0, "_timestamp": 1651248469, "_runtime": 18, "_step": 1, "err_test_cavm_l1": 0.0, "err_test_cmm_l1": 15.015000343322754, "err_train_cavm_l1": 0.0, "err_train_cmm_l1": 0.0, "_wandb": {"runtime": 7}}