{"err_test_cavm_l1": 4.304999828338623, "err_test_cmm_l1": 7.694999694824219, "err_train_cavm_l1": 0.0, "err_train_cmm_l1": 0.0, "_timestamp": 1650986092, "_runtime": 88, "_step": 0, "_wandb": {"runtime": 86}}