{"err_test_cavm_l1": 2.2649998664855957, "err_test_cmm_l1": 5.694999694824219, "err_train_cavm_l1": 0.0, "err_train_cmm_l1": 0.0, "_timestamp": 1650975620, "_runtime": 97, "_step": 0, "_wandb": {"runtime": 95}}