{"err_test_cmm": 40.119998931884766, "err_train_cmm": 0.0, "_timestamp": 1653524961, "_runtime": 3, "_step": 1, "err_test_cmm_l1": 49.90999984741211, "err_train_cmm_l1": 0.0, "_wandb": {"runtime": 1}}