{"err_test_cavm": 42.50499725341797, "err_test_cmm": 43.28499984741211, "err_train_cavm": 0.0, "err_train_cmm": 0.0, "_timestamp": 1652187864, "_runtime": 8, "_step": 1, "err_test_cavm_l1": 49.69499969482422, "err_test_cmm_l1": 39.32499694824219, "err_train_cavm_l1": 15.384615898132324, "err_train_cmm_l1": 0.0, "_wandb": {"runtime": 2}}