{"err_test_cavm_l1": 3.6050000190734863, "err_test_cmm_l1": 10.395000457763672, "err_train_cavm_l1": 0.0, "err_train_cmm_l1": 0.0, "_timestamp": 1651143099, "_runtime": 151, "_step": 0, "_wandb": {"runtime": 147}}