{"err_test_cavm": 21.149999618530273, "err_test_cmm": 15.665000915527344, "err_train_cavm": 12.0, "err_train_cmm": 0.0, "_timestamp": 1651586778, "_runtime": 4, "_step": 1, "err_test_cavm_l1": 0.0, "err_test_cmm_l1": 10.739999771118164, "err_train_cavm_l1": 0.0, "err_train_cmm_l1": 0.0, "_wandb": {"runtime": 2}}