{"err_test_cmm": 26.73499870300293, "err_train_cmm": 0.0, "_timestamp": 1653565756, "_runtime": 11, "_step": 1, "err_test_cmm_l1": 3.4850001335144043, "err_train_cmm_l1": 0.0, "_wandb": {"runtime": 7}}