{"err_test_cmm": 46.665000915527344, "err_train_cmm": 0.0, "_timestamp": 1653567660, "_runtime": 6, "_step": 1, "err_test_cmm_l1": 46.39999771118164, "err_train_cmm_l1": 0.0, "_wandb": {"runtime": 2}}