{"err_test_cavm": 43.790000915527344, "err_test_cmm": 0.0, "err_train_cavm": 42.0, "err_train_cmm": 0.0, "_timestamp": 1653048449, "_runtime": 8, "_step": 1, "err_test_cavm_l1": 49.88999938964844, "err_test_cmm_l1": 3.68500018119812, "err_train_cavm_l1": 46.0, "err_train_cmm_l1": 0.0, "_wandb": {"runtime": 3}}