{"err_test_cavm_l1": 4.670000076293945, "err_test_cmm_l1": 10.639999389648438, "err_train_cavm_l1": 0.0, "err_train_cmm_l1": 0.0, "_timestamp": 1650965371, "_runtime": 116, "_step": 0, "_wandb": {"runtime": 114}}