{"err_test_cavm": 46.939998626708984, "err_test_cmm": 47.05500030517578, "err_train_cavm": 0.0, "err_train_cmm": 0.0, "_timestamp": 1653654367, "_runtime": 6, "_step": 1, "err_test_cavm_l1": 0.0, "err_test_cmm_l1": 18.314998626708984, "err_train_cavm_l1": 0.0, "err_train_cmm_l1": 0.0, "_wandb": {"runtime": 3}}