{"err_test_cavm": 45.310001373291016, "err_test_cmm": 45.415000915527344, "err_train_cavm": 0.0, "err_train_cmm": 0.0, "_timestamp": 1649828526, "_runtime": 93, "_step": 1, "err_test_cavm_l1": 5.880000114440918, "err_test_cmm_l1": 11.6899995803833, "err_train_cavm_l1": 0.0, "err_train_cmm_l1": 0.0, "_wandb": {"runtime": 91}}