{"err_test_cavm": 27.184999465942383, "err_test_cmm": 22.4950008392334, "err_train_cavm": 5.042016983032227, "err_train_cmm": 0.0, "_timestamp": 1652187299, "_runtime": 7, "_step": 1, "err_test_cavm_l1": 0.004999999888241291, "err_test_cmm_l1": 20.229999542236328, "err_train_cavm_l1": 0.0, "err_train_cmm_l1": 0.0, "_wandb": {"runtime": 3}}