{"err_test_cavm": 19.415000915527344, "err_test_cmm": 18.309999465942383, "err_train_cavm": 8.0, "err_train_cmm": 0.0, "_timestamp": 1651587652, "_runtime": 3, "_step": 1, "err_test_cavm_l1": 0.0, "err_test_cmm_l1": 10.65999984741211, "err_train_cavm_l1": 0.0, "err_train_cmm_l1": 0.0, "_wandb": {"runtime": 1}}