{"err_test_cavm": 43.88999938964844, "err_test_cmm": 43.904998779296875, "err_train_cavm": 0.0, "err_train_cmm": 0.0, "_timestamp": 1651668035, "_runtime": 3, "_step": 1, "err_test_cavm_l1": 50.05999755859375, "err_test_cmm_l1": 44.70000076293945, "err_train_cavm_l1": 0.0, "err_train_cmm_l1": 0.0, "_wandb": {"runtime": 2}}