{"err_test_cavm": 37.310001373291016, "err_test_cmm": 37.189998626708984, "err_train_cavm": 0.0, "err_train_cmm": 0.0, "_timestamp": 1651585944, "_runtime": 4, "_step": 1, "err_test_cavm_l1": 0.0, "err_test_cmm_l1": 47.51499938964844, "err_train_cavm_l1": 0.0, "err_train_cmm_l1": 0.0, "_wandb": {"runtime": 2}}