{"err_test_cavm": 21.094999313354492, "err_test_cmm": 2.765000104904175, "err_train_cavm": 16.0, "err_train_cmm": 2.0000000000000018, "_timestamp": 1649784431, "_runtime": 92, "_step": 1, "err_test_cavm_l1": 2.0350000858306885, "err_test_cmm_l1": 2.9149999618530273, "err_train_cavm_l1": 0.0, "err_train_cmm_l1": 0.0, "_wandb": {"runtime": 90}}