{"err_test_cavm": 35.55000305175781, "err_test_cmm": 35.165000915527344, "err_train_cavm": 2.0, "err_train_cmm": 0.0, "_timestamp": 1651587809, "_runtime": 3, "_step": 1, "err_test_cavm_l1": 0.0, "err_test_cmm_l1": 46.02000045776367, "err_train_cavm_l1": 0.0, "err_train_cmm_l1": 0.0, "_wandb": {"runtime": 2}}