{"err_test_cavm_l1": 0.3700000047683716, "err_test_cmm_l1": 0.0, "err_train_cavm_l1": 0.3164556920528412, "err_train_cmm_l1": 0.0, "_timestamp": 1653134476, "_runtime": 6, "_step": 0, "_wandb": {"runtime": 2}}