{"loss": 0.0002724356309045106, "train_accuracy": 0.0986328125, "test_accuracy": 0.1409, "_timestamp": 1654270631, "_runtime": 882, "_step": 47, "_wandb": {"runtime": 880}}