{"err_test_cavm_l1": 50.19000244140625, "err_test_cmm_l1": 50.064998626708984, "err_train_cavm_l1": 0.0, "err_train_cmm_l1": 0.0, "_timestamp": 1651851420, "_runtime": 4, "_step": 0, "_wandb": {"runtime": 2}}