{"err_test_cavm": 46.67499923706055, "err_test_cmm": 46.35499954223633, "err_train_cavm": 0.0, "err_train_cmm": 0.0, "_timestamp": 1650871380, "_runtime": 5, "_step": 1, "err_test_cavm_l1": 46.67499923706055, "err_test_cmm_l1": 7.810000419616699, "err_train_cavm_l1": 0.0, "err_train_cmm_l1": 0.0, "_wandb": {"runtime": 3}}