{"err_test_cavm_l1": 3.1649999618530273, "err_test_cmm_l1": 7.565000057220459, "err_train_cavm_l1": 0.0, "err_train_cmm_l1": 0.0, "_timestamp": 1650989131, "_runtime": 54, "_step": 0, "_wandb": {"runtime": 52}}