{"err_test_cmm": 48.92499923706055, "err_train_cmm": 0.0, "_timestamp": 1653572415, "_runtime": 21, "_step": 1, "err_test_cmm_l1": 18.19499969482422, "err_train_cmm_l1": 0.0, "_wandb": {"runtime": 18}}