{"err_test_cavm_l1": 36.29999923706055, "err_test_cmm_l1": 49.48999786376953, "err_train_cavm_l1": 0.0, "err_train_cmm_l1": 0.0, "_timestamp": 1651829317, "_runtime": 6, "_step": 0, "_wandb": {"runtime": 2}}