{"err_test_cavm": 23.03499984741211, "err_test_cmm": 24.204999923706055, "err_train_cavm": 0.0, "err_train_cmm": 0.0, "_timestamp": 1649810686, "_runtime": 93, "_step": 1, "err_test_cavm_l1": 3.245000123977661, "err_test_cmm_l1": 8.070000648498535, "err_train_cavm_l1": 0.0, "err_train_cmm_l1": 0.0, "_wandb": {"runtime": 90}}