{"err_test_cavm_l1": 1.9850001335144043, "err_test_cmm_l1": 5.295000076293945, "err_train_cavm_l1": 0.0, "err_train_cmm_l1": 0.0, "_timestamp": 1650984156, "_runtime": 95, "_step": 0, "_wandb": {"runtime": 92}}