{"err_test_cavm_l1": 20.520000457763672, "err_test_cmm_l1": 49.834999084472656, "err_train_cavm_l1": 0.0, "err_train_cmm_l1": 0.0, "_timestamp": 1651025012, "_runtime": 70, "_step": 0, "_wandb": {"runtime": 67}}