{"err_test_cavm": 39.459999084472656, "err_test_cmm": 38.959999084472656, "err_train_cavm": 0.0, "err_train_cmm": 0.0, "_timestamp": 1652187882, "_runtime": 5, "_step": 1, "err_test_cavm_l1": 0.0, "err_test_cmm_l1": 33.03499984741211, "err_train_cavm_l1": 0.0, "err_train_cmm_l1": 0.0, "_wandb": {"runtime": 2}}