{"err_test_cavm": 41.51000213623047, "err_test_cmm": 41.58500289916992, "err_train_cavm": 0.0, "err_train_cmm": 0.0, "_timestamp": 1653669372, "_runtime": 5, "_step": 1, "err_test_cavm_l1": 29.214998245239258, "err_test_cmm_l1": 36.77499771118164, "err_train_cavm_l1": 0.0, "err_train_cmm_l1": 0.0, "_wandb": {"runtime": 2}}