{"err_test_cavm": 36.8849983215332, "err_test_cmm": 35.33500289916992, "err_train_cavm": 3.0, "err_train_cmm": 0.0, "_timestamp": 1651587434, "_runtime": 4, "_step": 1, "err_test_cavm_l1": 0.0, "err_test_cmm_l1": 46.92499923706055, "err_train_cavm_l1": 0.0, "err_train_cmm_l1": 0.0, "_wandb": {"runtime": 2}}