{"err_test_cavm_l1": 47.94000244140625, "err_test_cmm_l1": 49.880001068115234, "err_train_cavm_l1": 0.0, "err_train_cmm_l1": 0.0, "_timestamp": 1651035153, "_runtime": 63, "_step": 0, "_wandb": {"runtime": 60}}