{"err_test_cmm": 27.07499885559082, "err_train_cmm": 0.0, "_timestamp": 1653568058, "_runtime": 6, "_step": 1, "err_test_cmm_l1": 7.199999809265137, "err_train_cmm_l1": 0.0, "_wandb": {"runtime": 2}}