{"err_test_cmm": 48.65999984741211, "err_train_cmm": 0.0, "_timestamp": 1653527598, "_runtime": 5, "_step": 1, "err_test_cmm_l1": 50.3849983215332, "err_train_cmm_l1": 0.0, "_wandb": {"runtime": 2}}