{"err_test_cmm": 40.9900016784668, "err_train_cmm": 0.0, "_timestamp": 1653527055, "_runtime": 4, "_step": 1, "err_test_cmm_l1": 42.55999755859375, "err_train_cmm_l1": 0.0, "_wandb": {"runtime": 1}}