{"err_test_cavm_l1": 3.234999895095825, "err_test_cmm_l1": 13.324999809265137, "err_train_cavm_l1": 0.0, "err_train_cmm_l1": 0.0, "_timestamp": 1651021839, "_runtime": 106, "_step": 0, "_wandb": {"runtime": 103}}