{"err_test_cavm": 30.524999618530273, "err_test_cmm": 32.20000076293945, "err_train_cavm": 8.0, "err_train_cmm": 0.0, "_timestamp": 1651247664, "_runtime": 4, "_step": 1, "err_test_cavm_l1": 0.0, "err_test_cmm_l1": 30.939998626708984, "err_train_cavm_l1": 0.0, "err_train_cmm_l1": 0.0, "_wandb": {"runtime": 2}}