{"err_test_cavm_l1": 21.934999465942383, "err_test_cmm_l1": 49.68000030517578, "err_train_cavm_l1": 10.0, "err_train_cmm_l1": 0.0, "_timestamp": 1652272658, "_runtime": 8, "_step": 0, "_wandb": {"runtime": 3}}