{"err_test_cavm_l1": 19.040000915527344, "err_test_cmm_l1": 37.32999801635742, "err_train_cavm_l1": 13.043478012084961, "err_train_cmm_l1": 0.0, "_timestamp": 1651667134, "_runtime": 4, "_step": 0, "_wandb": {"runtime": 2}}