{"err_test_cavm": 45.81999969482422, "err_test_cmm": 46.27499771118164, "err_train_cavm": 0.0, "err_train_cmm": 0.0, "_timestamp": 1651249113, "_runtime": 7, "_step": 1, "err_test_cavm_l1": 0.0, "err_test_cmm_l1": 7.599999904632568, "err_train_cavm_l1": 0.0, "err_train_cmm_l1": 0.0, "_wandb": {"runtime": 4}}