{"err_test_cavm": 36.62999725341797, "err_test_cmm": 36.53999710083008, "err_train_cavm": 1.0, "err_train_cmm": 0.0, "_timestamp": 1651585697, "_runtime": 4, "_step": 1, "err_test_cavm_l1": 0.0, "err_test_cmm_l1": 47.665000915527344, "err_train_cavm_l1": 0.0, "err_train_cmm_l1": 0.0, "_wandb": {"runtime": 2}}