{"err_test_cavm_l1": 1.909999966621399, "err_test_cmm_l1": 18.28499984741211, "err_train_cavm_l1": 0.0, "err_train_cmm_l1": 0.0, "_timestamp": 1651019707, "_runtime": 107, "_step": 0, "_wandb": {"runtime": 104}}