{"err_test_cavm_l1": 6.730000019073486, "err_test_cmm_l1": 49.80500030517578, "err_train_cavm_l1": 0.0, "err_train_cmm_l1": 0.0, "_timestamp": 1653134095, "_runtime": 6, "_step": 0, "_wandb": {"runtime": 2}}