{"err_test_cmm": 35.810001373291016, "err_train_cmm": 0.0, "_timestamp": 1653640273, "_runtime": 6, "_step": 1, "err_test_cmm_l1": 5.71999979019165, "err_train_cmm_l1": 0.0, "_wandb": {"runtime": 3}}