{"err_test_cavm": 47.69499969482422, "err_test_cmm": 47.76499938964844, "err_train_cavm": 0.0, "err_train_cmm": 0.0, "_timestamp": 1651150785, "_runtime": 4, "_step": 1, "err_test_cavm_l1": 49.290000915527344, "err_test_cmm_l1": 49.779998779296875, "err_train_cavm_l1": 10.0, "err_train_cmm_l1": 0.0, "_wandb": {"runtime": 2}}