{"err_test_cavm": 46.45499801635742, "err_test_cmm": 46.290000915527344, "err_train_cavm": 0.0, "err_train_cmm": 0.0, "_timestamp": 1651152074, "_runtime": 5, "_step": 1, "err_test_cavm_l1": 35.20500183105469, "err_test_cmm_l1": 25.83500099182129, "err_train_cavm_l1": 31.0, "err_train_cmm_l1": 0.0, "_wandb": {"runtime": 3}}