{"err_test_cavm": 34.209999084472656, "err_test_cmm": 32.58000183105469, "err_train_cavm": 2.0, "err_train_cmm": 0.0, "_timestamp": 1651583347, "_runtime": 5, "_step": 1, "err_test_cavm_l1": 0.0, "err_test_cmm_l1": 27.0049991607666, "err_train_cavm_l1": 0.0, "err_train_cmm_l1": 0.0, "_wandb": {"runtime": 2}}