{"err_test_cavm": 47.14500045776367, "err_test_cmm": 47.10499954223633, "err_train_cavm": 0.0, "err_train_cmm": 0.0, "_timestamp": 1651247489, "_runtime": 5, "_step": 1, "err_test_cavm_l1": 0.0, "err_test_cmm_l1": 49.15999984741211, "err_train_cavm_l1": 0.0, "err_train_cmm_l1": 0.0, "_wandb": {"runtime": 3}}