{"err_test_cavm": 38.69000244140625, "err_test_cmm": 37.525001525878906, "err_train_cavm": 3.5714287757873535, "err_train_cmm": 0.0, "_timestamp": 1652175881, "_runtime": 11, "_step": 1, "err_test_cavm_l1": 50.17499923706055, "err_test_cmm_l1": 47.150001525878906, "err_train_cavm_l1": 32.14285659790039, "err_train_cmm_l1": 0.0, "_wandb": {"runtime": 4}}