{"err_test_cavm_l1": 3.1500000953674316, "err_test_cmm_l1": 34.685001373291016, "err_train_cavm_l1": 3.22580623626709, "err_train_cmm_l1": 0.0, "_timestamp": 1653135520, "_runtime": 7, "_step": 0, "_wandb": {"runtime": 3}}