{"err_test_cmm": 42.78999710083008, "err_train_cmm": 0.0, "_timestamp": 1653555176, "_runtime": 5, "_step": 1, "err_test_cmm_l1": 14.88499927520752, "err_train_cmm_l1": 0.0, "_wandb": {"runtime": 2}}