{"err_test_cavm": 33.34000015258789, "err_test_cmm": 31.44499969482422, "err_train_cavm": 5.0, "err_train_cmm": 0.0, "_timestamp": 1651251917, "_runtime": 6, "_step": 1, "err_test_cavm_l1": 0.0, "err_test_cmm_l1": 38.03499984741211, "err_train_cavm_l1": 0.0, "err_train_cmm_l1": 0.0, "_wandb": {"runtime": 2}}