{"err_test_cavm": 42.20500183105469, "err_test_cmm": 42.76499938964844, "err_train_cavm": 0.0, "err_train_cmm": 0.0, "_timestamp": 1652259584, "_runtime": 6, "_step": 1, "err_test_cavm_l1": 49.61499786376953, "err_test_cmm_l1": 49.95500183105469, "err_train_cavm_l1": 33.333335876464844, "err_train_cmm_l1": 0.0, "_wandb": {"runtime": 3}}