{"err_test_cavm": 1.2200000286102295, "err_test_cmm": 2.294999837875366, "err_train_cavm": 0.0, "err_train_cmm": 0.0, "_timestamp": 1653601901, "_runtime": 8, "_step": 1, "err_test_cavm_l1": 0.39499998092651367, "err_test_cmm_l1": 0.5900000333786011, "err_train_cavm_l1": 0.0, "err_train_cmm_l1": 0.0, "_wandb": {"runtime": 6}}