{"avg_test_c0": 58.47999954223633, "avg_test_c1": 58.26499938964844, "avg_test_c2": 55.18000030517578, "avg_test_cmm": 41.60000228881836, "_timestamp": 1649322167, "_runtime": 213, "_step": 0, "_wandb": {"runtime": 211}}