{"err_test_cavm_l1": 3.054999828338623, "err_test_cmm_l1": 4.744999885559082, "err_train_cavm_l1": 0.0, "err_train_cmm_l1": 0.0, "_timestamp": 1653131965, "_runtime": 8, "_step": 0, "_wandb": {"runtime": 2}}