{"err_test_cavm": 23.029998779296875, "err_test_cmm": 24.389999389648438, "err_train_cavm": 0.0, "err_train_cmm": 0.0, "_timestamp": 1649836055, "_runtime": 222, "_step": 1, "err_test_cavm_l1": 1.1850000619888306, "err_test_cmm_l1": 3.4000000953674316, "err_train_cavm_l1": 0.0, "err_train_cmm_l1": 0.0, "_wandb": {"runtime": 219}}