{"err_test_cavm_l1": 1.4550000429153442, "err_test_cmm_l1": 8.755000114440918, "err_train_cavm_l1": 0.0, "err_train_cmm_l1": 0.0, "_timestamp": 1651667101, "_runtime": 4, "_step": 0, "_wandb": {"runtime": 2}}