{"err_test_cmm": 49.52499771118164, "err_train_cmm": 0.0, "_timestamp": 1653573685, "_runtime": 62, "_step": 1, "err_test_cmm_l1": 17.100000381469727, "err_train_cmm_l1": 0.0, "_wandb": {"runtime": 59}}