{"err_test_cavm": 20.34000015258789, "err_test_cmm": 20.860000610351562, "err_train_cavm": 0.0, "err_train_cmm": 0.0, "_timestamp": 1653662809, "_runtime": 6, "_step": 1, "err_test_cavm_l1": 0.10499999672174454, "err_test_cmm_l1": 0.16499999165534973, "err_train_cavm_l1": 0.0, "err_train_cmm_l1": 0.0, "_wandb": {"runtime": 2}}