{"err_test_cavm_l1": 2.205000162124634, "err_test_cmm_l1": 5.275000095367432, "err_train_cavm_l1": 0.0, "err_train_cmm_l1": 0.0, "_timestamp": 1650974703, "_runtime": 95, "_step": 0, "_wandb": {"runtime": 93}}