{"err_test_cavm": 28.049999237060547, "err_test_cmm": 24.09000015258789, "err_train_cavm": 9.243698120117188, "err_train_cmm": 0.0, "_timestamp": 1652187793, "_runtime": 7, "_step": 1, "err_test_cavm_l1": 0.0, "err_test_cmm_l1": 22.005001068115234, "err_train_cavm_l1": 0.0, "err_train_cmm_l1": 0.0, "_wandb": {"runtime": 2}}