{"err_test_cavm": 47.27000045776367, "err_test_cmm": 47.33000183105469, "err_train_cavm": 0.0, "err_train_cmm": 0.0, "_timestamp": 1652261593, "_runtime": 15, "_step": 1, "err_test_cavm_l1": 0.0, "err_test_cmm_l1": 50.09499740600586, "err_train_cavm_l1": 0.0, "err_train_cmm_l1": 0.0, "_wandb": {"runtime": 11}}