{"err_test_cavm": 23.94499969482422, "err_test_cmm": 24.619998931884766, "err_train_cavm": 0.0, "err_train_cmm": 0.0, "_timestamp": 1649840888, "_runtime": 213, "_step": 1, "err_test_cavm_l1": 2.254999876022339, "err_test_cmm_l1": 6.380000114440918, "err_train_cavm_l1": 0.0, "err_train_cmm_l1": 0.0, "_wandb": {"runtime": 211}}