{"err_test_cmm": 49.1349983215332, "err_train_cmm": 0.0, "_timestamp": 1653527356, "_runtime": 5, "_step": 1, "err_test_cmm_l1": 49.56999969482422, "err_train_cmm_l1": 0.0, "_wandb": {"runtime": 1}}