{"err_test_cavm": 44.025001525878906, "err_test_cmm": 43.564998626708984, "err_train_cavm": 10.0, "err_train_cmm": 0.0, "_timestamp": 1651659439, "_runtime": 5, "_step": 1, "err_test_cavm_l1": 49.029998779296875, "err_test_cmm_l1": 47.02000045776367, "err_train_cavm_l1": 30.000001907348633, "err_train_cmm_l1": 0.0, "_wandb": {"runtime": 2}}