{"err_test_cavm_l1": 0.6450000405311584, "err_test_cmm_l1": 5.65500020980835, "err_train_cavm_l1": 0.0, "err_train_cmm_l1": 0.0, "_timestamp": 1651017581, "_runtime": 167, "_step": 0, "_wandb": {"runtime": 164}}