{"err_test_cavm_l1": 7.699999809265137, "err_test_cmm_l1": 47.8650016784668, "err_train_cavm_l1": 0.0, "err_train_cmm_l1": 0.0, "_timestamp": 1653128450, "_runtime": 4, "_step": 0, "_wandb": {"runtime": 1}}