{"err_test_cavm": 40.67499923706055, "err_test_cmm": 40.709999084472656, "err_train_cavm": 0.0, "err_train_cmm": 0.0, "_timestamp": 1649847977, "_runtime": 162, "_step": 1, "err_test_cavm_l1": 7.954999923706055, "err_test_cmm_l1": 13.070000648498535, "err_train_cavm_l1": 0.0, "err_train_cmm_l1": 0.0, "_wandb": {"runtime": 160}}