{"err_test_cmm": 30.89999771118164, "err_train_cmm": 0.0, "_timestamp": 1653572300, "_runtime": 6, "_step": 1, "err_test_cmm_l1": 15.970000267028809, "err_train_cmm_l1": 0.0, "_wandb": {"runtime": 2}}