{"err_test_cavm": 45.96500015258789, "err_test_cmm": 46.064998626708984, "err_train_cavm": 0.0, "err_train_cmm": 0.0, "_timestamp": 1650843583, "_runtime": 7, "_step": 0, "_wandb": {"runtime": 30}}