{"err_test_cavm": 21.55500030517578, "err_test_cmm": 18.0, "err_train_cavm": 6.557376861572266, "err_train_cmm": 0.0, "_timestamp": 1651667969, "_runtime": 3, "_step": 1, "err_test_cavm_l1": 34.63500213623047, "err_test_cmm_l1": 16.524999618530273, "err_train_cavm_l1": 34.016395568847656, "err_train_cmm_l1": 0.0, "_wandb": {"runtime": 2}}