{"err_test_cavm_l1": 6.065000057220459, "err_test_cmm_l1": 13.725000381469727, "err_train_cavm_l1": 0.0, "err_train_cmm_l1": 0.0, "_timestamp": 1650982647, "_runtime": 117, "_step": 0, "_wandb": {"runtime": 113}}