{"err_test_cavm": 40.70500183105469, "err_test_cmm": 40.56999969482422, "err_train_cavm": 1.0, "err_train_cmm": 0.0, "_timestamp": 1652261287, "_runtime": 8, "_step": 1, "err_test_cavm_l1": 0.0, "err_test_cmm_l1": 33.53499984741211, "err_train_cavm_l1": 0.0, "err_train_cmm_l1": 0.0, "_wandb": {"runtime": 3}}