{"err_test_cmm": 28.220001220703125, "err_train_cmm": 0.0, "_timestamp": 1653525747, "_runtime": 3, "_step": 1, "err_test_cmm_l1": 25.645000457763672, "err_train_cmm_l1": 0.0, "_wandb": {"runtime": 1}}