{"err_test_cavm": 1.25, "err_test_cmm": 2.0999999046325684, "err_train_cavm": 0.0, "err_train_cmm": 0.0, "_timestamp": 1653609379, "_runtime": 8, "_step": 1, "err_test_cavm_l1": 2.380000114440918, "err_test_cmm_l1": 0.5249999761581421, "err_train_cavm_l1": 0.0, "err_train_cmm_l1": 0.0, "_wandb": {"runtime": 5}}