{"err_test_cavm": 0.5649999976158142, "err_test_cmm": 1.375, "err_train_cavm": 0.0, "err_train_cmm": 0.0, "_timestamp": 1653601427, "_runtime": 20, "_step": 1, "err_test_cavm_l1": 0.5400000214576721, "err_test_cmm_l1": 0.5849999785423279, "err_train_cavm_l1": 0.0, "err_train_cmm_l1": 0.0, "_wandb": {"runtime": 18}}