{"err_test_cmm": 24.969999313354492, "err_train_cmm": 0.0, "_timestamp": 1653554984, "_runtime": 13, "_step": 1, "err_test_cmm_l1": 6.660000324249268, "err_train_cmm_l1": 0.0, "_wandb": {"runtime": 10}}