{"err_test_cmm": 48.18000030517578, "err_train_cmm": 0.0, "_timestamp": 1653572578, "_runtime": 10, "_step": 1, "err_test_cmm_l1": 14.63499927520752, "err_train_cmm_l1": 0.0, "_wandb": {"runtime": 8}}