{"err_test_cavm_l1": 13.899999618530273, "err_test_cmm_l1": 18.53999900817871, "err_train_cavm_l1": 0.0, "err_train_cmm_l1": 0.0, "_timestamp": 1650993985, "_runtime": 92, "_step": 0, "_wandb": {"runtime": 89}}