{"err_test_cavm": 45.17499923706055, "err_test_cmm": 45.165000915527344, "err_train_cavm": 0.0, "err_train_cmm": 0.0, "_timestamp": 1652187576, "_runtime": 5, "_step": 1, "err_test_cavm_l1": 50.13999938964844, "err_test_cmm_l1": 50.12999725341797, "err_train_cavm_l1": 33.333335876464844, "err_train_cmm_l1": 0.0, "_wandb": {"runtime": 2}}