{"err_test_cavm": 47.630001068115234, "err_test_cmm": 47.70500183105469, "err_train_cavm": 0.0, "err_train_cmm": 0.0, "_timestamp": 1651246921, "_runtime": 7, "_step": 1, "err_test_cavm_l1": 0.0, "err_test_cmm_l1": 49.65999984741211, "err_train_cavm_l1": 0.0, "err_train_cmm_l1": 0.0, "_wandb": {"runtime": 5}}