{"err_test_cavm_l1": 19.260000228881836, "err_test_cmm_l1": 32.220001220703125, "err_train_cavm_l1": 0.0, "err_train_cmm_l1": 0.0, "_timestamp": 1651028602, "_runtime": 123, "_step": 0, "_wandb": {"runtime": 120}}