{"err_test_cavm": 14.480000495910645, "err_test_cmm": 0.0, "err_train_cavm": 22.0, "err_train_cmm": 0.0, "_timestamp": 1653048891, "_runtime": 17, "_step": 1, "err_test_cavm_l1": 49.82500076293945, "err_test_cmm_l1": 50.33500289916992, "err_train_cavm_l1": 61.0, "err_train_cmm_l1": 0.0, "_wandb": {"runtime": 6}}