{"err_test_cavm_l1": 49.540000915527344, "err_test_cmm_l1": 50.21500015258789, "err_train_cavm_l1": 0.0, "err_train_cmm_l1": 0.0, "_timestamp": 1651851434, "_runtime": 4, "_step": 0, "_wandb": {"runtime": 2}}