{"err_test_cavm": 40.064998626708984, "err_test_cmm": 40.79500198364258, "err_train_cavm": 0.0, "err_train_cmm": 0.0, "_timestamp": 1651585833, "_runtime": 4, "_step": 1, "err_test_cavm_l1": 0.0, "err_test_cmm_l1": 47.665000915527344, "err_train_cavm_l1": 0.0, "err_train_cmm_l1": 0.0, "_wandb": {"runtime": 2}}