{"err_test_cavm": 0.07999999821186066, "err_test_cmm": 0.0, "err_train_cavm": 0.0, "err_train_cmm": 0.0, "_timestamp": 1653054935, "_runtime": 12, "_step": 1, "err_test_cavm_l1": 0.5249999761581421, "err_test_cmm_l1": 2.2150001525878906, "err_train_cavm_l1": 0.0, "err_train_cmm_l1": 0.0, "_wandb": {"runtime": 2}}