{"err_test_cavm_l1": 4.434999942779541, "err_test_cmm_l1": 9.670000076293945, "err_train_cavm_l1": 0.0, "err_train_cmm_l1": 0.0, "_timestamp": 1650988952, "_runtime": 103, "_step": 0, "_wandb": {"runtime": 101}}