{"err_test_cavm_l1": 1.1100000143051147, "err_test_cmm_l1": 11.579999923706055, "err_train_cavm_l1": 0.0, "err_train_cmm_l1": 0.0, "_timestamp": 1651021488, "_runtime": 122, "_step": 0, "_wandb": {"runtime": 120}}