{"err_test_cavm": 24.739999771118164, "err_test_cmm": 26.454999923706055, "err_train_cavm": 8.403361320495605, "err_train_cmm": 0.0, "_timestamp": 1652259829, "_runtime": 7, "_step": 1, "err_test_cavm_l1": 0.0, "err_test_cmm_l1": 26.190000534057617, "err_train_cavm_l1": 0.0, "err_train_cmm_l1": 0.0, "_wandb": {"runtime": 2}}