{"err_test_cavm": 41.83000183105469, "err_test_cmm": 41.87000274658203, "err_train_cavm": 0.0, "err_train_cmm": 0.0, "_timestamp": 1651250360, "_runtime": 5, "_step": 1, "err_test_cavm_l1": 0.0, "err_test_cmm_l1": 50.5150032043457, "err_train_cavm_l1": 0.0, "err_train_cmm_l1": 0.0, "_wandb": {"runtime": 2}}