{"err_test_cavm": 6.385000228881836, "err_test_cmm": 0.0, "err_train_cavm": 0.0, "err_train_cmm": 0.0, "_timestamp": 1653048333, "_runtime": 14, "_step": 1, "err_test_cavm_l1": 50.58000183105469, "err_test_cmm_l1": 49.540000915527344, "err_train_cavm_l1": 50.0, "err_train_cmm_l1": 0.0, "_wandb": {"runtime": 8}}