{"err_test_cavm": 30.59000015258789, "err_test_cmm": 27.08500099182129, "err_train_cavm": 7.0, "err_train_cmm": 0.0, "_timestamp": 1651585543, "_runtime": 4, "_step": 1, "err_test_cavm_l1": 0.0, "err_test_cmm_l1": 24.420000076293945, "err_train_cavm_l1": 0.0, "err_train_cmm_l1": 0.0, "_wandb": {"runtime": 2}}