{"err_test_cavm_l1": 12.925000190734863, "err_test_cmm_l1": 28.549999237060547, "err_train_cavm_l1": 5.0, "err_train_cmm_l1": 0.0, "_timestamp": 1651836620, "_runtime": 3, "_step": 0, "_wandb": {"runtime": 2}}