{"err_test_cavm_l1": 1.6699999570846558, "err_test_cmm_l1": 9.179999351501465, "err_train_cavm_l1": 0.43103447556495667, "err_train_cmm_l1": 0.0, "_timestamp": 1651830119, "_runtime": 5, "_step": 0, "_wandb": {"runtime": 3}}