{"err_test_cavm_l1": 10.699999809265137, "err_test_cmm_l1": 49.8650016784668, "err_train_cavm_l1": 0.0, "err_train_cmm_l1": 0.0, "_timestamp": 1651023021, "_runtime": 72, "_step": 0, "_wandb": {"runtime": 70}}