{"err_test_cavm": 35.34000015258789, "err_test_cmm": 35.38500213623047, "err_train_cavm": 0.0, "err_train_cmm": 0.0, "_timestamp": 1649813603, "_runtime": 93, "_step": 1, "err_test_cavm_l1": 6.010000228881836, "err_test_cmm_l1": 9.164999961853027, "err_train_cavm_l1": 0.0, "err_train_cmm_l1": 0.0, "_wandb": {"runtime": 91}}