{"err_test_cavm": 45.22999954223633, "err_test_cmm": 8.77500057220459, "err_train_cavm": 0.0, "err_train_cmm": 0.0, "_timestamp": 1653607911, "_runtime": 5, "_step": 1, "err_test_cavm_l1": 9.460000038146973, "err_test_cmm_l1": 0.5149999856948853, "err_train_cavm_l1": 0.0, "err_train_cmm_l1": 0.0, "_wandb": {"runtime": 3}}