{"err_test_cavm": 6.74500036239624, "err_test_cmm": 7.699999809265137, "err_train_cavm": 5.0, "err_train_cmm": 0.0, "_timestamp": 1650878036, "_runtime": 187, "_step": 1, "err_test_cavm_l1": 93.0, "err_test_cmm_l1": 5.909999847412109, "err_train_cavm_l1": 95.0, "err_train_cmm_l1": 0.0, "_wandb": {"runtime": 184}}