{"err_test_cmm": 41.310001373291016, "err_train_cmm": 0.0, "_timestamp": 1653640131, "_runtime": 6, "_step": 1, "err_test_cmm_l1": 7.549999713897705, "err_train_cmm_l1": 0.0, "_wandb": {"runtime": 2}}