{"err_test_cavm_l1": 25.240001678466797, "err_test_cmm_l1": 49.849998474121094, "err_train_cavm_l1": 19.047618865966797, "err_train_cmm_l1": 0.0, "_timestamp": 1651829300, "_runtime": 5, "_step": 0, "_wandb": {"runtime": 2}}