{"err_test_cmm": 48.744998931884766, "err_train_cmm": 0.0, "_timestamp": 1653521316, "_runtime": 3, "_step": 1, "err_test_cmm_l1": 49.78499984741211, "err_train_cmm_l1": 0.0, "_wandb": {"runtime": 1}}