{"err_test_cavm_l1": 50.564998626708984, "err_test_cmm_l1": 46.14500045776367, "err_train_cavm_l1": 0.0, "err_train_cmm_l1": 0.0, "_timestamp": 1652283626, "_runtime": 8, "_step": 0, "_wandb": {"runtime": 3}}