{"err_test_cmm": 29.91499900817871, "err_train_cmm": 0.0, "_timestamp": 1653572703, "_runtime": 5, "_step": 1, "err_test_cmm_l1": 18.045000076293945, "err_train_cmm_l1": 0.0, "_wandb": {"runtime": 2}}