{"err_test_cavm": 48.32500076293945, "err_test_cmm": 48.20500183105469, "err_train_cavm": 0.0, "err_train_cmm": 0.0, "_timestamp": 1651587382, "_runtime": 6, "_step": 1, "err_test_cavm_l1": 0.0, "err_test_cmm_l1": 50.30999755859375, "err_train_cavm_l1": 0.0, "err_train_cmm_l1": 0.0, "_wandb": {"runtime": 4}}