{"err_test_cavm": 24.170000076293945, "err_test_cmm": 22.630001068115234, "err_train_cavm": 6.0, "err_train_cmm": 0.0, "_timestamp": 1651248076, "_runtime": 7, "_step": 1, "err_test_cavm_l1": 0.0, "err_test_cmm_l1": 10.629999160766602, "err_train_cavm_l1": 0.0, "err_train_cmm_l1": 0.0, "_wandb": {"runtime": 2}}