{"err_test_cavm": 46.73500061035156, "err_test_cmm": 46.66999816894531, "err_train_cavm": 0.0, "err_train_cmm": 0.0, "_timestamp": 1651587248, "_runtime": 5, "_step": 1, "err_test_cavm_l1": 0.0, "err_test_cmm_l1": 50.160003662109375, "err_train_cavm_l1": 0.0, "err_train_cmm_l1": 0.0, "_wandb": {"runtime": 3}}