{"err_test_cavm_l1": 0.4099999964237213, "err_test_cmm_l1": 4.119999885559082, "err_train_cavm_l1": 0.30000001192092896, "err_train_cmm_l1": 0.0, "_timestamp": 1651829220, "_runtime": 7, "_step": 0, "_wandb": {"runtime": 4}}