{"err_test_cavm_l1": 9.579999923706055, "err_test_cmm_l1": 23.454999923706055, "err_train_cavm_l1": 1.0, "err_train_cmm_l1": 0.0, "_timestamp": 1652281305, "_runtime": 7, "_step": 0, "_wandb": {"runtime": 3}}