{"err_test_cavm_l1": 4.724999904632568, "err_test_cmm_l1": 18.469999313354492, "err_train_cavm_l1": 1.8604650497436523, "err_train_cmm_l1": 0.0, "_timestamp": 1651831300, "_runtime": 6, "_step": 0, "_wandb": {"runtime": 2}}