{"err_test_cavm": 31.459999084472656, "err_test_cmm": 31.244998931884766, "err_train_cavm": 4.0, "err_train_cmm": 0.0, "_timestamp": 1651586669, "_runtime": 3, "_step": 1, "err_test_cavm_l1": 0.0, "err_test_cmm_l1": 37.099998474121094, "err_train_cavm_l1": 0.0, "err_train_cmm_l1": 0.0, "_wandb": {"runtime": 2}}