{"err_test_cavm": 45.27000045776367, "err_test_cmm": 45.04500198364258, "err_train_cavm": 0.0, "err_train_cmm": 0.0, "_timestamp": 1653654526, "_runtime": 7, "_step": 1, "err_test_cavm_l1": 0.0, "err_test_cmm_l1": 11.779999732971191, "err_train_cavm_l1": 0.0, "err_train_cmm_l1": 0.0, "_wandb": {"runtime": 3}}