{"err_test_cavm": 6.319999694824219, "err_test_cmm": 6.84499979019165, "err_train_cavm": 0.0, "err_train_cmm": 0.0, "_timestamp": 1653609239, "_runtime": 6, "_step": 1, "err_test_cavm_l1": 3.299999952316284, "err_test_cmm_l1": 0.6050000190734863, "err_train_cavm_l1": 0.0, "err_train_cmm_l1": 0.0, "_wandb": {"runtime": 3}}