{"err_test_cavm": 27.114999771118164, "err_test_cmm": 24.809999465942383, "err_train_cavm": 10.084033966064453, "err_train_cmm": 0.0, "_timestamp": 1651668068, "_runtime": 4, "_step": 1, "err_test_cavm_l1": 35.30500030517578, "err_test_cmm_l1": 24.25, "err_train_cavm_l1": 32.773109436035156, "err_train_cmm_l1": 0.0, "_wandb": {"runtime": 2}}