{"err_test_cavm_l1": 4.809999942779541, "err_test_cmm_l1": 47.40999984741211, "err_train_cavm_l1": 0.0, "err_train_cmm_l1": 0.0, "_timestamp": 1653133431, "_runtime": 7, "_step": 0, "_wandb": {"runtime": 2}}