{"err_test_cavm_l1": 0.7549999952316284, "err_test_cmm_l1": 4.470000267028809, "err_train_cavm_l1": 0.4000000059604645, "err_train_cmm_l1": 0.0, "_timestamp": 1651831268, "_runtime": 7, "_step": 0, "_wandb": {"runtime": 4}}