{"err_test_cavm_l1": 2.684999942779541, "err_test_cmm_l1": 6.3550004959106445, "err_train_cavm_l1": 0.0, "err_train_cmm_l1": 0.0, "_timestamp": 1650970852, "_runtime": 98, "_step": 0, "_wandb": {"runtime": 95}}