{"err_test_cavm": 35.55500030517578, "err_test_cmm": 36.14999771118164, "err_train_cavm": 1.7241379022598267, "err_train_cmm": 0.0, "_timestamp": 1652187320, "_runtime": 7, "_step": 1, "err_test_cavm_l1": 0.0, "err_test_cmm_l1": 40.404998779296875, "err_train_cavm_l1": 0.0, "err_train_cmm_l1": 0.0, "_wandb": {"runtime": 2}}