{"err_test_cavm_l1": 15.970000267028809, "err_test_cmm_l1": 26.8700008392334, "err_train_cavm_l1": 0.0, "err_train_cmm_l1": 0.0, "_timestamp": 1650984496, "_runtime": 67, "_step": 0, "_wandb": {"runtime": 66}}