{"err_test_cmm": 4.904999732971191, "err_train_cmm": 0.0, "_timestamp": 1653524842, "_runtime": 399, "_step": 1, "err_test_cmm_l1": 2.3350000381469727, "err_train_cmm_l1": 0.0, "_wandb": {"runtime": 397}}