{"err_test_cavm": 21.934999465942383, "err_test_cmm": 16.19500160217285, "err_train_cavm": 10.245901107788086, "err_train_cmm": 0.0, "_timestamp": 1652187616, "_runtime": 7, "_step": 1, "err_test_cavm_l1": 0.0, "err_test_cmm_l1": 10.845000267028809, "err_train_cavm_l1": 0.0, "err_train_cmm_l1": 0.0, "_wandb": {"runtime": 2}}