{"err_test_cavm": 44.81500244140625, "err_test_cmm": 44.7400016784668, "err_train_cavm": 0.0, "err_train_cmm": 0.0, "_timestamp": 1651586350, "_runtime": 5, "_step": 1, "err_test_cavm_l1": 0.0, "err_test_cmm_l1": 49.849998474121094, "err_train_cavm_l1": 0.0, "err_train_cmm_l1": 0.0, "_wandb": {"runtime": 3}}