{"err_test_cavm_l1": 29.69500160217285, "err_test_cmm_l1": 50.26000213623047, "err_train_cavm_l1": 0.0, "err_train_cmm_l1": 0.0, "_timestamp": 1652280459, "_runtime": 96, "_step": 0, "_wandb": {"runtime": 90}}