{"err_test_cavm": 37.76000213623047, "err_test_cmm": 36.86499786376953, "err_train_cavm": 3.0, "err_train_cmm": 0.0, "_timestamp": 1651587075, "_runtime": 3, "_step": 1, "err_test_cavm_l1": 0.0, "err_test_cmm_l1": 44.400001525878906, "err_train_cavm_l1": 0.0, "err_train_cmm_l1": 0.0, "_wandb": {"runtime": 1}}