{"err_test_cavm": 4.085000038146973, "err_test_cmm": 4.659999847412109, "err_train_cavm": 0.0, "err_train_cmm": 0.0, "_timestamp": 1653664145, "_runtime": 6, "_step": 1, "err_test_cavm_l1": 2.944999933242798, "err_test_cmm_l1": 0.7649999856948853, "err_train_cavm_l1": 0.0, "err_train_cmm_l1": 0.0, "_wandb": {"runtime": 3}}