{"err_test_cavm": 46.02000045776367, "err_test_cmm": 46.07500076293945, "err_train_cavm": 0.0, "err_train_cmm": 0.0, "_timestamp": 1651586107, "_runtime": 5, "_step": 1, "err_test_cavm_l1": 0.0, "err_test_cmm_l1": 50.56999969482422, "err_train_cavm_l1": 0.0, "err_train_cmm_l1": 0.0, "_wandb": {"runtime": 2}}