{"err_test_cavm_l1": 3.7149999141693115, "err_test_cmm_l1": 3.06499981880188, "err_train_cavm_l1": 0.0, "err_train_cmm_l1": 0.0, "_timestamp": 1652281241, "_runtime": 6, "_step": 0, "_wandb": {"runtime": 2}}