{"err_test_cavm": 46.20000076293945, "err_test_cmm": 46.20499801635742, "err_train_cavm": 0.0, "err_train_cmm": 0.0, "_timestamp": 1649789973, "_runtime": 194, "_step": 1, "err_test_cavm_l1": 4.850000381469727, "err_test_cmm_l1": 9.944999694824219, "err_train_cavm_l1": 0.0, "err_train_cmm_l1": 0.0, "_wandb": {"runtime": 191}}