{"err_test_cavm_l1": 21.189998626708984, "err_test_cmm_l1": 26.06999969482422, "err_train_cavm_l1": 0.0, "err_train_cmm_l1": 0.0, "_timestamp": 1650998479, "_runtime": 111, "_step": 0, "_wandb": {"runtime": 109}}