{"err_test_cavm_l1": 27.225000381469727, "err_test_cmm_l1": 35.20000076293945, "err_train_cavm_l1": 8.69565200805664, "err_train_cmm_l1": 0.0, "_timestamp": 1651836750, "_runtime": 7, "_step": 0, "_wandb": {"runtime": 2}}