{"err_test_cavm": 0.05000000074505806, "err_test_cmm": 0.25999999046325684, "err_train_cavm": 0.0, "err_train_cmm": 0.0, "_timestamp": 1653582877, "_runtime": 5, "_step": 1, "err_test_cavm_l1": 0.06000000238418579, "err_test_cmm_l1": 0.054999999701976776, "err_train_cavm_l1": 0.0, "err_train_cmm_l1": 0.0, "_wandb": {"runtime": 2}}