{"err_test_cavm": 43.119998931884766, "err_test_cmm": 43.099998474121094, "err_train_cavm": 0.0, "err_train_cmm": 0.0, "_timestamp": 1651582839, "_runtime": 4, "_step": 1, "err_test_cavm_l1": 0.0, "err_test_cmm_l1": 50.150001525878906, "err_train_cavm_l1": 0.0, "err_train_cmm_l1": 0.0, "_wandb": {"runtime": 2}}