{"err_test_cavm_l1": 1.0199999809265137, "err_test_cmm_l1": 20.235000610351562, "err_train_cavm_l1": 0.0, "err_train_cmm_l1": 0.0, "_timestamp": 1653131699, "_runtime": 10, "_step": 0, "_wandb": {"runtime": 3}}