{"err_test_cavm_l1": 37.400001525878906, "err_test_cmm_l1": 50.08000183105469, "err_train_cavm_l1": 10.0, "err_train_cmm_l1": 0.0, "_timestamp": 1651836655, "_runtime": 4, "_step": 0, "_wandb": {"runtime": 2}}