{"err_test_cavm": 25.635000228881836, "err_test_cmm": 23.630001068115234, "err_train_cavm": 7.0, "err_train_cmm": 0.0, "_timestamp": 1651249827, "_runtime": 6, "_step": 1, "err_test_cavm_l1": 0.0, "err_test_cmm_l1": 22.670000076293945, "err_train_cavm_l1": 0.0, "err_train_cmm_l1": 0.0, "_wandb": {"runtime": 2}}