{"err_test_cavm": 2.009999990463257, "err_test_cmm": 0.0, "err_train_cavm": 0.0, "err_train_cmm": 0.0, "_timestamp": 1653049970, "_runtime": 8, "_step": 1, "err_test_cavm_l1": 1.284999966621399, "err_test_cmm_l1": 21.119998931884766, "err_train_cavm_l1": 0.0, "err_train_cmm_l1": 0.0, "_wandb": {"runtime": 3}}