{"err_test_cavm": 37.28499984741211, "err_test_cmm": 36.654998779296875, "err_train_cavm": 2.0, "err_train_cmm": 0.0, "_timestamp": 1651583638, "_runtime": 4, "_step": 1, "err_test_cavm_l1": 0.0, "err_test_cmm_l1": 38.33500289916992, "err_train_cavm_l1": 0.0, "err_train_cmm_l1": 0.0, "_wandb": {"runtime": 2}}