{"err_test_cavm": 27.309999465942383, "err_test_cmm": 24.57499885559082, "err_train_cavm": 7.0, "err_train_cmm": 0.0, "_timestamp": 1651252108, "_runtime": 6, "_step": 1, "err_test_cavm_l1": 0.0, "err_test_cmm_l1": 23.270000457763672, "err_train_cavm_l1": 0.0, "err_train_cmm_l1": 0.0, "_wandb": {"runtime": 2}}