{"err_test_cavm": 38.20500183105469, "err_test_cmm": 38.68000030517578, "err_train_cavm": 0.0, "err_train_cmm": 0.0, "_timestamp": 1651584017, "_runtime": 4, "_step": 1, "err_test_cavm_l1": 0.0, "err_test_cmm_l1": 42.82500076293945, "err_train_cavm_l1": 0.0, "err_train_cmm_l1": 0.0, "_wandb": {"runtime": 2}}