{"err_test_cavm_l1": 5.025000095367432, "err_test_cmm_l1": 9.104999542236328, "err_train_cavm_l1": 0.0, "err_train_cmm_l1": 0.0, "_timestamp": 1650963984, "_runtime": 102, "_step": 0, "_wandb": {"runtime": 99}}