{"err_test_cavm_l1": 50.30999755859375, "err_test_cmm_l1": 48.79499816894531, "err_train_cavm_l1": 0.0, "err_train_cmm_l1": 0.0, "_timestamp": 1653079086, "_runtime": 18, "_step": 0, "_wandb": {"runtime": 2}}