{"err_test_cavm": 42.029998779296875, "err_test_cmm": 42.01000213623047, "err_train_cavm": 0.0, "err_train_cmm": 0.0, "_timestamp": 1649806565, "_runtime": 85, "_step": 1, "err_test_cavm_l1": 40.94499969482422, "err_test_cmm_l1": 42.06999969482422, "err_train_cavm_l1": 0.0, "err_train_cmm_l1": 0.0, "_wandb": {"runtime": 83}}