{"err_test_cavm": 41.28499984741211, "err_test_cmm": 41.09000015258789, "err_train_cavm": 0.0, "err_train_cmm": 0.0, "_timestamp": 1651585955, "_runtime": 4, "_step": 1, "err_test_cavm_l1": 0.0, "err_test_cmm_l1": 42.619998931884766, "err_train_cavm_l1": 0.0, "err_train_cmm_l1": 0.0, "_wandb": {"runtime": 2}}