{"err_test_cavm": 37.755001068115234, "err_test_cmm": 37.275001525878906, "err_train_cavm": 1.0, "err_train_cmm": 0.0, "_timestamp": 1651585048, "_runtime": 3, "_step": 1, "err_test_cavm_l1": 0.0, "err_test_cmm_l1": 47.20000076293945, "err_train_cavm_l1": 0.0, "err_train_cmm_l1": 0.0, "_wandb": {"runtime": 2}}