{"err_test_cavm_l1": 11.75, "err_test_cmm_l1": 29.73000144958496, "err_train_cavm_l1": 6.5217390060424805, "err_train_cmm_l1": 0.0, "_timestamp": 1651829409, "_runtime": 6, "_step": 0, "_wandb": {"runtime": 2}}