{"err_test_cavm_l1": 49.724998474121094, "err_test_cmm_l1": 26.899999618530273, "err_train_cavm_l1": 50.411136627197266, "err_train_cmm_l1": 7.906388361796335, "_timestamp": 1651031395, "_runtime": 194, "_step": 0, "_wandb": {"runtime": 191}}