{"err_test_cavm": 16.5049991607666, "err_test_cmm": 20.010000228881836, "err_train_cavm": 6.0, "err_train_cmm": 0.0, "_timestamp": 1651584239, "_runtime": 4, "_step": 1, "err_test_cavm_l1": 0.0, "err_test_cmm_l1": 11.0600004196167, "err_train_cavm_l1": 0.0, "err_train_cmm_l1": 0.0, "_wandb": {"runtime": 2}}