{"err_test_cmm": 47.26000213623047, "err_train_cmm": 0.0, "_timestamp": 1653573959, "_runtime": 6, "_step": 1, "err_test_cmm_l1": 24.28999900817871, "err_train_cmm_l1": 0.0, "_wandb": {"runtime": 4}}