{"err_test_cavm": 23.594999313354492, "err_test_cmm": 24.654998779296875, "err_train_cavm": 0.0, "err_train_cmm": 0.0, "_timestamp": 1649833954, "_runtime": 217, "_step": 1, "err_test_cavm_l1": 0.9800000190734863, "err_test_cmm_l1": 2.875, "err_train_cavm_l1": 0.0, "err_train_cmm_l1": 0.0, "_wandb": {"runtime": 215}}