{"loss": 6.049134731292725, "train_accuracy": 0.0927734375, "test_accuracy": 0.1, "_timestamp": 1654272210, "_runtime": 114, "_step": 5, "_wandb": {"runtime": 112}}