{"err_test_cavm": 43.0099983215332, "err_test_cmm": 42.994998931884766, "err_train_cavm": 0.0, "err_train_cmm": 0.0, "_timestamp": 1651583789, "_runtime": 4, "_step": 1, "err_test_cavm_l1": 0.0, "err_test_cmm_l1": 50.410003662109375, "err_train_cavm_l1": 0.0, "err_train_cmm_l1": 0.0, "_wandb": {"runtime": 2}}