{"err_test_cavm": 9.039999961853027, "err_test_cmm": 9.835000038146973, "err_train_cavm": 0.0, "err_train_cmm": 0.0, "_timestamp": 1649838271, "_runtime": 552, "_step": 1, "err_test_cavm_l1": 1.0449999570846558, "err_test_cmm_l1": 3.705000162124634, "err_train_cavm_l1": 0.0, "err_train_cmm_l1": 0.0, "_wandb": {"runtime": 550}}