{"err_test_cavm_l1": 15.229999542236328, "err_test_cmm_l1": 36.095001220703125, "err_train_cavm_l1": 0.0, "err_train_cmm_l1": 0.0, "_timestamp": 1651041114, "_runtime": 105, "_step": 0, "_wandb": {"runtime": 101}}