{"err_test_cmm": 27.794998168945312, "err_train_cmm": 0.0, "_timestamp": 1653521913, "_runtime": 4, "_step": 1, "err_test_cmm_l1": 29.649999618530273, "err_train_cmm_l1": 0.0, "_wandb": {"runtime": 1}}