{"err_test_cavm": 24.03499984741211, "err_test_cmm": 24.30500030517578, "err_train_cavm": 0.0, "err_train_cmm": 0.0, "_timestamp": 1653663679, "_runtime": 6, "_step": 1, "err_test_cavm_l1": 3.7250001430511475, "err_test_cmm_l1": 12.404999732971191, "err_train_cavm_l1": 0.0, "err_train_cmm_l1": 0.0, "_wandb": {"runtime": 2}}