{"err_test_cmm": 26.014999389648438, "err_train_cmm": 0.0, "_timestamp": 1653565814, "_runtime": 11, "_step": 1, "err_test_cmm_l1": 3.359999895095825, "err_train_cmm_l1": 0.0, "_wandb": {"runtime": 7}}