{"accuracy": 0.6099609732627869, "loss": 0.026167701929807663, "train_accuracy": 0.6962890625, "Accuracy T-shirt or top": 0.43191057443618774, "Accuracy Trouser": 0.7888015508651733, "Accuracy Pullover": 0.16202783584594727, "Accuracy Dress": 0.6961652040481567, "Accuracy Coat": 0.29371315240859985, "Accuracy Sandal": 0.876616895198822, "Accuracy Shirt": 0.770339846611023, "Accuracy Sneaker": 0.544524073600769, "Accuracy Bag": 0.7209533452987671, "Accuracy Boot": 0.8172690868377686, "_timestamp": 1654886774, "_runtime": 7938, "_step": 199, "_wandb": {"runtime": 7935}}