{"err_test_cavm": 48.27000045776367, "err_test_cmm": 27.239999771118164, "err_train_cavm": 0.0, "err_train_cmm": 0.0, "_timestamp": 1653608408, "_runtime": 5, "_step": 1, "err_test_cavm_l1": 49.494998931884766, "err_test_cmm_l1": 0.5, "err_train_cavm_l1": 0.0, "err_train_cmm_l1": 0.0, "_wandb": {"runtime": 2}}