{"err_test_cmm": 47.720001220703125, "err_train_cmm": 0.0, "_timestamp": 1653640002, "_runtime": 4, "_step": 1, "err_test_cmm_l1": 49.994998931884766, "err_train_cmm_l1": 0.0, "_wandb": {"runtime": 2}}