{"err_test_cavm": 36.21999740600586, "err_test_cmm": 35.345001220703125, "err_train_cavm": 3.0, "err_train_cmm": 0.0, "_timestamp": 1651251043, "_runtime": 5, "_step": 1, "err_test_cavm_l1": 0.0, "err_test_cmm_l1": 46.70499801635742, "err_train_cavm_l1": 0.0, "err_train_cmm_l1": 0.0, "_wandb": {"runtime": 2}}