{"err_test_cavm": 17.450000762939453, "err_test_cmm": 8.140000343322754, "err_train_cavm": 9.980039596557617, "err_train_cmm": 0.0, "_timestamp": 1652109175, "_runtime": 9, "_step": 1, "err_test_cavm_l1": 34.95500183105469, "err_test_cmm_l1": 8.21500015258789, "err_train_cavm_l1": 34.331336975097656, "err_train_cmm_l1": 0.0, "_wandb": {"runtime": 4}}