{"avg_test_c0": 99.47999572753906, "avg_test_c1": 99.11500549316406, "avg_test_c2": 95.63500213623047, "avg_test_cmm": 2.390000104904175, "_timestamp": 1649324061, "_runtime": 10, "_step": 0, "_wandb": {"runtime": 6}}