{"err_test_cavm": 45.95000076293945, "err_test_cmm": 46.21999740600586, "err_train_cavm": 0.0, "err_train_cmm": 0.0, "_timestamp": 1651583814, "_runtime": 5, "_step": 1, "err_test_cavm_l1": 0.0, "err_test_cmm_l1": 50.19999694824219, "err_train_cavm_l1": 0.0, "err_train_cmm_l1": 0.0, "_wandb": {"runtime": 3}}