{"err_test_cavm": 3.8499999046325684, "err_test_cmm": 4.465000152587891, "err_train_cavm": 0.0, "err_train_cmm": 0.0, "_timestamp": 1653664306, "_runtime": 6, "_step": 1, "err_test_cavm_l1": 3.875, "err_test_cmm_l1": 0.35999998450279236, "err_train_cavm_l1": 0.0, "err_train_cmm_l1": 0.0, "_wandb": {"runtime": 3}}