{"err_test_cavm": 47.80500030517578, "err_test_cmm": 47.7400016784668, "err_train_cavm": 0.0, "err_train_cmm": 0.0, "_timestamp": 1651585637, "_runtime": 8, "_step": 1, "err_test_cavm_l1": 0.0, "err_test_cmm_l1": 49.97999954223633, "err_train_cavm_l1": 0.0, "err_train_cmm_l1": 0.0, "_wandb": {"runtime": 5}}