{"err_test_cavm": 14.949999809265137, "err_test_cmm": 7.689999580383301, "err_train_cavm": 7.0, "err_train_cmm": 0.0, "_timestamp": 1651582893, "_runtime": 7, "_step": 1, "err_test_cavm_l1": 0.0, "err_test_cmm_l1": 4.909999847412109, "err_train_cavm_l1": 0.0, "err_train_cmm_l1": 0.0, "_wandb": {"runtime": 2}}