{"err_test_cavm": 0.5350000262260437, "err_test_cmm": 1.4600000381469727, "err_train_cavm": 0.0, "err_train_cmm": 0.0, "_timestamp": 1653608895, "_runtime": 19, "_step": 1, "err_test_cavm_l1": 0.48000001907348633, "err_test_cmm_l1": 0.5799999833106995, "err_train_cavm_l1": 0.0, "err_train_cmm_l1": 0.0, "_wandb": {"runtime": 17}}