{"err_test_cmm": 49.30500030517578, "err_train_cmm": 0.0, "_timestamp": 1653527158, "_runtime": 5, "_step": 1, "err_test_cmm_l1": 49.57999801635742, "err_train_cmm_l1": 0.0, "_wandb": {"runtime": 2}}