{"err_test_cavm": 34.685001373291016, "err_test_cmm": 33.915000915527344, "err_train_cavm": 6.0, "err_train_cmm": 0.0, "_timestamp": 1651249039, "_runtime": 5, "_step": 1, "err_test_cavm_l1": 0.0, "err_test_cmm_l1": 8.789999961853027, "err_train_cavm_l1": 0.0, "err_train_cmm_l1": 0.0, "_wandb": {"runtime": 2}}