{"err_test_cavm": 32.90999984741211, "err_test_cmm": 32.744998931884766, "err_train_cavm": 3.0, "err_train_cmm": 0.0, "_timestamp": 1651583626, "_runtime": 4, "_step": 1, "err_test_cavm_l1": 0.0, "err_test_cmm_l1": 31.009998321533203, "err_train_cavm_l1": 0.0, "err_train_cmm_l1": 0.0, "_wandb": {"runtime": 2}}