{"err_test_cavm": 45.32500076293945, "err_test_cmm": 45.54999923706055, "err_train_cavm": 0.0, "err_train_cmm": 0.0, "_timestamp": 1651583404, "_runtime": 6, "_step": 1, "err_test_cavm_l1": 0.0, "err_test_cmm_l1": 49.810001373291016, "err_train_cavm_l1": 0.0, "err_train_cmm_l1": 0.0, "_wandb": {"runtime": 3}}