{"err_test_cavm_l1": 20.505001068115234, "err_test_cmm_l1": 23.71000099182129, "err_train_cavm_l1": 0.0, "err_train_cmm_l1": 0.0, "_timestamp": 1650997447, "_runtime": 136, "_step": 0, "_wandb": {"runtime": 133}}