{"err_test_cavm": 43.28499984741211, "err_test_cmm": 43.03499984741211, "err_train_cavm": 0.0, "err_train_cmm": 0.0, "_timestamp": 1651584041, "_runtime": 4, "_step": 1, "err_test_cavm_l1": 0.0, "err_test_cmm_l1": 33.85499954223633, "err_train_cavm_l1": 0.0, "err_train_cmm_l1": 0.0, "_wandb": {"runtime": 2}}