{"err_test_cmm": 47.880001068115234, "err_train_cmm": 0.0, "_timestamp": 1653572775, "_runtime": 10, "_step": 1, "err_test_cmm_l1": 16.844999313354492, "err_train_cmm_l1": 0.0, "_wandb": {"runtime": 7}}