{"err_test_cavm_l1": 26.98000144958496, "err_test_cmm_l1": 40.435001373291016, "err_train_cavm_l1": 0.0, "err_train_cmm_l1": 0.0, "_timestamp": 1652283906, "_runtime": 7, "_step": 0, "_wandb": {"runtime": 2}}