{"err_test_cavm": 22.869998931884766, "err_test_cmm": 19.380001068115234, "err_train_cavm": 7.377049446105957, "err_train_cmm": 0.0, "_timestamp": 1652187098, "_runtime": 6, "_step": 1, "err_test_cavm_l1": 0.0, "err_test_cmm_l1": 15.070000648498535, "err_train_cavm_l1": 0.0, "err_train_cmm_l1": 0.0, "_wandb": {"runtime": 2}}