{"err_test_cavm_l1": 49.81999969482422, "err_test_cmm_l1": 49.72999954223633, "err_train_cavm_l1": 0.0, "err_train_cmm_l1": 0.0, "_timestamp": 1651005018, "_runtime": 59, "_step": 0, "_wandb": {"runtime": 57}}