{"err_test_cmm": 49.15999984741211, "err_train_cmm": 0.0, "_timestamp": 1653526967, "_runtime": 6, "_step": 1, "err_test_cmm_l1": 50.19000244140625, "err_train_cmm_l1": 0.0, "_wandb": {"runtime": 3}}