{"err_test_cavm_l1": 3.4699997901916504, "err_test_cmm_l1": 7.850000381469727, "err_train_cavm_l1": 0.0, "err_train_cmm_l1": 0.0, "_timestamp": 1650964533, "_runtime": 113, "_step": 0, "_wandb": {"runtime": 112}}