{"err_test_cavm": 0.6349999904632568, "err_test_cmm": 1.6750000715255737, "err_train_cavm": 0.0, "err_train_cmm": 0.0, "_timestamp": 1653601730, "_runtime": 20, "_step": 1, "err_test_cavm_l1": 0.48000001907348633, "err_test_cmm_l1": 0.6800000071525574, "err_train_cavm_l1": 0.0, "err_train_cmm_l1": 0.0, "_wandb": {"runtime": 18}}