{"err_test_cavm": 29.750001907348633, "err_test_cmm": 30.579999923706055, "err_train_cavm": 0.0, "err_train_cmm": 0.0, "_timestamp": 1649834157, "_runtime": 194, "_step": 1, "err_test_cavm_l1": 1.334999918937683, "err_test_cmm_l1": 4.315000057220459, "err_train_cavm_l1": 0.0, "err_train_cmm_l1": 0.0, "_wandb": {"runtime": 191}}