{"err_test_cavm": 41.60000228881836, "err_test_cmm": 0.0, "err_train_cavm": 35.0, "err_train_cmm": 0.0, "_timestamp": 1653048193, "_runtime": 11, "_step": 1, "err_test_cavm_l1": 50.445003509521484, "err_test_cmm_l1": 14.765000343322754, "err_train_cavm_l1": 44.0, "err_train_cmm_l1": 0.0, "_wandb": {"runtime": 3}}