{"err_test_cavm": 11.265000343322754, "err_test_cmm": 5.059999942779541, "err_train_cavm": 10.0, "err_train_cmm": 0.0, "_timestamp": 1652877304, "_runtime": 3, "_step": 1, "err_test_cavm_l1": 0.0, "err_test_cmm_l1": 3.195000171661377, "err_train_cavm_l1": 0.0, "err_train_cmm_l1": 0.0, "_wandb": {"runtime": 0}}