{"err_test_cavm_l1": 49.529998779296875, "err_test_cmm_l1": 43.18499755859375, "err_train_cavm_l1": 0.0, "err_train_cmm_l1": 0.0, "_timestamp": 1653610807, "_runtime": 6, "_step": 0, "_wandb": {"runtime": 2}}