{"err_test_cavm": 33.939998626708984, "err_test_cmm": 32.79499816894531, "err_train_cavm": 3.0, "err_train_cmm": 0.0, "_timestamp": 1651249328, "_runtime": 5, "_step": 1, "err_test_cavm_l1": 0.0, "err_test_cmm_l1": 12.329999923706055, "err_train_cavm_l1": 0.0, "err_train_cmm_l1": 0.0, "_wandb": {"runtime": 2}}