{"err_test_cavm_l1": 49.73999786376953, "err_test_cmm_l1": 49.845001220703125, "err_train_cavm_l1": 0.0, "err_train_cmm_l1": 0.0, "_timestamp": 1653606798, "_runtime": 5, "_step": 0, "_wandb": {"runtime": 2}}