{"err_test_cavm_l1": 7.8550004959106445, "err_test_cmm_l1": 13.154999732971191, "err_train_cavm_l1": 0.0, "err_train_cmm_l1": 0.0, "_timestamp": 1650971095, "_runtime": 61, "_step": 0, "_wandb": {"runtime": 58}}