{"err_test_cavm": 8.880000114440918, "err_test_cmm": 9.904999732971191, "err_train_cavm": 0.0, "err_train_cmm": 0.0, "_timestamp": 1649829277, "_runtime": 539, "_step": 1, "err_test_cavm_l1": 0.5149999856948853, "err_test_cmm_l1": 1.7650001049041748, "err_train_cavm_l1": 0.0, "err_train_cmm_l1": 0.0, "_wandb": {"runtime": 536}}