{"err_test_cavm_l1": 16.850000381469727, "err_test_cmm_l1": 21.510000228881836, "err_train_cavm_l1": 0.0, "err_train_cmm_l1": 0.0, "_timestamp": 1651000538, "_runtime": 90, "_step": 0, "_wandb": {"runtime": 87}}