{"err_test_cmm": 45.255001068115234, "err_train_cmm": 0.0, "_timestamp": 1653555188, "_runtime": 4, "_step": 1, "err_test_cmm_l1": 15.035000801086426, "err_train_cmm_l1": 0.0, "_wandb": {"runtime": 2}}