{"err_test_cavm": 22.994998931884766, "err_test_cmm": 17.1200008392334, "err_train_cavm": 9.0, "err_train_cmm": 0.0, "_timestamp": 1651248059, "_runtime": 5, "_step": 1, "err_test_cavm_l1": 0.0, "err_test_cmm_l1": 6.914999961853027, "err_train_cavm_l1": 0.0, "err_train_cmm_l1": 0.0, "_wandb": {"runtime": 2}}