{"err_test_cavm": 30.915000915527344, "err_test_cmm": 27.860000610351562, "err_train_cavm": 6.0, "err_train_cmm": 0.0, "_timestamp": 1651251016, "_runtime": 5, "_step": 1, "err_test_cavm_l1": 0.0, "err_test_cmm_l1": 25.514999389648438, "err_train_cavm_l1": 0.0, "err_train_cmm_l1": 0.0, "_wandb": {"runtime": 2}}