{"err_test_cavm_l1": 50.209999084472656, "err_test_cmm_l1": 49.98500061035156, "err_train_cavm_l1": 0.0, "err_train_cmm_l1": 0.0, "_timestamp": 1653598791, "_runtime": 5, "_step": 0, "_wandb": {"runtime": 2}}