{"err_test_cavm": 47.69000244140625, "err_test_cmm": 47.51000213623047, "err_train_cavm": 0.0, "err_train_cmm": 0.0, "_timestamp": 1651583576, "_runtime": 7, "_step": 1, "err_test_cavm_l1": 0.0, "err_test_cmm_l1": 49.63999938964844, "err_train_cavm_l1": 0.0, "err_train_cmm_l1": 0.0, "_wandb": {"runtime": 5}}