{"err_test_cmm": 26.885000228881836, "err_train_cmm": 0.0, "_timestamp": 1653567577, "_runtime": 13, "_step": 1, "err_test_cmm_l1": 3.434999942779541, "err_train_cmm_l1": 0.0, "_wandb": {"runtime": 9}}