{"err_test_cavm": 34.125, "err_test_cmm": 0.0, "err_train_cavm": 31.0, "err_train_cmm": 0.0, "_timestamp": 1652884322, "_runtime": 3, "_step": 1, "err_test_cavm_l1": 49.53499984741211, "err_test_cmm_l1": 38.17499923706055, "err_train_cavm_l1": 54.000003814697266, "err_train_cmm_l1": 0.0, "_wandb": {"runtime": 1}}