{"err_test_cavm": 48.05000305175781, "err_test_cmm": 48.03499984741211, "err_train_cavm": 0.0, "err_train_cmm": 0.0, "_timestamp": 1649782364, "_runtime": 340, "_step": 1, "err_test_cavm_l1": 4.835000038146973, "err_test_cmm_l1": 10.069999694824219, "err_train_cavm_l1": 0.0, "err_train_cmm_l1": 0.0, "_wandb": {"runtime": 336}}