{"err_test_cavm": 0.4449999928474426, "err_test_cmm": 0.9850000143051147, "err_train_cavm": 0.0, "err_train_cmm": 0.0, "_timestamp": 1653600883, "_runtime": 85, "_step": 1, "err_test_cavm_l1": 0.5600000023841858, "err_test_cmm_l1": 0.6299999952316284, "err_train_cavm_l1": 0.0, "err_train_cmm_l1": 0.0, "_wandb": {"runtime": 82}}