{"err_test_cmm": 46.21999740600586, "err_train_cmm": 0.0, "_timestamp": 1653572755, "_runtime": 7, "_step": 1, "err_test_cmm_l1": 11.110000610351562, "err_train_cmm_l1": 0.0, "_wandb": {"runtime": 4}}