{"err_test_cavm_l1": 0.9750000238418579, "err_test_cmm_l1": 8.800000190734863, "err_train_cavm_l1": 0.0, "err_train_cmm_l1": 0.0, "_timestamp": 1651019471, "_runtime": 122, "_step": 0, "_wandb": {"runtime": 120}}