{"err_test_cavm": 31.330001831054688, "err_test_cmm": 32.814998626708984, "err_train_cavm": 0.0, "err_train_cmm": 0.0, "_timestamp": 1649781841, "_runtime": 108, "_step": 1, "err_test_cavm_l1": 3.1399998664855957, "err_test_cmm_l1": 6.494999885559082, "err_train_cavm_l1": 0.0, "err_train_cmm_l1": 0.0, "_wandb": {"runtime": 105}}