{"err_test_cavm_l1": 50.15500259399414, "err_test_cmm_l1": 49.974998474121094, "err_train_cavm_l1": 0.0, "err_train_cmm_l1": 0.0, "_timestamp": 1653598943, "_runtime": 5, "_step": 0, "_wandb": {"runtime": 2}}