{"err_test_cavm": 46.34000015258789, "err_test_cmm": 46.23500061035156, "err_train_cavm": 0.0, "err_train_cmm": 0.0, "_timestamp": 1652187209, "_runtime": 7, "_step": 1, "err_test_cavm_l1": 49.57500076293945, "err_test_cmm_l1": 50.0150032043457, "err_train_cavm_l1": 0.0, "err_train_cmm_l1": 0.0, "_wandb": {"runtime": 3}}