{"err_test_cavm_l1": 2.950000047683716, "err_test_cmm_l1": 6.12999963760376, "err_train_cavm_l1": 0.0, "err_train_cmm_l1": 0.0, "_timestamp": 1650965075, "_runtime": 58, "_step": 0, "_wandb": {"runtime": 56}}