{"err_test_cavm_l1": 3.634999990463257, "err_test_cmm_l1": 8.835000038146973, "err_train_cavm_l1": 0.0, "err_train_cmm_l1": 0.0, "_timestamp": 1651142783, "_runtime": 132, "_step": 0, "_wandb": {"runtime": 127}}