{"err_test_cmm": 26.594999313354492, "err_train_cmm": 0.0, "_timestamp": 1653566994, "_runtime": 15, "_step": 1, "err_test_cmm_l1": 3.674999952316284, "err_train_cmm_l1": 0.0, "_wandb": {"runtime": 10}}