{"err_test_cavm_l1": 34.63999938964844, "err_test_cmm_l1": 50.435001373291016, "err_train_cavm_l1": 0.0, "err_train_cmm_l1": 0.0, "_timestamp": 1652279722, "_runtime": 110, "_step": 0, "_wandb": {"runtime": 105}}