{"err_test_cavm_l1": 29.89499855041504, "err_test_cmm_l1": 39.2599983215332, "err_train_cavm_l1": 0.0, "err_train_cmm_l1": 0.0, "_timestamp": 1651036627, "_runtime": 119, "_step": 0, "_wandb": {"runtime": 117}}