{"err_test_cavm_l1": 17.135000228881836, "err_test_cmm_l1": 37.05500030517578, "err_train_cavm_l1": 0.0, "err_train_cmm_l1": 0.0, "_timestamp": 1651027698, "_runtime": 116, "_step": 0, "_wandb": {"runtime": 113}}