{"err_test_cavm_l1": 2.805000066757202, "err_test_cmm_l1": 0.35999998450279236, "err_train_cavm_l1": 0.0, "err_train_cmm_l1": 0.0, "_timestamp": 1653134826, "_runtime": 7, "_step": 0, "_wandb": {"runtime": 2}}