{"err_test_cavm": 26.655000686645508, "err_test_cmm": 24.770000457763672, "err_train_cavm": 11.0, "err_train_cmm": 0.0, "_timestamp": 1651248877, "_runtime": 5, "_step": 1, "err_test_cavm_l1": 0.0, "err_test_cmm_l1": 5.110000133514404, "err_train_cavm_l1": 0.0, "err_train_cmm_l1": 0.0, "_wandb": {"runtime": 2}}