{"err_test_cavm": 22.700000762939453, "err_test_cmm": 24.135000228881836, "err_train_cavm": 0.0, "err_train_cmm": 0.0, "_timestamp": 1649829766, "_runtime": 204, "_step": 1, "err_test_cavm_l1": 1.059999942779541, "err_test_cmm_l1": 3.190000057220459, "err_train_cavm_l1": 0.0, "err_train_cmm_l1": 0.0, "_wandb": {"runtime": 202}}