{"err_test_cavm_l1": 0.3050000071525574, "err_test_cmm_l1": 4.929999828338623, "err_train_cavm_l1": 0.30000001192092896, "err_train_cmm_l1": 0.0, "_timestamp": 1651829085, "_runtime": 8, "_step": 0, "_wandb": {"runtime": 5}}