{"err_test_cavm": 40.654998779296875, "err_test_cmm": 41.11000061035156, "err_train_cavm": 0.0, "err_train_cmm": 0.0, "_timestamp": 1651585581, "_runtime": 4, "_step": 1, "err_test_cavm_l1": 0.0, "err_test_cmm_l1": 39.53999710083008, "err_train_cavm_l1": 0.0, "err_train_cmm_l1": 0.0, "_wandb": {"runtime": 2}}