{"loss": 343.35858154296875, "train_accuracy": 0.48828125, "test_accuracy": 0.5, "_timestamp": 1654079829, "_runtime": 54, "_step": 2}