{"loss": 0.7284350991249084, "train_accuracy": 0.62109375, "test_accuracy": 0.5, "_timestamp": 1654080176, "_runtime": 401, "_step": 29, "_wandb": {"runtime": 409}}