{"err_test_cmm": 46.00499725341797, "err_train_cmm": 0.0, "_timestamp": 1653585703, "_runtime": 6, "_step": 1, "err_test_cmm_l1": 37.470001220703125, "err_train_cmm_l1": 0.0, "_wandb": {"runtime": 3}}