{"err_test_cmm": 26.350000381469727, "err_train_cmm": 0.0, "_timestamp": 1653567121, "_runtime": 14, "_step": 1, "err_test_cmm_l1": 3.359999895095825, "err_train_cmm_l1": 0.0, "_wandb": {"runtime": 10}}