{"err_test_cavm": 28.829999923706055, "err_test_cmm": 23.145000457763672, "err_train_cavm": 8.0, "err_train_cmm": 0.0, "_timestamp": 1651251527, "_runtime": 6, "_step": 1, "err_test_cavm_l1": 0.0, "err_test_cmm_l1": 19.310001373291016, "err_train_cavm_l1": 0.0, "err_train_cmm_l1": 0.0, "_wandb": {"runtime": 2}}