{"err_test_cavm_l1": 6.400000095367432, "err_test_cmm_l1": 14.524999618530273, "err_train_cavm_l1": 0.0, "err_train_cmm_l1": 0.0, "_timestamp": 1650982517, "_runtime": 118, "_step": 0, "_wandb": {"runtime": 114}}