{"err_test_cmm": 34.95500183105469, "err_train_cmm": 0.0, "_timestamp": 1653525906, "_runtime": 3, "_step": 1, "err_test_cmm_l1": 32.30500030517578, "err_train_cmm_l1": 0.0, "_wandb": {"runtime": 1}}