{"err_test_cmm": 40.54999923706055, "err_train_cmm": 0.0, "_timestamp": 1653526616, "_runtime": 5, "_step": 1, "err_test_cmm_l1": 41.13999938964844, "err_train_cmm_l1": 0.0, "_wandb": {"runtime": 1}}