{"err_test_cavm_l1": 3.4100000858306885, "err_test_cmm_l1": 7.570000171661377, "err_train_cavm_l1": 0.0, "err_train_cmm_l1": 0.0, "_timestamp": 1650977569, "_runtime": 96, "_step": 0, "_wandb": {"runtime": 92}}