{"err_test_cavm_l1": 22.03499984741211, "err_test_cmm_l1": 39.1349983215332, "err_train_cavm_l1": 0.0, "err_train_cmm_l1": 0.0, "_timestamp": 1651031112, "_runtime": 103, "_step": 0, "_wandb": {"runtime": 101}}