{"err_test_cavm_l1": 2.0899999141693115, "err_test_cmm_l1": 39.51499938964844, "err_train_cavm_l1": 0.0, "err_train_cmm_l1": 0.0, "_timestamp": 1653059877, "_runtime": 11, "_step": 0, "_wandb": {"runtime": 2}}