{"err_test_cavm": 45.599998474121094, "err_test_cmm": 45.255001068115234, "err_train_cavm": 0.0, "err_train_cmm": 0.0, "_timestamp": 1651247477, "_runtime": 5, "_step": 1, "err_test_cavm_l1": 0.0, "err_test_cmm_l1": 50.36000061035156, "err_train_cavm_l1": 0.0, "err_train_cmm_l1": 0.0, "_wandb": {"runtime": 2}}