{"err_test_cavm": 38.42499923706055, "err_test_cmm": 37.650001525878906, "err_train_cavm": 0.0, "err_train_cmm": 0.0, "_timestamp": 1651586816, "_runtime": 4, "_step": 1, "err_test_cavm_l1": 0.0, "err_test_cmm_l1": 25.844999313354492, "err_train_cavm_l1": 0.0, "err_train_cmm_l1": 0.0, "_wandb": {"runtime": 2}}