{"err_test_cavm_l1": 35.22999954223633, "err_test_cmm_l1": 49.13999938964844, "err_train_cavm_l1": 0.0, "err_train_cmm_l1": 0.0, "_timestamp": 1651031194, "_runtime": 73, "_step": 0, "_wandb": {"runtime": 70}}