{"err_test_cavm_l1": 35.55000305175781, "err_test_cmm_l1": 50.20499801635742, "err_train_cavm_l1": 0.0, "err_train_cmm_l1": 0.0, "_timestamp": 1651836785, "_runtime": 6, "_step": 0, "_wandb": {"runtime": 2}}