{"err_test_cmm": 45.26499938964844, "err_train_cmm": 0.0, "_timestamp": 1653523631, "_runtime": 3, "_step": 1, "err_test_cmm_l1": 49.65999984741211, "err_train_cmm_l1": 0.0, "_wandb": {"runtime": 1}}