{"err_test_cavm": 23.114999771118164, "err_test_cmm": 23.104999542236328, "err_train_cavm": 0.0, "err_train_cmm": 0.0, "_timestamp": 1653608780, "_runtime": 6, "_step": 1, "err_test_cavm_l1": 11.59000015258789, "err_test_cmm_l1": 4.690000057220459, "err_train_cavm_l1": 0.0, "err_train_cmm_l1": 0.0, "_wandb": {"runtime": 2}}