{"err_test_cavm_l1": 0.7350000143051147, "err_test_cmm_l1": 2.370000123977661, "err_train_cavm_l1": 0.0, "err_train_cmm_l1": 0.0, "_timestamp": 1650971267, "_runtime": 165, "_step": 0, "_wandb": {"runtime": 163}}