{"err_test_cavm": 46.380001068115234, "err_test_cmm": 46.41999816894531, "err_train_cavm": 0.0, "err_train_cmm": 0.0, "_timestamp": 1651586489, "_runtime": 5, "_step": 1, "err_test_cavm_l1": 0.0, "err_test_cmm_l1": 49.709999084472656, "err_train_cavm_l1": 0.0, "err_train_cmm_l1": 0.0, "_wandb": {"runtime": 3}}