{"err_test_c0": 100.0, "err_test_c1": 100.0, "err_test_c2": 100.0, "err_test_cmm": 44.72500228881836, "err_train_c0": 100.0, "err_train_c1": 100.0, "err_train_c2": 100.0, "err_train_cmm": 0.0, "_timestamp": 1649368727, "_runtime": 21535, "_step": 1, "err_test_c0_l1": 100.0, "err_test_c1_l1": 100.0, "err_test_c2_l1": 100.0, "err_test_cmm_l1": 7.320000171661377, "err_train_c0_l1": 100.0, "err_train_c1_l1": 100.0, "err_train_c2_l1": 100.0, "err_train_cmm_l1": 0.0, "_wandb": {"runtime": 21532}}