{"err_test_cavm": 45.48500061035156, "err_test_cmm": 45.35499954223633, "err_train_cavm": 0.0, "err_train_cmm": 0.0, "_timestamp": 1651251083, "_runtime": 5, "_step": 1, "err_test_cavm_l1": 0.0, "err_test_cmm_l1": 50.06999969482422, "err_train_cavm_l1": 0.0, "err_train_cmm_l1": 0.0, "_wandb": {"runtime": 3}}