{"err_test_cavm": 45.2400016784668, "err_test_cmm": 45.2400016784668, "err_train_cavm": 0.0, "err_train_cmm": 0.0, "_timestamp": 1652261538, "_runtime": 8, "_step": 1, "err_test_cavm_l1": 0.0, "err_test_cmm_l1": 50.125003814697266, "err_train_cavm_l1": 0.0, "err_train_cmm_l1": 0.0, "_wandb": {"runtime": 4}}