{"err_test_cavm": 18.079999923706055, "err_test_cmm": 10.069999694824219, "err_train_cavm": 9.0, "err_train_cmm": 0.0, "_timestamp": 1651246932, "_runtime": 4, "_step": 1, "err_test_cavm_l1": 0.0, "err_test_cmm_l1": 5.175000190734863, "err_train_cavm_l1": 0.0, "err_train_cmm_l1": 0.0, "_wandb": {"runtime": 1}}