{"err_test_cavm_l1": 15.979999542236328, "err_test_cmm_l1": 20.575000762939453, "err_train_cavm_l1": 0.0, "err_train_cmm_l1": 0.0, "_timestamp": 1650993672, "_runtime": 114, "_step": 0, "_wandb": {"runtime": 112}}