{"err_test_cavm_l1": 5.799999713897705, "err_test_cmm_l1": 25.229999542236328, "err_train_cavm_l1": 4.0, "err_train_cmm_l1": 0.0, "_timestamp": 1651836732, "_runtime": 7, "_step": 0, "_wandb": {"runtime": 2}}