{"err_test_cavm": 18.549999237060547, "err_test_cmm": 18.905000686645508, "err_train_cavm": 7.0, "err_train_cmm": 0.0, "_timestamp": 1651247295, "_runtime": 4, "_step": 1, "err_test_cavm_l1": 0.0, "err_test_cmm_l1": 14.925000190734863, "err_train_cavm_l1": 0.0, "err_train_cmm_l1": 0.0, "_wandb": {"runtime": 2}}