{"err_test_cmm": 43.7599983215332, "err_train_cmm": 0.0, "_timestamp": 1653573143, "_runtime": 6, "_step": 1, "err_test_cmm_l1": 16.21500015258789, "err_train_cmm_l1": 0.0, "_wandb": {"runtime": 3}}