{"err_test_cavm": 46.209999084472656, "err_test_cmm": 46.04499816894531, "err_train_cavm": 0.0, "err_train_cmm": 0.0, "_timestamp": 1651656935, "_runtime": 7, "_step": 0, "_wandb": {"runtime": 4}}