{"err_test_cmm": 14.200000762939453, "err_train_cmm": 0.0, "_timestamp": 1653524320, "_runtime": 7, "_step": 1, "err_test_cmm_l1": 8.869999885559082, "err_train_cmm_l1": 0.0, "_wandb": {"runtime": 5}}