{"err_test_cavm": 15.454999923706055, "err_test_cmm": 1.4299999475479126, "err_train_cavm": 0.0, "err_train_cmm": 0.0, "_timestamp": 1653607884, "_runtime": 20, "_step": 1, "err_test_cavm_l1": 1.6750000715255737, "err_test_cmm_l1": 0.5400000214576721, "err_train_cavm_l1": 0.0, "err_train_cmm_l1": 0.0, "_wandb": {"runtime": 18}}