{"err_test_cavm_l1": 2.8949999809265137, "err_test_cmm_l1": 28.490001678466797, "err_train_cavm_l1": 0.0, "err_train_cmm_l1": 0.0, "_timestamp": 1652280214, "_runtime": 7, "_step": 0, "_wandb": {"runtime": 2}}