{"err_test_cmm": 37.154998779296875, "err_train_cmm": 0.0, "_timestamp": 1653527706, "_runtime": 4, "_step": 1, "err_test_cmm_l1": 43.834999084472656, "err_train_cmm_l1": 0.0, "_wandb": {"runtime": 0}}