{"err_test_cavm": 14.695000648498535, "err_test_cmm": 10.40000057220459, "err_train_cavm": 8.183632850646973, "err_train_cmm": 0.0, "_timestamp": 1652109646, "_runtime": 13, "_step": 1, "err_test_cavm_l1": 35.53499984741211, "err_test_cmm_l1": 10.320000648498535, "err_train_cavm_l1": 31.536924362182617, "err_train_cmm_l1": 0.0, "_wandb": {"runtime": 5}}