{"err_test_cavm": 26.975000381469727, "err_test_cmm": 22.520000457763672, "err_train_cavm": 6.0, "err_train_cmm": 0.0, "_timestamp": 1651247772, "_runtime": 8, "_step": 1, "err_test_cavm_l1": 0.0, "err_test_cmm_l1": 23.56999969482422, "err_train_cavm_l1": 0.0, "err_train_cmm_l1": 0.0, "_wandb": {"runtime": 2}}