{"err_test_cavm": 37.85000228881836, "err_test_cmm": 37.20000076293945, "err_train_cavm": 0.0, "err_train_cmm": 0.0, "_timestamp": 1652261476, "_runtime": 7, "_step": 1, "err_test_cavm_l1": 0.0, "err_test_cmm_l1": 28.520000457763672, "err_train_cavm_l1": 0.0, "err_train_cmm_l1": 0.0, "_wandb": {"runtime": 3}}