{"err_test_cavm": 0.02500000037252903, "err_test_cmm": 0.0, "err_train_cavm": 0.0, "err_train_cmm": 0.0, "_timestamp": 1652884003, "_runtime": 6, "_step": 1, "err_test_cavm_l1": 49.814998626708984, "err_test_cmm_l1": 50.71500015258789, "err_train_cavm_l1": 58.0, "err_train_cmm_l1": 0.0, "_wandb": {"runtime": 3}}