{"err_test_cavm": 44.76000213623047, "err_test_cmm": 44.83500289916992, "err_train_cavm": 0.0, "err_train_cmm": 0.0, "_timestamp": 1651582851, "_runtime": 5, "_step": 1, "err_test_cavm_l1": 0.0, "err_test_cmm_l1": 50.19999694824219, "err_train_cavm_l1": 0.0, "err_train_cmm_l1": 0.0, "_wandb": {"runtime": 2}}