{"err_test_cmm": 42.15999984741211, "err_train_cmm": 0.0, "_timestamp": 1653526846, "_runtime": 3, "_step": 1, "err_test_cmm_l1": 50.150001525878906, "err_train_cmm_l1": 0.0, "_wandb": {"runtime": 1}}