{"err_test_cavm": 42.53499984741211, "err_test_cmm": 6.954999923706055, "err_train_cavm": 0.0, "err_train_cmm": 0.0, "_timestamp": 1653607749, "_runtime": 5, "_step": 1, "err_test_cavm_l1": 5.875, "err_test_cmm_l1": 0.4699999988079071, "err_train_cavm_l1": 0.0, "err_train_cmm_l1": 0.0, "_wandb": {"runtime": 3}}