{"err_test_cavm": 47.78000259399414, "err_test_cmm": 47.560001373291016, "err_train_cavm": 0.0, "err_train_cmm": 0.0, "_timestamp": 1651583137, "_runtime": 8, "_step": 1, "err_test_cavm_l1": 0.0, "err_test_cmm_l1": 50.099998474121094, "err_train_cavm_l1": 0.0, "err_train_cmm_l1": 0.0, "_wandb": {"runtime": 5}}