{"err_test_cavm": 7.744999885559082, "err_test_cmm": 8.505000114440918, "err_train_cavm": 0.0, "err_train_cmm": 0.0, "_timestamp": 1649783133, "_runtime": 94, "_step": 1, "err_test_cavm_l1": 2.694999933242798, "err_test_cmm_l1": 4.664999961853027, "err_train_cavm_l1": 0.0, "err_train_cmm_l1": 0.0, "_wandb": {"runtime": 91}}