{"err_test_cavm_l1": 2.180000066757202, "err_test_cmm_l1": 9.46500015258789, "err_train_cavm_l1": 0.0, "err_train_cmm_l1": 0.0, "_timestamp": 1652283183, "_runtime": 7, "_step": 0, "_wandb": {"runtime": 3}}