{"err_test_cavm": 39.64500045776367, "err_test_cmm": 39.19499969482422, "err_train_cavm": 0.0, "err_train_cmm": 0.0, "_timestamp": 1651583651, "_runtime": 4, "_step": 1, "err_test_cavm_l1": 0.0, "err_test_cmm_l1": 49.845001220703125, "err_train_cavm_l1": 0.0, "err_train_cmm_l1": 0.0, "_wandb": {"runtime": 2}}