{"err_test_cavm_l1": 3.5450000762939453, "err_test_cmm_l1": 7.339999675750732, "err_train_cavm_l1": 0.0, "err_train_cmm_l1": 0.0, "_timestamp": 1651142142, "_runtime": 106, "_step": 0, "_wandb": {"runtime": 102}}