{"err_test_cavm": 20.434999465942383, "err_test_cmm": 19.614999771118164, "err_train_cavm": 8.0, "err_train_cmm": 0.0, "_timestamp": 1651249447, "_runtime": 5, "_step": 1, "err_test_cavm_l1": 0.0, "err_test_cmm_l1": 7.760000228881836, "err_train_cavm_l1": 0.0, "err_train_cmm_l1": 0.0, "_wandb": {"runtime": 2}}