{"err_test_cavm_l1": 2.924999952316284, "err_test_cmm_l1": 8.130000114440918, "err_train_cavm_l1": 0.0, "err_train_cmm_l1": 0.0, "_timestamp": 1650962523, "_runtime": 51, "_step": 0, "_wandb": {"runtime": 49}}