{"err_test_cavm_l1": 29.7549991607666, "err_test_cmm_l1": 29.78999900817871, "err_train_cavm_l1": 0.0, "err_train_cmm_l1": 0.0, "_timestamp": 1651030163, "_runtime": 71, "_step": 0, "_wandb": {"runtime": 68}}