{"err_test_cavm": 26.204999923706055, "err_test_cmm": 26.475000381469727, "err_train_cavm": 0.0, "err_train_cmm": 0.0, "_timestamp": 1653601926, "_runtime": 5, "_step": 1, "err_test_cavm_l1": 0.2750000059604645, "err_test_cmm_l1": 0.6450000405311584, "err_train_cavm_l1": 0.0, "err_train_cmm_l1": 0.0, "_wandb": {"runtime": 2}}