{"err_test_cavm": 38.53499984741211, "err_test_cmm": 25.96000099182129, "err_train_cavm": 0.0, "err_train_cmm": 0.0, "_timestamp": 1653602784, "_runtime": 5, "_step": 1, "err_test_cavm_l1": 21.565000534057617, "err_test_cmm_l1": 0.38499999046325684, "err_train_cavm_l1": 0.0, "err_train_cmm_l1": 0.0, "_wandb": {"runtime": 2}}