{"err_test_cavm_l1": 11.864999771118164, "err_test_cmm_l1": 37.529998779296875, "err_train_cavm_l1": 0.0, "err_train_cmm_l1": 0.0, "_timestamp": 1651025740, "_runtime": 108, "_step": 0, "_wandb": {"runtime": 106}}