{"err_test_cmm": 47.34000015258789, "err_train_cmm": 0.0, "_timestamp": 1653567926, "_runtime": 11, "_step": 1, "err_test_cmm_l1": 11.680000305175781, "err_train_cmm_l1": 0.0, "_wandb": {"runtime": 8}}