{"err_test_cmm": 47.85499954223633, "err_train_cmm": 0.0, "_timestamp": 1653570468, "_runtime": 9, "_step": 1, "err_test_cmm_l1": 8.739999771118164, "err_train_cmm_l1": 0.0, "_wandb": {"runtime": 7}}