{"err_test_cavm_l1": 27.295000076293945, "err_test_cmm_l1": 36.974998474121094, "err_train_cavm_l1": 0.0, "err_train_cmm_l1": 0.0, "_timestamp": 1651034863, "_runtime": 109, "_step": 0, "_wandb": {"runtime": 106}}