{"err_test_cavm": 38.04999923706055, "err_test_cmm": 38.310001373291016, "err_train_cavm": 1.0, "err_train_cmm": 0.0, "_timestamp": 1651584142, "_runtime": 4, "_step": 1, "err_test_cavm_l1": 0.0, "err_test_cmm_l1": 37.720001220703125, "err_train_cavm_l1": 0.0, "err_train_cmm_l1": 0.0, "_wandb": {"runtime": 2}}