{"err_test_cavm": 33.084999084472656, "err_test_cmm": 31.520000457763672, "err_train_cavm": 4.0, "err_train_cmm": 0.0, "_timestamp": 1651247317, "_runtime": 3, "_step": 1, "err_test_cavm_l1": 0.0, "err_test_cmm_l1": 38.74500274658203, "err_train_cavm_l1": 0.0, "err_train_cmm_l1": 0.0, "_wandb": {"runtime": 2}}