{"err_test_cavm": 44.92500305175781, "err_test_cmm": 44.79500198364258, "err_train_cavm": 0.0, "err_train_cmm": 0.0, "_timestamp": 1651248947, "_runtime": 6, "_step": 1, "err_test_cavm_l1": 0.0, "err_test_cmm_l1": 9.194999694824219, "err_train_cavm_l1": 0.0, "err_train_cmm_l1": 0.0, "_wandb": {"runtime": 3}}