{"err_test_cavm": 45.23500061035156, "err_test_cmm": 45.17499923706055, "err_train_cavm": 0.0, "err_train_cmm": 0.0, "_timestamp": 1651582715, "_runtime": 7, "_step": 1, "err_test_cavm_l1": 0.0, "err_test_cmm_l1": 49.7599983215332, "err_train_cavm_l1": 0.0, "err_train_cmm_l1": 0.0, "_wandb": {"runtime": 2}}