{"err_test_cavm": 0.004999999888241291, "err_test_cmm": 0.06499999761581421, "err_train_cavm": 0.0, "err_train_cmm": 0.0, "_timestamp": 1653583455, "_runtime": 5, "_step": 1, "err_test_cavm_l1": 0.004999999888241291, "err_test_cmm_l1": 0.015000000596046448, "err_train_cavm_l1": 0.0, "err_train_cmm_l1": 0.0, "_wandb": {"runtime": 2}}