{"err_test_cmm": 48.84000015258789, "err_train_cmm": 0.0, "_timestamp": 1653526748, "_runtime": 6, "_step": 1, "err_test_cmm_l1": 50.054996490478516, "err_train_cmm_l1": 0.0, "_wandb": {"runtime": 3}}