{"err_test_cavm_l1": 12.944999694824219, "err_test_cmm_l1": 17.110000610351562, "err_train_cavm_l1": 0.0, "err_train_cmm_l1": 0.0, "_timestamp": 1650996580, "_runtime": 119, "_step": 0, "_wandb": {"runtime": 116}}