{"err_test_cavm": 45.93000030517578, "err_test_cmm": 45.79999923706055, "err_train_cavm": 0.0, "err_train_cmm": 0.0, "_timestamp": 1652261771, "_runtime": 9, "_step": 1, "err_test_cavm_l1": 0.0, "err_test_cmm_l1": 49.82999801635742, "err_train_cavm_l1": 0.0, "err_train_cmm_l1": 0.0, "_wandb": {"runtime": 5}}