{"err_test_cavm_l1": 21.975000381469727, "err_test_cmm_l1": 25.90999984741211, "err_train_cavm_l1": 0.0, "err_train_cmm_l1": 0.0, "_timestamp": 1651000226, "_runtime": 116, "_step": 0, "_wandb": {"runtime": 114}}