{"err_test_cmm": 10.145000457763672, "err_train_cmm": 0.0, "_timestamp": 1653527221, "_runtime": 3, "_step": 1, "err_test_cmm_l1": 6.050000190734863, "err_train_cmm_l1": 0.0, "_wandb": {"runtime": 1}}