{"err_test_cavm_l1": 1.0150001049041748, "err_test_cmm_l1": 8.364999771118164, "err_train_cavm_l1": 0.0, "err_train_cmm_l1": 0.0, "_timestamp": 1651021358, "_runtime": 133, "_step": 0, "_wandb": {"runtime": 130}}