{"err_test_cavm": 28.799999237060547, "err_test_cmm": 25.47500228881836, "err_train_cavm": 11.0, "err_train_cmm": 0.0, "_timestamp": 1651583991, "_runtime": 3, "_step": 1, "err_test_cavm_l1": 0.0, "err_test_cmm_l1": 21.26999855041504, "err_train_cavm_l1": 0.0, "err_train_cmm_l1": 0.0, "_wandb": {"runtime": 2}}