{"err_test_cmm": 45.17000198364258, "err_train_cmm": 0.0, "_timestamp": 1653572543, "_runtime": 5, "_step": 1, "err_test_cmm_l1": 15.140000343322754, "err_train_cmm_l1": 0.0, "_wandb": {"runtime": 3}}