{"err_test_cmm": 42.22999954223633, "err_train_cmm": 0.0, "_timestamp": 1653572921, "_runtime": 5, "_step": 1, "err_test_cmm_l1": 18.850000381469727, "err_train_cmm_l1": 0.0, "_wandb": {"runtime": 2}}