{"err_test_cavm": 4.730000019073486, "err_test_cmm": 0.8849999904632568, "err_train_cavm": 0.0, "err_train_cmm": 0.0, "_timestamp": 1653608178, "_runtime": 86, "_step": 1, "err_test_cavm_l1": 0.9399999976158142, "err_test_cmm_l1": 0.48000001907348633, "err_train_cavm_l1": 0.0, "err_train_cmm_l1": 0.0, "_wandb": {"runtime": 83}}