{"err_test_cavm_l1": 0.6949999928474426, "err_test_cmm_l1": 0.2549999952316284, "err_train_cavm_l1": 1.0, "err_train_cmm_l1": 0.0, "_timestamp": 1653134600, "_runtime": 7, "_step": 0, "_wandb": {"runtime": 2}}