{"err_test_cmm": 6.610000133514404, "err_train_cmm": 0.0, "_timestamp": 1653527873, "_runtime": 4, "_step": 1, "err_test_cmm_l1": 5.184999942779541, "err_train_cmm_l1": 0.0, "_wandb": {"runtime": 0}}