{"err_test_cmm": 48.64500045776367, "err_train_cmm": 0.0, "_timestamp": 1653585041, "_runtime": 11, "_step": 1, "err_test_cmm_l1": 43.904998779296875, "err_train_cmm_l1": 0.0, "_wandb": {"runtime": 7}}