{"err_test_cavm": 0.13500000536441803, "err_test_cmm": 0.39499998092651367, "err_train_cavm": 0.0, "err_train_cmm": 0.0, "_timestamp": 1653662586, "_runtime": 78, "_step": 1, "err_test_cavm_l1": 0.13500000536441803, "err_test_cmm_l1": 0.20999999344348907, "err_train_cavm_l1": 0.0, "err_train_cmm_l1": 0.0, "_wandb": {"runtime": 75}}