{"err_test_cavm": 16.809999465942383, "err_test_cmm": 8.34000015258789, "err_train_cavm": 7.0, "err_train_cmm": 0.0, "_timestamp": 1651249432, "_runtime": 4, "_step": 1, "err_test_cavm_l1": 0.0, "err_test_cmm_l1": 5.610000133514404, "err_train_cavm_l1": 0.0, "err_train_cmm_l1": 0.0, "_wandb": {"runtime": 2}}