{"err_test_cavm_l1": 2.309999942779541, "err_test_cmm_l1": 7.240000247955322, "err_train_cavm_l1": 0.0, "err_train_cmm_l1": 0.0, "_timestamp": 1651038567, "_runtime": 62, "_step": 0, "_wandb": {"runtime": 60}}