{"err_test_cavm_l1": 4.735000133514404, "err_test_cmm_l1": 1.9500000476837158, "err_train_cavm_l1": 0.0, "err_train_cmm_l1": 0.0, "_timestamp": 1653135295, "_runtime": 6, "_step": 0, "_wandb": {"runtime": 2}}