{"err_test_cavm": 15.385000228881836, "err_test_cmm": 17.03999900817871, "err_train_cavm": 0.0, "err_train_cmm": 0.0, "_timestamp": 1649829553, "_runtime": 268, "_step": 1, "err_test_cavm_l1": 0.8600000143051147, "err_test_cmm_l1": 2.625, "err_train_cavm_l1": 0.0, "err_train_cmm_l1": 0.0, "_wandb": {"runtime": 267}}