{"err_test_cavm": 36.02000045776367, "err_test_cmm": 35.595001220703125, "err_train_cavm": 1.0, "err_train_cmm": 0.0, "_timestamp": 1651247328, "_runtime": 4, "_step": 1, "err_test_cavm_l1": 0.0, "err_test_cmm_l1": 48.415000915527344, "err_train_cavm_l1": 0.0, "err_train_cmm_l1": 0.0, "_wandb": {"runtime": 2}}