{"err_test_cavm": 44.970001220703125, "err_test_cmm": 45.04500198364258, "err_train_cavm": 0.0, "err_train_cmm": 0.0, "_timestamp": 1649714015, "_runtime": 450, "_step": 0, "_wandb": {"runtime": 2148}}