{"err_test_cavm": 47.560001373291016, "err_test_cmm": 47.665000915527344, "err_train_cavm": 0.0, "err_train_cmm": 0.0, "_timestamp": 1651588628, "_runtime": 12, "_step": 1, "err_test_cavm_l1": 0.0, "err_test_cmm_l1": 49.665000915527344, "err_train_cavm_l1": 0.0, "err_train_cmm_l1": 0.0, "_wandb": {"runtime": 4}}