{"err_test_cavm": 22.764999389648438, "err_test_cmm": 17.985000610351562, "err_train_cavm": 6.0, "err_train_cmm": 0.0, "_timestamp": 1652877260, "_runtime": 3, "_step": 1, "err_test_cavm_l1": 0.0, "err_test_cmm_l1": 17.235000610351562, "err_train_cavm_l1": 0.0, "err_train_cmm_l1": 0.0, "_wandb": {"runtime": 1}}