{"err_test_cavm_l1": 0.6349999904632568, "err_test_cmm_l1": 2.294999837875366, "err_train_cavm_l1": 0.0, "err_train_cmm_l1": 0.0, "_timestamp": 1650970390, "_runtime": 164, "_step": 0, "_wandb": {"runtime": 162}}