{"err_test_cavm": 35.37000274658203, "err_test_cmm": 33.15999984741211, "err_train_cavm": 1.7241379022598267, "err_train_cmm": 0.0, "_timestamp": 1652109490, "_runtime": 11, "_step": 1, "err_test_cavm_l1": 35.939998626708984, "err_test_cmm_l1": 36.46500015258789, "err_train_cavm_l1": 27.586206436157227, "err_train_cmm_l1": 0.0, "_wandb": {"runtime": 4}}