{"err_test_cavm_l1": 23.895000457763672, "err_test_cmm_l1": 49.48999786376953, "err_train_cavm_l1": 0.0, "err_train_cmm_l1": 0.0, "_timestamp": 1652280275, "_runtime": 10, "_step": 0, "_wandb": {"runtime": 5}}