{"err_test_cavm": 37.084999084472656, "err_test_cmm": 36.30999755859375, "err_train_cavm": 2.0, "err_train_cmm": 0.0, "_timestamp": 1651586313, "_runtime": 4, "_step": 1, "err_test_cavm_l1": 0.0, "err_test_cmm_l1": 33.939998626708984, "err_train_cavm_l1": 0.0, "err_train_cmm_l1": 0.0, "_wandb": {"runtime": 2}}