{"err_test_cavm": 41.46500015258789, "err_test_cmm": 41.060001373291016, "err_train_cavm": 0.0, "err_train_cmm": 0.0, "_timestamp": 1649841461, "_runtime": 180, "_step": 1, "err_test_cavm_l1": 10.145000457763672, "err_test_cmm_l1": 17.850000381469727, "err_train_cavm_l1": 0.0, "err_train_cmm_l1": 0.0, "_wandb": {"runtime": 177}}