{"err_test_cavm": 31.985000610351562, "err_test_cmm": 33.39999771118164, "err_train_cavm": 3.0, "err_train_cmm": 0.0, "_timestamp": 1651583752, "_runtime": 4, "_step": 1, "err_test_cavm_l1": 0.0, "err_test_cmm_l1": 41.43000030517578, "err_train_cavm_l1": 0.0, "err_train_cmm_l1": 0.0, "_wandb": {"runtime": 2}}