{"err_test_cmm": 42.30999755859375, "err_train_cmm": 0.0, "_timestamp": 1653526396, "_runtime": 4, "_step": 1, "err_test_cmm_l1": 50.445003509521484, "err_train_cmm_l1": 0.0, "_wandb": {"runtime": 1}}