{"err_test_cavm": 36.349998474121094, "err_test_cmm": 35.779998779296875, "err_train_cavm": 4.0, "err_train_cmm": 0.0, "_timestamp": 1651588054, "_runtime": 4, "_step": 1, "err_test_cavm_l1": 0.0, "err_test_cmm_l1": 26.089998245239258, "err_train_cavm_l1": 0.0, "err_train_cmm_l1": 0.0, "_wandb": {"runtime": 2}}