{"err_test_cavm": 48.09000015258789, "err_test_cmm": 48.03499984741211, "err_train_cavm": 0.0, "err_train_cmm": 0.0, "_timestamp": 1651588244, "_runtime": 7, "_step": 1, "err_test_cavm_l1": 0.0, "err_test_cmm_l1": 49.89500045776367, "err_train_cavm_l1": 0.0, "err_train_cmm_l1": 0.0, "_wandb": {"runtime": 5}}