{"err_test_cavm_l1": 49.20499801635742, "err_test_cmm_l1": 45.540000915527344, "err_train_cavm_l1": 10.0, "err_train_cmm_l1": 0.0, "_timestamp": 1651667445, "_runtime": 4, "_step": 0, "_wandb": {"runtime": 2}}