{"err_test_cmm": 48.42499923706055, "err_train_cmm": 0.0, "_timestamp": 1653572151, "_runtime": 10, "_step": 1, "err_test_cmm_l1": 9.61500072479248, "err_train_cmm_l1": 0.0, "_wandb": {"runtime": 7}}