{"err_test_cmm": 45.7599983215332, "err_train_cmm": 0.0, "_timestamp": 1653640222, "_runtime": 5, "_step": 1, "err_test_cmm_l1": 19.020000457763672, "err_train_cmm_l1": 0.0, "_wandb": {"runtime": 2}}