{"err_test_cavm": 40.599998474121094, "err_test_cmm": 39.89500045776367, "err_train_cavm": 0.0, "err_train_cmm": 0.0, "_timestamp": 1651586203, "_runtime": 3, "_step": 1, "err_test_cavm_l1": 0.0, "err_test_cmm_l1": 44.53499984741211, "err_train_cavm_l1": 0.0, "err_train_cmm_l1": 0.0, "_wandb": {"runtime": 2}}