{"err_test_cavm": 43.404998779296875, "err_test_cmm": 43.70500183105469, "err_train_cavm": 0.0, "err_train_cmm": 0.0, "_timestamp": 1651667754, "_runtime": 4, "_step": 1, "err_test_cavm_l1": 50.470001220703125, "err_test_cmm_l1": 49.935001373291016, "err_train_cavm_l1": 0.0, "err_train_cmm_l1": 0.0, "_wandb": {"runtime": 2}}