{"err_test_cavm": 29.21000099182129, "err_test_cmm": 23.700000762939453, "err_train_cavm": 9.243698120117188, "err_train_cmm": 0.0, "_timestamp": 1652187637, "_runtime": 6, "_step": 1, "err_test_cavm_l1": 0.0, "err_test_cmm_l1": 22.90999984741211, "err_train_cavm_l1": 0.0, "err_train_cmm_l1": 0.0, "_wandb": {"runtime": 2}}