{"err_test_cavm_l1": 13.699999809265137, "err_test_cmm_l1": 13.815000534057617, "err_train_cavm_l1": 0.0, "err_train_cmm_l1": 0.0, "_timestamp": 1653606977, "_runtime": 6, "_step": 0, "_wandb": {"runtime": 3}}