{"err_test_cavm": 46.07999801635742, "err_test_cmm": 46.17499923706055, "err_train_cavm": 0.0, "err_train_cmm": 0.0, "_timestamp": 1652260261, "_runtime": 7, "_step": 1, "err_test_cavm_l1": 50.064998626708984, "err_test_cmm_l1": 38.82500076293945, "err_train_cavm_l1": 33.333335876464844, "err_train_cmm_l1": 0.0, "_wandb": {"runtime": 3}}