{"err_test_cavm": 44.11000061035156, "err_test_cmm": 43.994998931884766, "err_train_cavm": 0.0, "err_train_cmm": 0.0, "_timestamp": 1651251276, "_runtime": 5, "_step": 1, "err_test_cavm_l1": 0.0, "err_test_cmm_l1": 49.91999816894531, "err_train_cavm_l1": 0.0, "err_train_cmm_l1": 0.0, "_wandb": {"runtime": 2}}