{"err_test_cavm": 43.625, "err_test_cmm": 43.6349983215332, "err_train_cavm": 0.0, "err_train_cmm": 0.0, "_timestamp": 1649783712, "_runtime": 148, "_step": 1, "err_test_cavm_l1": 4.724999904632568, "err_test_cmm_l1": 9.914999961853027, "err_train_cavm_l1": 0.0, "err_train_cmm_l1": 0.0, "_wandb": {"runtime": 146}}