{"err_test_cavm": 46.474998474121094, "err_test_cmm": 46.57500076293945, "err_train_cavm": 0.0, "err_train_cmm": 0.0, "_timestamp": 1651587861, "_runtime": 5, "_step": 1, "err_test_cavm_l1": 0.0, "err_test_cmm_l1": 49.95000076293945, "err_train_cavm_l1": 0.0, "err_train_cmm_l1": 0.0, "_wandb": {"runtime": 3}}