{"err_test_cavm_l1": 8.09000015258789, "err_test_cmm_l1": 14.460000038146973, "err_train_cavm_l1": 4.0, "err_train_cmm_l1": 0.0, "_timestamp": 1652273930, "_runtime": 8, "_step": 0, "_wandb": {"runtime": 2}}