{"err_test_cavm": 13.764999389648438, "err_test_cmm": 8.979999542236328, "err_train_cavm": 6.0, "err_train_cmm": 0.0, "_timestamp": 1651250685, "_runtime": 5, "_step": 1, "err_test_cavm_l1": 0.0, "err_test_cmm_l1": 4.920000076293945, "err_train_cavm_l1": 0.0, "err_train_cmm_l1": 0.0, "_wandb": {"runtime": 1}}