{"err_test_cmm": 45.68499755859375, "err_train_cmm": 0.0, "_timestamp": 1653572935, "_runtime": 6, "_step": 1, "err_test_cmm_l1": 23.630001068115234, "err_train_cmm_l1": 0.0, "_wandb": {"runtime": 3}}