{"err_test_cmm": 39.8849983215332, "err_train_cmm": 0.0, "_timestamp": 1653585470, "_runtime": 5, "_step": 1, "err_test_cmm_l1": 30.524999618530273, "err_train_cmm_l1": 0.0, "_wandb": {"runtime": 2}}