{"err_test_cavm": 43.53499984741211, "err_test_cmm": 43.459999084472656, "err_train_cavm": 0.0, "err_train_cmm": 0.0, "_timestamp": 1649828425, "_runtime": 155, "_step": 1, "err_test_cavm_l1": 4.149999618530273, "err_test_cmm_l1": 9.520000457763672, "err_train_cavm_l1": 0.0, "err_train_cmm_l1": 0.0, "_wandb": {"runtime": 152}}