{"err_test_cavm": 7.400000095367432, "err_test_cmm": 7.559999942779541, "err_train_cavm": 0.0, "err_train_cmm": 0.0, "_timestamp": 1653601455, "_runtime": 5, "_step": 1, "err_test_cavm_l1": 0.4300000071525574, "err_test_cmm_l1": 0.5699999928474426, "err_train_cavm_l1": 0.0, "err_train_cmm_l1": 0.0, "_wandb": {"runtime": 3}}