{"err_test_cmm": 48.71500015258789, "err_train_cmm": 0.0, "_timestamp": 1653573213, "_runtime": 20, "_step": 1, "err_test_cmm_l1": 16.155000686645508, "err_train_cmm_l1": 0.0, "_wandb": {"runtime": 17}}