{"err_test_cavm": 23.264999389648438, "err_test_cmm": 14.5649995803833, "err_train_cavm": 7.0, "err_train_cmm": 0.0, "_timestamp": 1651585261, "_runtime": 4, "_step": 1, "err_test_cavm_l1": 0.0, "err_test_cmm_l1": 12.809999465942383, "err_train_cavm_l1": 0.0, "err_train_cmm_l1": 0.0, "_wandb": {"runtime": 2}}