{"err_test_cavm": 47.03499984741211, "err_test_cmm": 46.92499923706055, "err_train_cavm": 0.0, "err_train_cmm": 0.0, "_timestamp": 1651246872, "_runtime": 7, "_step": 1, "err_test_cavm_l1": 0.0, "err_test_cmm_l1": 50.07500076293945, "err_train_cavm_l1": 0.0, "err_train_cmm_l1": 0.0, "_wandb": {"runtime": 4}}