{"err_test_cavm_l1": 4.454999923706055, "err_test_cmm_l1": 32.45500183105469, "err_train_cavm_l1": 0.0, "err_train_cmm_l1": 0.0, "_timestamp": 1651038850, "_runtime": 67, "_step": 0, "_wandb": {"runtime": 60}}