{"err_test_cavm": 31.790000915527344, "err_test_cmm": 32.19499969482422, "err_train_cavm": 5.1724138259887695, "err_train_cmm": 0.0, "_timestamp": 1652259671, "_runtime": 10, "_step": 1, "err_test_cavm_l1": 0.0, "err_test_cmm_l1": 41.14500045776367, "err_train_cavm_l1": 0.0, "err_train_cmm_l1": 0.0, "_wandb": {"runtime": 3}}