{"err_test_cavm": 47.40999984741211, "err_test_cmm": 47.32500076293945, "err_train_cavm": 0.0, "err_train_cmm": 0.0, "_timestamp": 1651583688, "_runtime": 6, "_step": 1, "err_test_cavm_l1": 0.0, "err_test_cmm_l1": 49.90999984741211, "err_train_cavm_l1": 0.0, "err_train_cmm_l1": 0.0, "_wandb": {"runtime": 3}}