{"err_test_cavm": 45.08000183105469, "err_test_cmm": 45.09000015258789, "err_train_cavm": 0.0, "err_train_cmm": 0.0, "_timestamp": 1651250083, "_runtime": 6, "_step": 1, "err_test_cavm_l1": 0.0, "err_test_cmm_l1": 49.55999755859375, "err_train_cavm_l1": 0.0, "err_train_cmm_l1": 0.0, "_wandb": {"runtime": 3}}