{"err_test_cavm_l1": 2.2200000286102295, "err_test_cmm_l1": 30.000001907348633, "err_train_cavm_l1": 0.0, "err_train_cmm_l1": 0.0, "_timestamp": 1653130468, "_runtime": 10, "_step": 0, "_wandb": {"runtime": 2}}