{"err_test_cavm_l1": 1.0499999523162842, "err_test_cmm_l1": 2.81000018119812, "err_train_cavm_l1": 0.0, "err_train_cmm_l1": 0.0, "_timestamp": 1650977115, "_runtime": 128, "_step": 0, "_wandb": {"runtime": 126}}