{"err_test_cavm": 45.64999771118164, "err_test_cmm": 45.279998779296875, "err_train_cavm": 0.0, "err_train_cmm": 0.0, "_timestamp": 1649810190, "_runtime": 85, "_step": 1, "err_test_cavm_l1": 50.064998626708984, "err_test_cmm_l1": 50.099998474121094, "err_train_cavm_l1": 0.0, "err_train_cmm_l1": 0.0, "_wandb": {"runtime": 83}}