{"err_test_cavm": 47.92000198364258, "err_test_cmm": 47.790000915527344, "err_train_cavm": 0.0, "err_train_cmm": 0.0, "_timestamp": 1651251846, "_runtime": 10, "_step": 1, "err_test_cavm_l1": 0.0, "err_test_cmm_l1": 49.380001068115234, "err_train_cavm_l1": 0.0, "err_train_cmm_l1": 0.0, "_wandb": {"runtime": 7}}