{"err_test_cavm_l1": 3.4200000762939453, "err_test_cmm_l1": 20.58500099182129, "err_train_cavm_l1": 0.9302325248718262, "err_train_cmm_l1": 0.0, "_timestamp": 1651851475, "_runtime": 4, "_step": 0, "_wandb": {"runtime": 2}}