{"err_test_cavm": 45.470001220703125, "err_test_cmm": 45.53499984741211, "err_train_cavm": 0.0, "err_train_cmm": 0.0, "_timestamp": 1649764087, "_runtime": 95, "_step": 0, "_wandb": {"runtime": 314}}