{"err_test_cavm_l1": 0.9850000143051147, "err_test_cmm_l1": 3.2249999046325684, "err_train_cavm_l1": 0.0, "err_train_cmm_l1": 0.0, "_timestamp": 1650970512, "_runtime": 115, "_step": 0, "_wandb": {"runtime": 113}}