{"err_test_cmm": 34.31999969482422, "err_train_cmm": 0.0, "_timestamp": 1653571536, "_runtime": 5, "_step": 1, "err_test_cmm_l1": 6.460000038146973, "err_train_cmm_l1": 0.0, "_wandb": {"runtime": 2}}