{"err_test_cavm_l1": 18.57499885559082, "err_test_cmm_l1": 25.505001068115234, "err_train_cavm_l1": 0.0, "err_train_cmm_l1": 0.0, "_timestamp": 1651028842, "_runtime": 108, "_step": 0, "_wandb": {"runtime": 106}}