{"err_test_cavm": 47.71500015258789, "err_test_cmm": 47.70000076293945, "err_train_cavm": 0.0, "err_train_cmm": 0.0, "_timestamp": 1649837054, "_runtime": 98, "_step": 1, "err_test_cavm_l1": 50.15500259399414, "err_test_cmm_l1": 50.22500228881836, "err_train_cavm_l1": 0.0, "err_train_cmm_l1": 0.0, "_wandb": {"runtime": 96}}