{"err_test_cavm_l1": 1.4449999332427979, "err_test_cmm_l1": 27.915000915527344, "err_train_cavm_l1": 0.0, "err_train_cmm_l1": 0.0, "_timestamp": 1651020648, "_runtime": 109, "_step": 0, "_wandb": {"runtime": 106}}