{"err_test_cavm": 3.195000171661377, "err_test_cmm": 2.81000018119812, "err_train_cavm": 0.0, "err_train_cmm": 0.0, "_timestamp": 1650875022, "_runtime": 115, "_step": 1, "err_test_cavm_l1": 1.6899999380111694, "err_test_cmm_l1": 2.6000001430511475, "err_train_cavm_l1": 0.0, "err_train_cmm_l1": 0.0, "_wandb": {"runtime": 112}}