{"err_test_cavm": 0.375, "err_test_cmm": 1.0850000381469727, "err_train_cavm": 0.0, "err_train_cmm": 0.0, "_timestamp": 1653608869, "_runtime": 82, "_step": 1, "err_test_cavm_l1": 0.4449999928474426, "err_test_cmm_l1": 0.675000011920929, "err_train_cavm_l1": 0.0, "err_train_cmm_l1": 0.0, "_wandb": {"runtime": 79}}