{"err_test_cmm": 48.57500076293945, "err_train_cmm": 0.0, "_timestamp": 1653571797, "_runtime": 19, "_step": 1, "err_test_cmm_l1": 9.420000076293945, "err_train_cmm_l1": 0.0, "_wandb": {"runtime": 17}}