{"err_test_cavm_l1": 0.3050000071525574, "err_test_cmm_l1": 14.270000457763672, "err_train_cavm_l1": 10.0, "err_train_cmm_l1": 0.0, "_timestamp": 1653134647, "_runtime": 8, "_step": 0, "_wandb": {"runtime": 2}}