{"err_test_cavm_l1": 2.8949999809265137, "err_test_cmm_l1": 10.475000381469727, "err_train_cavm_l1": 2.0, "err_train_cmm_l1": 0.0, "_timestamp": 1652273539, "_runtime": 7, "_step": 0, "_wandb": {"runtime": 3}}