{"err_test_cavm": 45.224998474121094, "err_test_cmm": 45.18000030517578, "err_train_cavm": 0.0, "err_train_cmm": 0.0, "_timestamp": 1649811166, "_runtime": 79, "_step": 1, "err_test_cavm_l1": 49.744998931884766, "err_test_cmm_l1": 49.875, "err_train_cavm_l1": 0.0, "err_train_cmm_l1": 0.0, "_wandb": {"runtime": 77}}