{"err_test_cmm": 49.02000045776367, "err_train_cmm": 0.0, "_timestamp": 1653555225, "_runtime": 5, "_step": 1, "err_test_cmm_l1": 50.915000915527344, "err_train_cmm_l1": 0.0, "_wandb": {"runtime": 1}}