{"err_test_cavm": 46.03999710083008, "err_test_cmm": 46.07999801635742, "err_train_cavm": 0.0, "err_train_cmm": 0.0, "_timestamp": 1651586241, "_runtime": 6, "_step": 1, "err_test_cavm_l1": 0.0, "err_test_cmm_l1": 50.58000183105469, "err_train_cavm_l1": 0.0, "err_train_cmm_l1": 0.0, "_wandb": {"runtime": 3}}