{"err_test_cavm_l1": 0.8899999856948853, "err_test_cmm_l1": 10.164999961853027, "err_train_cavm_l1": 0.43103447556495667, "err_train_cmm_l1": 0.0, "_timestamp": 1651830233, "_runtime": 5, "_step": 0, "_wandb": {"runtime": 3}}