{"err_test_cavm_l1": 4.309999942779541, "err_test_cmm_l1": 27.735000610351562, "err_train_cavm_l1": 0.0, "err_train_cmm_l1": 0.0, "_timestamp": 1652279459, "_runtime": 7, "_step": 0, "_wandb": {"runtime": 3}}