{"err_test_cavm": 42.724998474121094, "err_test_cmm": 42.51499938964844, "err_train_cavm": 0.0, "err_train_cmm": 0.0, "_timestamp": 1651250069, "_runtime": 6, "_step": 1, "err_test_cavm_l1": 0.0, "err_test_cmm_l1": 50.35499954223633, "err_train_cavm_l1": 0.0, "err_train_cmm_l1": 0.0, "_wandb": {"runtime": 2}}