{"err_test_cavm_l1": 3.634999990463257, "err_test_cmm_l1": 6.589999675750732, "err_train_cavm_l1": 0.0, "err_train_cmm_l1": 0.0, "_timestamp": 1650959766, "_runtime": 54, "_step": 0, "_wandb": {"runtime": 52}}