{"err_test_cmm": 47.36000061035156, "err_train_cmm": 0.0, "_timestamp": 1653565888, "_runtime": 5, "_step": 1, "err_test_cmm_l1": 21.03499984741211, "err_train_cmm_l1": 0.0, "_wandb": {"runtime": 2}}