{"err_test_cavm_l1": 1.4550000429153442, "err_test_cmm_l1": 9.104999542236328, "err_train_cavm_l1": 0.6465517282485962, "err_train_cmm_l1": 0.0, "_timestamp": 1651830455, "_runtime": 5, "_step": 0, "_wandb": {"runtime": 3}}