{"err_test_cmm": 40.23999786376953, "err_train_cmm": 0.0, "_timestamp": 1653585217, "_runtime": 17, "_step": 1, "err_test_cmm_l1": 33.71999740600586, "err_train_cmm_l1": 0.0, "_wandb": {"runtime": 3}}