{"err_test_cavm": 34.97999954223633, "err_test_cmm": 35.36000061035156, "err_train_cavm": 0.0, "err_train_cmm": 0.0, "_timestamp": 1649806472, "_runtime": 92, "_step": 1, "err_test_cavm_l1": 8.170000076293945, "err_test_cmm_l1": 17.959999084472656, "err_train_cavm_l1": 0.0, "err_train_cmm_l1": 0.0, "_wandb": {"runtime": 90}}