{"err_test_cavm": 26.850000381469727, "err_test_cmm": 24.514999389648438, "err_train_cavm": 8.0, "err_train_cmm": 0.0, "_timestamp": 1651251718, "_runtime": 6, "_step": 1, "err_test_cavm_l1": 0.0, "err_test_cmm_l1": 21.079999923706055, "err_train_cavm_l1": 0.0, "err_train_cmm_l1": 0.0, "_wandb": {"runtime": 2}}