{"err_test_cavm_l1": 4.385000228881836, "err_test_cmm_l1": 22.280000686645508, "err_train_cavm_l1": 0.0, "err_train_cmm_l1": 0.0, "_timestamp": 1651038955, "_runtime": 97, "_step": 0, "_wandb": {"runtime": 94}}