{"err_test_cavm": 44.27000045776367, "err_test_cmm": 44.02000045776367, "err_train_cavm": 0.0, "err_train_cmm": 0.0, "_timestamp": 1649832553, "_runtime": 163, "_step": 1, "err_test_cavm_l1": 5.534999847412109, "err_test_cmm_l1": 10.960000038146973, "err_train_cavm_l1": 0.0, "err_train_cmm_l1": 0.0, "_wandb": {"runtime": 160}}