{"err_test_cavm_l1": 8.905000686645508, "err_test_cmm_l1": 14.110000610351562, "err_train_cavm_l1": 0.0, "err_train_cmm_l1": 0.0, "_timestamp": 1650999731, "_runtime": 60, "_step": 0, "_wandb": {"runtime": 58}}