{"err_test_cavm": 35.46500015258789, "err_test_cmm": 34.76499938964844, "err_train_cavm": 3.4482758045196533, "err_train_cmm": 0.0, "_timestamp": 1651668078, "_runtime": 3, "_step": 1, "err_test_cavm_l1": 49.95500183105469, "err_test_cmm_l1": 35.64500045776367, "err_train_cavm_l1": 32.75862121582031, "err_train_cmm_l1": 0.0, "_wandb": {"runtime": 2}}