{"err_test_cavm": 40.3849983215332, "err_test_cmm": 40.244998931884766, "err_train_cavm": 0.0, "err_train_cmm": 0.0, "_timestamp": 1649845758, "_runtime": 169, "_step": 1, "err_test_cavm_l1": 10.074999809265137, "err_test_cmm_l1": 15.59000015258789, "err_train_cavm_l1": 0.0, "err_train_cmm_l1": 0.0, "_wandb": {"runtime": 167}}