{"err_test_cavm_l1": 1.0499999523162842, "err_test_cmm_l1": 41.51499938964844, "err_train_cavm_l1": 0.0, "err_train_cmm_l1": 0.0, "_timestamp": 1653060034, "_runtime": 8, "_step": 0, "_wandb": {"runtime": 2}}