{"err_test_cavm": 6.395000457763672, "err_test_cmm": 6.159999847412109, "err_train_cavm": 1.7000000476837158, "err_train_cmm": 0.10000000000000009, "_timestamp": 1651163079, "_runtime": 138, "_step": 1, "err_test_cavm_l1": 87.98500061035156, "err_test_cmm_l1": 4.295000076293945, "err_train_cavm_l1": 93.0999984741211, "err_train_cmm_l1": 0.0, "_wandb": {"runtime": 136}}