{"err_test_cavm_l1": 0.6100000143051147, "err_test_cmm_l1": 5.170000076293945, "err_train_cavm_l1": 0.20000000298023224, "err_train_cmm_l1": 0.0, "_timestamp": 1651831405, "_runtime": 9, "_step": 0, "_wandb": {"runtime": 5}}