{"err_test_cavm": 29.714998245239258, "err_test_cmm": 29.589998245239258, "err_train_cavm": 2.0, "err_train_cmm": 0.0, "_timestamp": 1651247432, "_runtime": 3, "_step": 1, "err_test_cavm_l1": 0.0, "err_test_cmm_l1": 32.63999938964844, "err_train_cavm_l1": 0.0, "err_train_cmm_l1": 0.0, "_wandb": {"runtime": 1}}