{"err_test_cavm": 17.225000381469727, "err_test_cmm": 17.375, "err_train_cavm": 0.0, "err_train_cmm": 0.0, "_timestamp": 1653662650, "_runtime": 5, "_step": 1, "err_test_cavm_l1": 0.14499999582767487, "err_test_cmm_l1": 0.1550000011920929, "err_train_cavm_l1": 0.0, "err_train_cmm_l1": 0.0, "_wandb": {"runtime": 2}}