{"err_test_cavm_l1": 4.365000247955322, "err_test_cmm_l1": 10.140000343322754, "err_train_cavm_l1": 0.0, "err_train_cmm_l1": 0.0, "_timestamp": 1650968096, "_runtime": 103, "_step": 0, "_wandb": {"runtime": 100}}