{"err_test_cmm": 41.7400016784668, "err_train_cmm": 0.0, "_timestamp": 1653527717, "_runtime": 4, "_step": 1, "err_test_cmm_l1": 47.03499984741211, "err_train_cmm_l1": 0.0, "_wandb": {"runtime": 0}}