{"err_test_cavm": 20.475000381469727, "err_test_cmm": 17.979999542236328, "err_train_cavm": 8.606557846069336, "err_train_cmm": 0.0, "_timestamp": 1652259458, "_runtime": 7, "_step": 1, "err_test_cavm_l1": 0.0, "err_test_cmm_l1": 11.800000190734863, "err_train_cavm_l1": 0.0, "err_train_cmm_l1": 0.0, "_wandb": {"runtime": 3}}