{"err_test_cavm": 37.05999755859375, "err_test_cmm": 36.904998779296875, "err_train_cavm": 0.0, "err_train_cmm": 0.0, "_timestamp": 1649787774, "_runtime": 111, "_step": 1, "err_test_cavm_l1": 3.370000123977661, "err_test_cmm_l1": 7.525000095367432, "err_train_cavm_l1": 0.0, "err_train_cmm_l1": 0.0, "_wandb": {"runtime": 109}}