{"err_test_cavm_l1": 27.77499771118164, "err_test_cmm_l1": 47.1150016784668, "err_train_cavm_l1": 4.761904716491699, "err_train_cmm_l1": 0.0, "_timestamp": 1651851143, "_runtime": 5, "_step": 0, "_wandb": {"runtime": 2}}