{"err_test_cmm": 44.82500076293945, "err_train_cmm": 0.0, "_timestamp": 1653555064, "_runtime": 5, "_step": 1, "err_test_cmm_l1": 19.520000457763672, "err_train_cmm_l1": 0.0, "_wandb": {"runtime": 2}}