{"err_test_cavm": 32.35499954223633, "err_test_cmm": 32.685001373291016, "err_train_cavm": 4.0, "err_train_cmm": 0.0, "_timestamp": 1651584917, "_runtime": 3, "_step": 1, "err_test_cavm_l1": 0.0, "err_test_cmm_l1": 36.334999084472656, "err_train_cavm_l1": 0.0, "err_train_cmm_l1": 0.0, "_wandb": {"runtime": 1}}