{"err_test_cavm_l1": 49.88999938964844, "err_test_cmm_l1": 49.61000061035156, "err_train_cavm_l1": 0.0, "err_train_cmm_l1": 0.0, "_timestamp": 1653598803, "_runtime": 5, "_step": 0, "_wandb": {"runtime": 2}}