{"err_test_cavm_l1": 0.7599999904632568, "err_test_cmm_l1": 0.004999999888241291, "err_train_cavm_l1": 1.0, "err_train_cmm_l1": 0.0, "_timestamp": 1653133941, "_runtime": 7, "_step": 0, "_wandb": {"runtime": 2}}