{"err_test_cavm_l1": 0.30000001192092896, "err_test_cmm_l1": 49.935001373291016, "err_train_cavm_l1": 0.0, "err_train_cmm_l1": 0.0, "_timestamp": 1653130616, "_runtime": 11, "_step": 0, "_wandb": {"runtime": 2}}