{"err_test_cavm_l1": 21.56999969482422, "err_test_cmm_l1": 37.904998779296875, "err_train_cavm_l1": 0.0, "err_train_cmm_l1": 0.0, "_timestamp": 1651022941, "_runtime": 102, "_step": 0, "_wandb": {"runtime": 100}}