{"err_test_cavm": 44.279998779296875, "err_test_cmm": 0.0, "err_train_cavm": 45.0, "err_train_cmm": 0.0, "_timestamp": 1653047626, "_runtime": 8, "_step": 1, "err_test_cavm_l1": 50.125003814697266, "err_test_cmm_l1": 0.009999999776482582, "err_train_cavm_l1": 54.000003814697266, "err_train_cmm_l1": 0.0, "_wandb": {"runtime": 2}}