{"err_test_cavm_l1": 2.7799999713897705, "err_test_cmm_l1": 5.079999923706055, "err_train_cavm_l1": 0.0, "err_train_cmm_l1": 0.0, "_timestamp": 1650967599, "_runtime": 55, "_step": 0, "_wandb": {"runtime": 53}}