{"err_test_cmm": 36.54999923706055, "err_train_cmm": 0.0, "_timestamp": 1653573507, "_runtime": 4, "_step": 1, "err_test_cmm_l1": 15.274999618530273, "err_train_cmm_l1": 0.0, "_wandb": {"runtime": 2}}