{"err_test_cavm_l1": 1.2799999713897705, "err_test_cmm_l1": 3.1399998664855957, "err_train_cavm_l1": 0.0, "err_train_cmm_l1": 0.0, "_timestamp": 1650970634, "_runtime": 115, "_step": 0, "_wandb": {"runtime": 113}}