{"err_test_cavm_l1": 49.64500045776367, "err_test_cmm_l1": 50.54500198364258, "err_train_cavm_l1": 0.0, "err_train_cmm_l1": 0.0, "_timestamp": 1651851544, "_runtime": 6, "_step": 0, "_wandb": {"runtime": 2}}