{"err_test_cavm_l1": 31.979999542236328, "err_test_cmm_l1": 44.459999084472656, "err_train_cavm_l1": 10.0, "err_train_cmm_l1": 0.0, "_timestamp": 1651830076, "_runtime": 5, "_step": 0, "_wandb": {"runtime": 2}}