{"err_test_cmm": 32.89500045776367, "err_train_cmm": 0.0, "_timestamp": 1653573699, "_runtime": 5, "_step": 1, "err_test_cmm_l1": 21.049999237060547, "err_train_cmm_l1": 0.0, "_wandb": {"runtime": 2}}