{"err_test_cavm": 32.310001373291016, "err_test_cmm": 33.15999984741211, "err_train_cavm": 8.620689392089844, "err_train_cmm": 0.0, "_timestamp": 1651667702, "_runtime": 4, "_step": 1, "err_test_cavm_l1": 35.125, "err_test_cmm_l1": 36.52499771118164, "err_train_cavm_l1": 34.482757568359375, "err_train_cmm_l1": 0.0, "_wandb": {"runtime": 1}}