{"err_test_cmm": 58.26499938964844, "err_train_cmm": 100.0, "_timestamp": 1653565098, "_runtime": 5, "_step": 1, "err_test_cmm_l1": 92.65499877929688, "err_train_cmm_l1": 100.0, "_wandb": {"runtime": 3}}