{"err_test_cavm_l1": 17.610000610351562, "err_test_cmm_l1": 24.834999084472656, "err_train_cavm_l1": 0.0, "err_train_cmm_l1": 0.0, "_timestamp": 1653606988, "_runtime": 5, "_step": 0, "_wandb": {"runtime": 3}}