{"err_test_cavm": 23.92500114440918, "err_test_cmm": 25.03499984741211, "err_train_cavm": 0.0, "err_train_cmm": 0.0, "_timestamp": 1649804087, "_runtime": 133, "_step": 1, "err_test_cavm_l1": 2.9049999713897705, "err_test_cmm_l1": 7.325000286102295, "err_train_cavm_l1": 0.0, "err_train_cmm_l1": 0.0, "_wandb": {"runtime": 130}}