{"err_test_cavm_l1": 33.64500045776367, "err_test_cmm_l1": 49.595001220703125, "err_train_cavm_l1": 25.0, "err_train_cmm_l1": 0.0, "_timestamp": 1651665560, "_runtime": 4, "_step": 0, "_wandb": {"runtime": 2}}