{"err_test_cavm": 30.18000030517578, "err_test_cmm": 2.0850000381469727, "err_train_cavm": 0.0, "err_train_cmm": 0.0, "_timestamp": 1653608060, "_runtime": 8, "_step": 1, "err_test_cavm_l1": 2.8350000381469727, "err_test_cmm_l1": 0.4099999964237213, "err_train_cavm_l1": 0.0, "err_train_cmm_l1": 0.0, "_wandb": {"runtime": 6}}