{"err_test_cavm": 48.220001220703125, "err_test_cmm": 48.310001373291016, "err_train_cavm": 0.0, "err_train_cmm": 0.0, "_timestamp": 1649812099, "_runtime": 83, "_step": 1, "err_test_cavm_l1": 50.435001373291016, "err_test_cmm_l1": 50.39500045776367, "err_train_cavm_l1": 0.0, "err_train_cmm_l1": 0.0, "_wandb": {"runtime": 80}}