{"err_test_cavm": 45.13500213623047, "err_test_cmm": 45.26499938964844, "err_train_cavm": 0.0, "err_train_cmm": 0.0, "_timestamp": 1652261108, "_runtime": 10, "_step": 1, "err_test_cavm_l1": 0.0, "err_test_cmm_l1": 50.33000183105469, "err_train_cavm_l1": 0.0, "err_train_cmm_l1": 0.0, "_wandb": {"runtime": 5}}