{"err_test_cavm_l1": 13.614999771118164, "err_test_cmm_l1": 17.81999969482422, "err_train_cavm_l1": 0.0, "err_train_cmm_l1": 0.0, "_timestamp": 1650996814, "_runtime": 109, "_step": 0, "_wandb": {"runtime": 105}}