{"err_test_cavm": 11.975000381469727, "err_test_cmm": 7.434999942779541, "err_train_cavm": 5.0, "err_train_cmm": 0.0, "_timestamp": 1651246906, "_runtime": 3, "_step": 1, "err_test_cavm_l1": 0.0, "err_test_cmm_l1": 5.309999942779541, "err_train_cavm_l1": 0.0, "err_train_cmm_l1": 0.0, "_wandb": {"runtime": 2}}