{"err_test_cavm_l1": 49.73500061035156, "err_test_cmm_l1": 49.29499816894531, "err_train_cavm_l1": 0.0, "err_train_cmm_l1": 0.0, "_timestamp": 1651662128, "_runtime": 18, "_step": 0, "_wandb": {"runtime": 15}}