{"err_test_cavm": 15.610000610351562, "err_test_cmm": 8.470000267028809, "err_train_cavm": 12.0, "err_train_cmm": 0.0, "_timestamp": 1651249972, "_runtime": 6, "_step": 1, "err_test_cavm_l1": 0.0, "err_test_cmm_l1": 5.974999904632568, "err_train_cavm_l1": 0.0, "err_train_cmm_l1": 0.0, "_wandb": {"runtime": 2}}