{"err_test_cavm": 44.415000915527344, "err_test_cmm": 44.380001068115234, "err_train_cavm": 0.0, "err_train_cmm": 0.0, "_timestamp": 1649767159, "_runtime": 91, "_step": 0, "_wandb": {"runtime": 375}}