{"err_test_cavm_l1": 42.95499801635742, "err_test_cmm_l1": 42.40999984741211, "err_train_cavm_l1": 0.0, "err_train_cmm_l1": 0.0, "_timestamp": 1651002279, "_runtime": 88, "_step": 0, "_wandb": {"runtime": 86}}