{"err_test_cavm": 48.05000305175781, "err_test_cmm": 48.275001525878906, "err_train_cavm": 0.0, "err_train_cmm": 0.0, "_timestamp": 1651585364, "_runtime": 6, "_step": 1, "err_test_cavm_l1": 0.0, "err_test_cmm_l1": 49.540000915527344, "err_train_cavm_l1": 0.0, "err_train_cmm_l1": 0.0, "_wandb": {"runtime": 5}}