{"err_test_cavm": 47.93000030517578, "err_test_cmm": 47.92500305175781, "err_train_cavm": 0.0, "err_train_cmm": 0.0, "_timestamp": 1652187410, "_runtime": 5, "_step": 1, "err_test_cavm_l1": 49.86000061035156, "err_test_cmm_l1": 49.86000061035156, "err_train_cavm_l1": 0.0, "err_train_cmm_l1": 0.0, "_wandb": {"runtime": 2}}