{"err_test_cavm_l1": 50.21500015258789, "err_test_cmm_l1": 50.125003814697266, "err_train_cavm_l1": 0.0, "err_train_cmm_l1": 0.0, "_timestamp": 1653667245, "_runtime": 9, "_step": 0, "_wandb": {"runtime": 4}}