{"err_test_cavm_l1": 11.980000495910645, "err_test_cmm_l1": 50.37999725341797, "err_train_cavm_l1": 10.0, "err_train_cmm_l1": 0.0, "_timestamp": 1651662077, "_runtime": 19, "_step": 0, "_wandb": {"runtime": 16}}