{"err_test_cavm_l1": 3.5900001525878906, "err_test_cmm_l1": 14.830000877380371, "err_train_cavm_l1": 0.0, "err_train_cmm_l1": 0.0, "_timestamp": 1651038085, "_runtime": 59, "_step": 0, "_wandb": {"runtime": 57}}