{"err_test_cavm_l1": 31.490001678466797, "err_test_cmm_l1": 33.94499969482422, "err_train_cavm_l1": 0.0, "err_train_cmm_l1": 0.0, "_timestamp": 1651005332, "_runtime": 126, "_step": 0, "_wandb": {"runtime": 123}}