{"err_test_cavm": 44.154998779296875, "err_test_cmm": 43.80500030517578, "err_train_cavm": 0.0, "err_train_cmm": 0.0, "_timestamp": 1651583663, "_runtime": 4, "_step": 1, "err_test_cavm_l1": 0.0, "err_test_cmm_l1": 44.08000183105469, "err_train_cavm_l1": 0.0, "err_train_cmm_l1": 0.0, "_wandb": {"runtime": 2}}