{"err_test_cavm": 28.439998626708984, "err_test_cmm": 27.93000030517578, "err_train_cavm": 4.0, "err_train_cmm": 0.0, "_timestamp": 1651587412, "_runtime": 4, "_step": 1, "err_test_cavm_l1": 0.0, "err_test_cmm_l1": 26.51500129699707, "err_train_cavm_l1": 0.0, "err_train_cmm_l1": 0.0, "_wandb": {"runtime": 2}}