{"err_test_cavm": 20.299999237060547, "err_test_cmm": 18.53999900817871, "err_train_cavm": 9.0, "err_train_cmm": 0.0, "_timestamp": 1651582310, "_runtime": 4, "_step": 1, "err_test_cavm_l1": 0.0, "err_test_cmm_l1": 11.925000190734863, "err_train_cavm_l1": 0.0, "err_train_cmm_l1": 0.0, "_wandb": {"runtime": 2}}