{"err_test_c0": 45.97999954223633, "err_test_c1": 45.97999954223633, "err_test_c2": 45.97999954223633, "err_test_cmm": 45.994998931884766, "err_train_c0": 0.0, "err_train_c1": 0.0, "err_train_c2": 0.0, "err_train_cmm": 0.0, "_timestamp": 1649346270, "_runtime": 9, "_step": 0, "_wandb": {"runtime": 512}}