{"avg_test_c0": 1.0199999809265137, "avg_test_c1": 0.9750000238418579, "avg_test_c2": 0.0, "avg_test_cmm": 0.8799999952316284, "_timestamp": 1649325514, "_runtime": 8, "_step": 0, "_wandb": {"runtime": 5}}