{"err_test_cavm": 29.64000129699707, "err_test_cmm": 27.045000076293945, "err_train_cavm": 3.0, "err_train_cmm": 0.0, "_timestamp": 1651250449, "_runtime": 5, "_step": 1, "err_test_cavm_l1": 0.0, "err_test_cmm_l1": 26.06999969482422, "err_train_cavm_l1": 0.0, "err_train_cmm_l1": 0.0, "_wandb": {"runtime": 2}}