{"err_test_cavm": 45.25, "err_test_cmm": 45.19000244140625, "err_train_cavm": 0.0, "err_train_cmm": 0.0, "_timestamp": 1649777513, "_runtime": 161, "_step": 1, "err_test_cavm_l1": 4.769999980926514, "err_test_cmm_l1": 8.1850004196167, "err_train_cavm_l1": 0.0, "err_train_cmm_l1": 0.0, "_wandb": {"runtime": 158}}