{"err_test_cavm_l1": 42.10499954223633, "err_test_cmm_l1": 49.470001220703125, "err_train_cavm_l1": 9.523809432983398, "err_train_cmm_l1": 0.0, "_timestamp": 1652272630, "_runtime": 9, "_step": 0, "_wandb": {"runtime": 3}}