{"err_test_cavm": 44.80500030517578, "err_test_cmm": 44.790000915527344, "err_train_cavm": 0.0, "err_train_cmm": 0.0, "_timestamp": 1651250226, "_runtime": 5, "_step": 1, "err_test_cavm_l1": 0.0, "err_test_cmm_l1": 49.66999816894531, "err_train_cavm_l1": 0.0, "err_train_cmm_l1": 0.0, "_wandb": {"runtime": 2}}