{"err_test_cmm": 73.49500274658203, "err_train_cmm": 100.0, "_timestamp": 1653565187, "_runtime": 10, "_step": 1, "err_test_cmm_l1": 96.59000396728516, "err_train_cmm_l1": 100.0, "_wandb": {"runtime": 7}}