{"err_test_cmm": 40.66999816894531, "err_train_cmm": 0.0, "_timestamp": 1653572105, "_runtime": 4, "_step": 1, "err_test_cmm_l1": 12.944999694824219, "err_train_cmm_l1": 0.0, "_wandb": {"runtime": 2}}