{"err_test_cavm": 47.845001220703125, "err_test_cmm": 47.73500061035156, "err_train_cavm": 0.0, "err_train_cmm": 0.0, "_timestamp": 1651587997, "_runtime": 7, "_step": 1, "err_test_cavm_l1": 0.0, "err_test_cmm_l1": 50.099998474121094, "err_train_cavm_l1": 0.0, "err_train_cmm_l1": 0.0, "_wandb": {"runtime": 4}}