{"err_test_cavm": 43.84000015258789, "err_test_cmm": 0.0, "err_train_cavm": 37.0, "err_train_cmm": 0.0, "_timestamp": 1652884298, "_runtime": 3, "_step": 1, "err_test_cavm_l1": 50.29500198364258, "err_test_cmm_l1": 2.9800000190734863, "err_train_cavm_l1": 40.0, "err_train_cmm_l1": 0.0, "_wandb": {"runtime": 1}}