{"err_test_cmm": 49.849998474121094, "err_train_cmm": 0.0, "_timestamp": 1653573076, "_runtime": 50, "_step": 1, "err_test_cmm_l1": 16.954999923706055, "err_train_cmm_l1": 0.0, "_wandb": {"runtime": 47}}