{"err_test_cavm": 17.399999618530273, "err_test_cmm": 9.019999504089355, "err_train_cavm": 10.0, "err_train_cmm": 0.0, "_timestamp": 1651585894, "_runtime": 3, "_step": 1, "err_test_cavm_l1": 0.0, "err_test_cmm_l1": 6.324999809265137, "err_train_cavm_l1": 0.0, "err_train_cmm_l1": 0.0, "_wandb": {"runtime": 2}}