{"err_test_cavm_l1": 4.019999980926514, "err_test_cmm_l1": 8.550000190734863, "err_train_cavm_l1": 0.0, "err_train_cmm_l1": 0.0, "_timestamp": 1650990548, "_runtime": 63, "_step": 0, "_wandb": {"runtime": 60}}