{"err_test_cavm_l1": 2.0749998092651367, "err_test_cmm_l1": 4.815000057220459, "err_train_cavm_l1": 0.0, "err_train_cmm_l1": 0.0, "_timestamp": 1650990342, "_runtime": 57, "_step": 0, "_wandb": {"runtime": 54}}