{"err_test_cmm": 49.72999954223633, "err_train_cmm": 0.0, "_timestamp": 1653585649, "_runtime": 54, "_step": 1, "err_test_cmm_l1": 34.89500045776367, "err_train_cmm_l1": 0.0, "_wandb": {"runtime": 51}}