{"err_test_cavm": 41.595001220703125, "err_test_cmm": 41.79500198364258, "err_train_cavm": 1.0, "err_train_cmm": 0.0, "_timestamp": 1651585184, "_runtime": 5, "_step": 1, "err_test_cavm_l1": 0.0, "err_test_cmm_l1": 37.90999984741211, "err_train_cavm_l1": 0.0, "err_train_cmm_l1": 0.0, "_wandb": {"runtime": 2}}