{"err_test_cavm": 28.56500244140625, "err_test_cmm": 27.334999084472656, "err_train_cavm": 6.0, "err_train_cmm": 0.0, "_timestamp": 1651586170, "_runtime": 3, "_step": 1, "err_test_cavm_l1": 0.0, "err_test_cmm_l1": 23.2549991607666, "err_train_cavm_l1": 0.0, "err_train_cmm_l1": 0.0, "_wandb": {"runtime": 2}}