{"err_test_cavm_l1": 4.59499979019165, "err_test_cmm_l1": 9.605000495910645, "err_train_cavm_l1": 0.0, "err_train_cmm_l1": 0.0, "_timestamp": 1650989759, "_runtime": 57, "_step": 0, "_wandb": {"runtime": 54}}