{"err_test_cavm_l1": 9.309999465942383, "err_test_cmm_l1": 32.08500289916992, "err_train_cavm_l1": 0.0, "err_train_cmm_l1": 0.0, "_timestamp": 1651851229, "_runtime": 5, "_step": 0, "_wandb": {"runtime": 2}}