{"err_test_cavm_l1": 23.43000030517578, "err_test_cmm_l1": 36.65999984741211, "err_train_cavm_l1": 8.69565200805664, "err_train_cmm_l1": 0.0, "_timestamp": 1651830275, "_runtime": 5, "_step": 0, "_wandb": {"runtime": 2}}