{"err_test_cavm": 43.939998626708984, "err_test_cmm": 43.82500076293945, "err_train_cavm": 0.0, "err_train_cmm": 0.0, "_timestamp": 1651249369, "_runtime": 6, "_step": 1, "err_test_cavm_l1": 0.0, "err_test_cmm_l1": 7.474999904632568, "err_train_cavm_l1": 0.0, "err_train_cmm_l1": 0.0, "_wandb": {"runtime": 2}}