{"err_test_cavm_l1": 49.18499755859375, "err_test_cmm_l1": 49.630001068115234, "err_train_cavm_l1": 0.0, "err_train_cmm_l1": 0.0, "_timestamp": 1652282602, "_runtime": 7, "_step": 0, "_wandb": {"runtime": 2}}