{"err_test_cavm_l1": 11.885000228881836, "err_test_cmm_l1": 27.439998626708984, "err_train_cavm_l1": 4.0, "err_train_cmm_l1": 0.0, "_timestamp": 1651830260, "_runtime": 6, "_step": 0, "_wandb": {"runtime": 2}}