{"err_test_cavm_l1": 0.9549999833106995, "err_test_cmm_l1": 3.135000228881836, "err_train_cavm_l1": 0.0, "err_train_cmm_l1": 0.0, "_timestamp": 1650972296, "_runtime": 121, "_step": 0, "_wandb": {"runtime": 119}}