{"err_test_cmm": 36.11000061035156, "err_train_cmm": 0.0, "_timestamp": 1653640198, "_runtime": 6, "_step": 1, "err_test_cmm_l1": 5.490000247955322, "err_train_cmm_l1": 0.0, "_wandb": {"runtime": 3}}