{"err_test_cavm": 27.415000915527344, "err_test_cmm": 23.354999542236328, "err_train_cavm": 12.0, "err_train_cmm": 0.0, "_timestamp": 1651588536, "_runtime": 4, "_step": 1, "err_test_cavm_l1": 0.0, "err_test_cmm_l1": 17.329999923706055, "err_train_cavm_l1": 0.0, "err_train_cmm_l1": 0.0, "_wandb": {"runtime": 2}}