{"err_test_cavm": 17.905000686645508, "err_test_cmm": 15.745000839233398, "err_train_cavm": 11.0, "err_train_cmm": 0.0, "_timestamp": 1651588524, "_runtime": 3, "_step": 1, "err_test_cavm_l1": 0.0, "err_test_cmm_l1": 9.84000015258789, "err_train_cavm_l1": 0.0, "err_train_cmm_l1": 0.0, "_wandb": {"runtime": 2}}