{"err_test_cavm": 30.494998931884766, "err_test_cmm": 31.490001678466797, "err_train_cavm": 0.0, "err_train_cmm": 0.0, "_timestamp": 1649843202, "_runtime": 204, "_step": 1, "err_test_cavm_l1": 3.130000114440918, "err_test_cmm_l1": 7.729999542236328, "err_train_cavm_l1": 0.0, "err_train_cmm_l1": 0.0, "_wandb": {"runtime": 202}}