{"err_test_cavm_l1": 24.7549991607666, "err_test_cmm_l1": 36.040000915527344, "err_train_cavm_l1": 0.0, "err_train_cmm_l1": 0.0, "_timestamp": 1651027091, "_runtime": 75, "_step": 0, "_wandb": {"runtime": 72}}