{"err_test_cmm": 47.900001525878906, "err_train_cmm": 0.0, "_timestamp": 1653571766, "_runtime": 9, "_step": 1, "err_test_cmm_l1": 11.554999351501465, "err_train_cmm_l1": 0.0, "_wandb": {"runtime": 6}}