{"err_test_cavm": 45.95499801635742, "err_test_cmm": 45.96999740600586, "err_train_cavm": 0.0, "err_train_cmm": 0.0, "_timestamp": 1651152044, "_runtime": 6, "_step": 1, "err_test_cavm_l1": 0.0, "err_test_cmm_l1": 10.729999542236328, "err_train_cavm_l1": 0.0, "err_train_cmm_l1": 0.0, "_wandb": {"runtime": 3}}