{"err_test_cmm": 45.95000076293945, "err_train_cmm": 0.0, "_timestamp": 1653585288, "_runtime": 6, "_step": 1, "err_test_cmm_l1": 30.845001220703125, "err_train_cmm_l1": 0.0, "_wandb": {"runtime": 3}}