{"err_test_cavm": 3.6549999713897705, "err_test_cmm": 3.754999876022339, "err_train_cavm": 0.0, "err_train_cmm": 0.0, "_timestamp": 1653661665, "_runtime": 6, "_step": 1, "err_test_cavm_l1": 0.13500000536441803, "err_test_cmm_l1": 0.13500000536441803, "err_train_cavm_l1": 0.0, "err_train_cmm_l1": 0.0, "_wandb": {"runtime": 3}}