{"err_test_cavm_l1": 0.17500001192092896, "err_test_cmm_l1": 4.440000057220459, "err_train_cavm_l1": 0.4000000059604645, "err_train_cmm_l1": 0.0, "_timestamp": 1651851187, "_runtime": 5, "_step": 0, "_wandb": {"runtime": 3}}