{"err_test_cavm_l1": 50.029998779296875, "err_test_cmm_l1": 49.71500015258789, "err_train_cavm_l1": 0.0, "err_train_cmm_l1": 0.0, "_timestamp": 1653127813, "_runtime": 26, "_step": 0, "_wandb": {"runtime": 23}}