{"err_test_cavm": 8.225000381469727, "err_test_cmm": 6.449999809265137, "err_train_cavm": 0.0, "err_train_cmm": 0.0, "_timestamp": 1649785936, "_runtime": 94, "_step": 1, "err_test_cavm_l1": 2.4250001907348633, "err_test_cmm_l1": 4.720000267028809, "err_train_cavm_l1": 0.0, "err_train_cmm_l1": 0.0, "_wandb": {"runtime": 91}}