{"err_test_cmm": 49.84000015258789, "err_train_cmm": 0.0, "_timestamp": 1653572492, "_runtime": 55, "_step": 1, "err_test_cmm_l1": 19.829999923706055, "err_train_cmm_l1": 0.0, "_wandb": {"runtime": 53}}