{"err_test_cavm": 33.584999084472656, "err_test_cmm": 32.12000274658203, "err_train_cavm": 8.620689392089844, "err_train_cmm": 0.0, "_timestamp": 1652187143, "_runtime": 8, "_step": 1, "err_test_cavm_l1": 0.0, "err_test_cmm_l1": 33.244998931884766, "err_train_cavm_l1": 0.0, "err_train_cmm_l1": 0.0, "_wandb": {"runtime": 3}}