{"err_test_cavm_l1": 22.920000076293945, "err_test_cmm_l1": 41.80500030517578, "err_train_cavm_l1": 0.0, "err_train_cmm_l1": 0.0, "_timestamp": 1651030000, "_runtime": 107, "_step": 0, "_wandb": {"runtime": 104}}