{"err_test_cmm": 36.52000045776367, "err_train_cmm": 0.0, "_timestamp": 1653526172, "_runtime": 4, "_step": 1, "err_test_cmm_l1": 30.634998321533203, "err_train_cmm_l1": 0.0, "_wandb": {"runtime": 1}}