{"err_test_cavm": 47.1150016784668, "err_test_cmm": 47.14500045776367, "err_train_cavm": 0.0, "err_train_cmm": 0.0, "_timestamp": 1649788662, "_runtime": 289, "_step": 1, "err_test_cavm_l1": 4.599999904632568, "err_test_cmm_l1": 10.960000038146973, "err_train_cavm_l1": 0.0, "err_train_cmm_l1": 0.0, "_wandb": {"runtime": 287}}