{"err_test_cavm_l1": 49.43499755859375, "err_test_cmm_l1": 49.935001373291016, "err_train_cavm_l1": 0.0, "err_train_cmm_l1": 0.0, "_timestamp": 1652282911, "_runtime": 6, "_step": 0, "_wandb": {"runtime": 2}}