{"err_test_cmm": 47.400001525878906, "err_train_cmm": 0.0, "_timestamp": 1653571966, "_runtime": 10, "_step": 1, "err_test_cmm_l1": 10.295000076293945, "err_train_cmm_l1": 0.0, "_wandb": {"runtime": 6}}