{"err_test_cavm": 22.19499969482422, "err_test_cmm": 15.305000305175781, "err_train_cavm": 6.0, "err_train_cmm": 0.0, "_timestamp": 1651249990, "_runtime": 5, "_step": 1, "err_test_cavm_l1": 0.0, "err_test_cmm_l1": 11.045000076293945, "err_train_cavm_l1": 0.0, "err_train_cmm_l1": 0.0, "_wandb": {"runtime": 2}}