{"err_test_cavm": 0.5249999761581421, "err_test_cmm": 0.8349999785423279, "err_train_cavm": 0.0, "err_train_cmm": 0.0, "_timestamp": 1653662317, "_runtime": 7, "_step": 1, "err_test_cavm_l1": 0.11500000208616257, "err_test_cmm_l1": 0.14499999582767487, "err_train_cavm_l1": 0.0, "err_train_cmm_l1": 0.0, "_wandb": {"runtime": 5}}