{"err_test_cavm_l1": 1.4550000429153442, "err_test_cmm_l1": 0.015000000596046448, "err_train_cavm_l1": 0.0, "err_train_cmm_l1": 0.0, "_timestamp": 1653135136, "_runtime": 7, "_step": 0, "_wandb": {"runtime": 3}}