{"err_test_cavm": 47.85000228881836, "err_test_cmm": 0.0, "err_train_cavm": 50.0, "err_train_cmm": 0.0, "_timestamp": 1653055833, "_runtime": 21, "_step": 1, "err_test_cavm_l1": 2.450000047683716, "err_test_cmm_l1": 46.83000183105469, "err_train_cavm_l1": 0.0, "err_train_cmm_l1": 0.0, "_wandb": {"runtime": 13}}