{"err_test_cavm_l1": 0.5849999785423279, "err_test_cmm_l1": 49.915000915527344, "err_train_cavm_l1": 1.0, "err_train_cmm_l1": 0.0, "_timestamp": 1652884823, "_runtime": 36, "_step": 0, "_wandb": {"runtime": 34}}