{"err_test_cavm_l1": 18.704999923706055, "err_test_cmm_l1": 23.790000915527344, "err_train_cavm_l1": 0.0, "err_train_cmm_l1": 0.0, "_timestamp": 1650998677, "_runtime": 90, "_step": 0, "_wandb": {"runtime": 88}}