{"err_test_cavm": 42.87999725341797, "err_test_cmm": 41.9900016784668, "err_train_cavm": 0.0, "err_train_cmm": 0.0, "_timestamp": 1652187534, "_runtime": 6, "_step": 1, "err_test_cavm_l1": 49.82999801635742, "err_test_cmm_l1": 45.46500015258789, "err_train_cavm_l1": 7.692307949066162, "err_train_cmm_l1": 0.0, "_wandb": {"runtime": 2}}