{"err_test_cavm": 15.870000839233398, "err_test_cmm": 11.469999313354492, "err_train_cavm": 9.0, "err_train_cmm": 0.0, "_timestamp": 1651586765, "_runtime": 4, "_step": 1, "err_test_cavm_l1": 0.0, "err_test_cmm_l1": 6.674999713897705, "err_train_cavm_l1": 0.0, "err_train_cmm_l1": 0.0, "_wandb": {"runtime": 2}}