{"err_test_cavm_l1": 5.110000133514404, "err_test_cmm_l1": 8.755000114440918, "err_train_cavm_l1": 0.0, "err_train_cmm_l1": 0.0, "_timestamp": 1650990209, "_runtime": 107, "_step": 0, "_wandb": {"runtime": 105}}