{"err_test_cavm": 46.00499725341797, "err_test_cmm": 45.77499771118164, "err_train_cavm": 0.0, "err_train_cmm": 0.0, "_timestamp": 1651656251, "_runtime": 12, "_step": 1, "err_test_cavm_l1": 46.00499725341797, "err_test_cmm_l1": 49.77000045776367, "err_train_cavm_l1": 0.0, "err_train_cmm_l1": 0.0, "_wandb": {"runtime": 4}}