{"err_test_cavm": 46.41999816894531, "err_test_cmm": 46.439998626708984, "err_train_cavm": 0.0, "err_train_cmm": 0.0, "_timestamp": 1649843969, "_runtime": 100, "_step": 1, "err_test_cavm_l1": 49.85499954223633, "err_test_cmm_l1": 50.06999969482422, "err_train_cavm_l1": 0.0, "err_train_cmm_l1": 0.0, "_wandb": {"runtime": 98}}