{"err_test_cavm": 25.69499969482422, "err_test_cmm": 21.920000076293945, "err_train_cavm": 12.0, "err_train_cmm": 0.0, "_timestamp": 1651151008, "_runtime": 4, "_step": 1, "err_test_cavm_l1": 35.22999954223633, "err_test_cmm_l1": 10.835000038146973, "err_train_cavm_l1": 31.0, "err_train_cmm_l1": 0.0, "_wandb": {"runtime": 2}}