{"err_test_cavm": 42.025001525878906, "err_test_cmm": 41.855003356933594, "err_train_cavm": 0.0, "err_train_cmm": 0.0, "_timestamp": 1649810097, "_runtime": 91, "_step": 1, "err_test_cavm_l1": 17.959999084472656, "err_test_cmm_l1": 21.100000381469727, "err_train_cavm_l1": 0.0, "err_train_cmm_l1": 0.0, "_wandb": {"runtime": 89}}