{"err_test_cavm": 21.399999618530273, "err_test_cmm": 17.690000534057617, "err_train_cavm": 8.0, "err_train_cmm": 0.0, "_timestamp": 1652877321, "_runtime": 3, "_step": 1, "err_test_cavm_l1": 0.0, "err_test_cmm_l1": 14.6850004196167, "err_train_cavm_l1": 0.0, "err_train_cmm_l1": 0.0, "_wandb": {"runtime": 1}}