{"err_test_cavm_l1": 1.4249999523162842, "err_test_cmm_l1": 20.69499969482422, "err_train_cavm_l1": 0.9302325248718262, "err_train_cmm_l1": 0.0, "_timestamp": 1651830246, "_runtime": 5, "_step": 0, "_wandb": {"runtime": 2}}