{"err_test_cavm_l1": 13.585000038146973, "err_test_cmm_l1": 32.48500061035156, "err_train_cavm_l1": 0.0, "err_train_cmm_l1": 0.0, "_timestamp": 1652283868, "_runtime": 6, "_step": 0, "_wandb": {"runtime": 2}}