{"err_test_cavm": 42.69999694824219, "err_test_cmm": 42.529998779296875, "err_train_cavm": 0.0, "err_train_cmm": 0.0, "_timestamp": 1651150641, "_runtime": 5, "_step": 1, "err_test_cavm_l1": 0.0, "err_test_cmm_l1": 9.359999656677246, "err_train_cavm_l1": 0.0, "err_train_cmm_l1": 0.0, "_wandb": {"runtime": 2}}