{"err_test_cavm_l1": 39.119998931884766, "err_test_cmm_l1": 43.064998626708984, "err_train_cavm_l1": 0.0, "err_train_cmm_l1": 0.0, "_timestamp": 1653607271, "_runtime": 5, "_step": 0, "_wandb": {"runtime": 2}}