{"err_test_cavm": 0.4699999988079071, "err_test_cmm": 1.0700000524520874, "err_train_cavm": 0.0, "err_train_cmm": 0.0, "_timestamp": 1653663975, "_runtime": 8, "_step": 1, "err_test_cavm_l1": 0.6899999976158142, "err_test_cmm_l1": 0.2199999988079071, "err_train_cavm_l1": 0.0, "err_train_cmm_l1": 0.0, "_wandb": {"runtime": 5}}