{"err_test_cavm": 26.78999900817871, "err_test_cmm": 26.08500099182129, "err_train_cavm": 7.56302547454834, "err_train_cmm": 0.0, "_timestamp": 1652175803, "_runtime": 13, "_step": 1, "err_test_cavm_l1": 35.20500183105469, "err_test_cmm_l1": 26.42999839782715, "err_train_cavm_l1": 27.731094360351562, "err_train_cmm_l1": 0.0, "_wandb": {"runtime": 4}}