{"err_test_cavm_l1": 20.475000381469727, "err_test_cmm_l1": 23.06999969482422, "err_train_cavm_l1": 0.0, "err_train_cmm_l1": 0.0, "_timestamp": 1651024220, "_runtime": 190, "_step": 0, "_wandb": {"runtime": 187}}