{"err_test_cavm_l1": 3.6649997234344482, "err_test_cmm_l1": 7.90000057220459, "err_train_cavm_l1": 0.0, "err_train_cmm_l1": 0.0, "_timestamp": 1650970958, "_runtime": 99, "_step": 0, "_wandb": {"runtime": 96}}