{"err_test_cavm_l1": 8.78499984741211, "err_test_cmm_l1": 4.639999866485596, "err_train_cavm_l1": 3.0, "err_train_cmm_l1": 0.0, "_timestamp": 1652273884, "_runtime": 7, "_step": 0, "_wandb": {"runtime": 3}}