{"err_test_cavm": 36.29499816894531, "err_test_cmm": 36.54999923706055, "err_train_cavm": 0.0, "err_train_cmm": 0.0, "_timestamp": 1649808250, "_runtime": 93, "_step": 1, "err_test_cavm_l1": 8.800000190734863, "err_test_cmm_l1": 15.175000190734863, "err_train_cavm_l1": 0.0, "err_train_cmm_l1": 0.0, "_wandb": {"runtime": 90}}