{"err_test_cavm": 42.060001373291016, "err_test_cmm": 43.224998474121094, "err_train_cavm": 0.0, "err_train_cmm": 0.0, "_timestamp": 1651668024, "_runtime": 4, "_step": 1, "err_test_cavm_l1": 49.959999084472656, "err_test_cmm_l1": 49.14500045776367, "err_train_cavm_l1": 16.666667938232422, "err_train_cmm_l1": 0.0, "_wandb": {"runtime": 2}}