{"err_test_cavm_l1": 23.135000228881836, "err_test_cmm_l1": 29.684999465942383, "err_train_cavm_l1": 0.0, "err_train_cmm_l1": 0.0, "_timestamp": 1651005649, "_runtime": 94, "_step": 0, "_wandb": {"runtime": 92}}