{"err_test_cavm_l1": 46.54999923706055, "err_test_cmm_l1": 44.89500045776367, "err_train_cavm_l1": 0.0, "err_train_cmm_l1": 0.0, "_timestamp": 1653607125, "_runtime": 5, "_step": 0, "_wandb": {"runtime": 2}}