{"err_test_cavm": 29.0, "err_test_cmm": 2.3600001335144043, "err_train_cavm": 0.0, "err_train_cmm": 0.0, "_timestamp": 1653603084, "_runtime": 8, "_step": 1, "err_test_cavm_l1": 1.8200000524520874, "err_test_cmm_l1": 0.49000000953674316, "err_train_cavm_l1": 0.0, "err_train_cmm_l1": 0.0, "_wandb": {"runtime": 6}}