{"err_test_cmm": 45.91499710083008, "err_train_cmm": 0.0, "_timestamp": 1653522821, "_runtime": 4, "_step": 1, "err_test_cmm_l1": 49.7599983215332, "err_train_cmm_l1": 0.0, "_wandb": {"runtime": 1}}