{"err_test_cavm": 34.595001220703125, "err_test_cmm": 0.0, "err_train_cavm": 29.0, "err_train_cmm": 0.0, "_timestamp": 1652891642, "_runtime": 3, "_step": 1, "err_test_cavm_l1": 50.47500228881836, "err_test_cmm_l1": 44.35499954223633, "err_train_cavm_l1": 42.0, "err_train_cmm_l1": 0.0, "_wandb": {"runtime": 1}}