{"err_test_cavm": 31.05500030517578, "err_test_cmm": 30.31999969482422, "err_train_cavm": 5.1724138259887695, "err_train_cmm": 0.0, "_timestamp": 1651667900, "_runtime": 3, "_step": 1, "err_test_cavm_l1": 35.44000244140625, "err_test_cmm_l1": 40.349998474121094, "err_train_cavm_l1": 32.75862121582031, "err_train_cmm_l1": 0.0, "_wandb": {"runtime": 1}}