{"err_test_cavm_l1": 3.184999942779541, "err_test_cmm_l1": 6.449999809265137, "err_train_cavm_l1": 0.0, "err_train_cmm_l1": 0.0, "_timestamp": 1651143219, "_runtime": 106, "_step": 0, "_wandb": {"runtime": 102}}