{"err_test_cavm_l1": 9.889999389648438, "err_test_cmm_l1": 28.420001983642578, "err_train_cavm_l1": 4.0, "err_train_cmm_l1": 0.0, "_timestamp": 1652273593, "_runtime": 8, "_step": 0, "_wandb": {"runtime": 3}}