{"err_test_cavm": 1.3849999904632568, "err_test_cmm": 2.865000009536743, "err_train_cavm": 0.0, "err_train_cmm": 0.0, "_timestamp": 1653583790, "_runtime": 5, "_step": 1, "err_test_cavm_l1": 1.2649999856948853, "err_test_cmm_l1": 2.559999942779541, "err_train_cavm_l1": 0.0, "err_train_cmm_l1": 0.0, "_wandb": {"runtime": 2}}