{"err_test_cavm_l1": 2.0899999141693115, "err_test_cmm_l1": 10.869999885559082, "err_train_cavm_l1": 0.0, "err_train_cmm_l1": 0.0, "_timestamp": 1652884767, "_runtime": 4, "_step": 0, "_wandb": {"runtime": 1}}