{"err_test_cavm_l1": 4.869999885559082, "err_test_cmm_l1": 10.454999923706055, "err_train_cavm_l1": 0.0, "err_train_cmm_l1": 0.0, "_timestamp": 1651143705, "_runtime": 109, "_step": 0, "_wandb": {"runtime": 105}}