{"err_test_cavm": 10.225000381469727, "err_test_cmm": 11.569999694824219, "err_train_cavm": 0.0, "err_train_cmm": 0.0, "_timestamp": 1653609392, "_runtime": 5, "_step": 1, "err_test_cavm_l1": 4.025000095367432, "err_test_cmm_l1": 2.370000123977661, "err_train_cavm_l1": 0.0, "err_train_cmm_l1": 0.0, "_wandb": {"runtime": 3}}