{"err_test_cmm": 11.380000114440918, "err_train_cmm": 0.0, "_timestamp": 1653525875, "_runtime": 4, "_step": 1, "err_test_cmm_l1": 9.774999618530273, "err_train_cmm_l1": 0.0, "_wandb": {"runtime": 1}}