{"err_test_cavm": 47.62000274658203, "err_test_cmm": 47.45000076293945, "err_train_cavm": 0.0, "err_train_cmm": 0.0, "_timestamp": 1652261378, "_runtime": 14, "_step": 1, "err_test_cavm_l1": 0.0, "err_test_cmm_l1": 49.81999969482422, "err_train_cavm_l1": 0.0, "err_train_cmm_l1": 0.0, "_wandb": {"runtime": 10}}