{"err_test_cavm_l1": 3.7099997997283936, "err_test_cmm_l1": 5.329999923706055, "err_train_cavm_l1": 0.0, "err_train_cmm_l1": 0.0, "_timestamp": 1652280775, "_runtime": 7, "_step": 0, "_wandb": {"runtime": 3}}