{"err_test_cavm": 0.015000000596046448, "err_test_cmm": 0.0, "err_train_cavm": 0.0, "err_train_cmm": 0.0, "_timestamp": 1653053950, "_runtime": 10, "_step": 1, "err_test_cavm_l1": 0.42500001192092896, "err_test_cmm_l1": 10.944999694824219, "err_train_cavm_l1": 0.0, "err_train_cmm_l1": 0.0, "_wandb": {"runtime": 2}}