{"err_test_cavm": 48.3650016784668, "err_test_cmm": 48.44499969482422, "err_train_cavm": 0.0, "err_train_cmm": 0.0, "_timestamp": 1651245848, "_runtime": 7, "_step": 1, "err_test_cavm_l1": 0.0, "err_test_cmm_l1": 49.86000061035156, "err_train_cavm_l1": 0.0, "err_train_cmm_l1": 0.0, "_wandb": {"runtime": 4}}