{"err_test_cavm": 7.199999809265137, "err_test_cmm": 4.96999979019165, "err_train_cavm": 0.0, "err_train_cmm": 0.0, "_timestamp": 1653654465, "_runtime": 91, "_step": 1, "err_test_cavm_l1": 0.0, "err_test_cmm_l1": 1.2200000286102295, "err_train_cavm_l1": 0.0, "err_train_cmm_l1": 0.0, "_wandb": {"runtime": 87}}