{"err_test_cavm": 24.439998626708984, "err_test_cmm": 23.315000534057617, "err_train_cavm": 2.0, "err_train_cmm": 0.0, "_timestamp": 1652261907, "_runtime": 10, "_step": 1, "err_test_cavm_l1": 0.0, "err_test_cmm_l1": 24.770000457763672, "err_train_cavm_l1": 0.0, "err_train_cmm_l1": 0.0, "_wandb": {"runtime": 8}}