{"err_test_cavm": 0.44999998807907104, "err_test_cmm": 1.225000023841858, "err_train_cavm": 0.0, "err_train_cmm": 0.0, "_timestamp": 1653601245, "_runtime": 80, "_step": 1, "err_test_cavm_l1": 0.4350000023841858, "err_test_cmm_l1": 0.5950000286102295, "err_train_cavm_l1": 0.0, "err_train_cmm_l1": 0.0, "_wandb": {"runtime": 77}}