{"err_test_cavm": 36.19999694824219, "err_test_cmm": 36.63999938964844, "err_train_cavm": 0.0, "err_train_cmm": 0.0, "_timestamp": 1649832173, "_runtime": 192, "_step": 1, "err_test_cavm_l1": 2.5450000762939453, "err_test_cmm_l1": 6.5, "err_train_cavm_l1": 0.0, "err_train_cmm_l1": 0.0, "_wandb": {"runtime": 189}}