{"err_test_cmm": 49.31999969482422, "err_train_cmm": 0.0, "_timestamp": 1653572812, "_runtime": 21, "_step": 1, "err_test_cmm_l1": 20.655000686645508, "err_train_cmm_l1": 0.0, "_wandb": {"runtime": 18}}