{"err_test_cmm": 49.63999938964844, "err_train_cmm": 0.0, "_timestamp": 1653522000, "_runtime": 4, "_step": 1, "err_test_cmm_l1": 49.119998931884766, "err_train_cmm_l1": 0.0, "_wandb": {"runtime": 0}}