{"err_test_cavm_l1": 0.7599999904632568, "err_test_cmm_l1": 5.519999980926514, "err_train_cavm_l1": 0.0, "err_train_cmm_l1": 0.0, "_timestamp": 1651020265, "_runtime": 183, "_step": 0, "_wandb": {"runtime": 181}}