{"err_test_cavm": 38.13500213623047, "err_test_cmm": 39.77499771118164, "err_train_cavm": 0.0, "err_train_cmm": 0.0, "_timestamp": 1651658253, "_runtime": 5, "_step": 0, "_wandb": {"runtime": 3}}