{"err_test_cavm": 38.48500061035156, "err_test_cmm": 8.989999771118164, "err_train_cavm": 0.0, "err_train_cmm": 0.0, "_timestamp": 1653602934, "_runtime": 6, "_step": 1, "err_test_cavm_l1": 9.805000305175781, "err_test_cmm_l1": 1.1399999856948853, "err_train_cavm_l1": 0.0, "err_train_cmm_l1": 0.0, "_wandb": {"runtime": 3}}