{"err_test_cavm_l1": 0.3700000047683716, "err_test_cmm_l1": 23.790000915527344, "err_train_cavm_l1": 0.0, "err_train_cmm_l1": 0.0, "_timestamp": 1653134957, "_runtime": 7, "_step": 0, "_wandb": {"runtime": 2}}