{"err_test_cavm_l1": 3.815000057220459, "err_test_cmm_l1": 24.279998779296875, "err_train_cavm_l1": 0.0, "err_train_cmm_l1": 0.0, "_timestamp": 1653135089, "_runtime": 6, "_step": 0, "_wandb": {"runtime": 3}}