{"err_test_cmm": 44.33000183105469, "err_train_cmm": 0.0, "_timestamp": 1653571558, "_runtime": 5, "_step": 1, "err_test_cmm_l1": 7.744999885559082, "err_train_cmm_l1": 0.0, "_wandb": {"runtime": 2}}