{"err_test_cavm_l1": 14.129999160766602, "err_test_cmm_l1": 50.11000061035156, "err_train_cavm_l1": 0.0, "err_train_cmm_l1": 0.0, "_timestamp": 1651023860, "_runtime": 104, "_step": 0, "_wandb": {"runtime": 102}}