{"err_test_cavm": 48.185001373291016, "err_test_cmm": 48.24500274658203, "err_train_cavm": 0.0, "err_train_cmm": 0.0, "_timestamp": 1651251327, "_runtime": 9, "_step": 1, "err_test_cavm_l1": 0.0, "err_test_cmm_l1": 50.27499771118164, "err_train_cavm_l1": 0.0, "err_train_cmm_l1": 0.0, "_wandb": {"runtime": 5}}