{"err_test_cavm_l1": 15.080000877380371, "err_test_cmm_l1": 30.350000381469727, "err_train_cavm_l1": 0.0, "err_train_cmm_l1": 0.0, "_timestamp": 1652283225, "_runtime": 7, "_step": 0, "_wandb": {"runtime": 2}}