{"err_test_cavm": 26.76500129699707, "err_test_cmm": 25.435001373291016, "err_train_cavm": 4.0, "err_train_cmm": 0.0, "_timestamp": 1651586658, "_runtime": 4, "_step": 1, "err_test_cavm_l1": 0.0, "err_test_cmm_l1": 27.900001525878906, "err_train_cavm_l1": 0.0, "err_train_cmm_l1": 0.0, "_wandb": {"runtime": 2}}