{"err_test_cavm": 38.27000045776367, "err_test_cmm": 38.06999969482422, "err_train_cavm": 0.0, "err_train_cmm": 0.0, "_timestamp": 1651251558, "_runtime": 5, "_step": 1, "err_test_cavm_l1": 0.0, "err_test_cmm_l1": 47.970001220703125, "err_train_cavm_l1": 0.0, "err_train_cmm_l1": 0.0, "_wandb": {"runtime": 2}}