{"err_test_cavm_l1": 0.8149999976158142, "err_test_cmm_l1": 2.9700000286102295, "err_train_cavm_l1": 0.0, "err_train_cmm_l1": 0.0, "_timestamp": 1650974376, "_runtime": 130, "_step": 0, "_wandb": {"runtime": 127}}