{"err_test_cavm": 32.10000228881836, "err_test_cmm": 29.8700008392334, "err_train_cavm": 6.0, "err_train_cmm": 0.0, "_timestamp": 1651248093, "_runtime": 6, "_step": 1, "err_test_cavm_l1": 0.0, "err_test_cmm_l1": 10.654999732971191, "err_train_cavm_l1": 0.0, "err_train_cmm_l1": 0.0, "_wandb": {"runtime": 2}}