{"err_test_cavm": 29.139999389648438, "err_test_cmm": 25.96500015258789, "err_train_cavm": 7.699999809265137, "err_train_cmm": 0.0, "_timestamp": 1651161260, "_runtime": 18, "_step": 1, "err_test_cavm_l1": 0.0, "err_test_cmm_l1": 7.935000419616699, "err_train_cavm_l1": 0.0, "err_train_cmm_l1": 0.0, "_wandb": {"runtime": 14}}