{"err_test_cavm_l1": 4.154999732971191, "err_test_cmm_l1": 9.404999732971191, "err_train_cavm_l1": 0.0, "err_train_cmm_l1": 0.0, "_timestamp": 1650990871, "_runtime": 110, "_step": 0, "_wandb": {"runtime": 107}}