{"err_test_cavm": 19.969999313354492, "err_test_cmm": 15.915000915527344, "err_train_cavm": 10.65573787689209, "err_train_cmm": 0.0, "_timestamp": 1652109674, "_runtime": 10, "_step": 1, "err_test_cavm_l1": 35.415000915527344, "err_test_cmm_l1": 14.494999885559082, "err_train_cavm_l1": 30.327869415283203, "err_train_cmm_l1": 0.0, "_wandb": {"runtime": 4}}