{"err_test_cavm": 15.199999809265137, "err_test_cmm": 7.970000267028809, "err_train_cavm": 6.0, "err_train_cmm": 0.0, "_timestamp": 1651248849, "_runtime": 4, "_step": 1, "err_test_cavm_l1": 0.0, "err_test_cmm_l1": 4.699999809265137, "err_train_cavm_l1": 0.0, "err_train_cmm_l1": 0.0, "_wandb": {"runtime": 2}}