{"err_test_cavm": 45.11000061035156, "err_test_cmm": 44.970001220703125, "err_train_cavm": 0.0, "err_train_cmm": 0.0, "_timestamp": 1651583802, "_runtime": 5, "_step": 1, "err_test_cavm_l1": 0.0, "err_test_cmm_l1": 50.30500411987305, "err_train_cavm_l1": 0.0, "err_train_cmm_l1": 0.0, "_wandb": {"runtime": 2}}