{"err_test_cavm": 38.165000915527344, "err_test_cmm": 36.31999969482422, "err_train_cavm": 3.0, "err_train_cmm": 0.0, "_timestamp": 1651251937, "_runtime": 7, "_step": 1, "err_test_cavm_l1": 0.0, "err_test_cmm_l1": 29.954999923706055, "err_train_cavm_l1": 0.0, "err_train_cmm_l1": 0.0, "_wandb": {"runtime": 2}}