{"err_test_cavm": 23.565000534057617, "err_test_cmm": 21.244998931884766, "err_train_cavm": 8.0, "err_train_cmm": 0.0, "_timestamp": 1651585276, "_runtime": 4, "_step": 1, "err_test_cavm_l1": 0.0, "err_test_cmm_l1": 25.38500213623047, "err_train_cavm_l1": 0.0, "err_train_cmm_l1": 0.0, "_wandb": {"runtime": 2}}