{"err_test_cavm": 41.08000183105469, "err_test_cmm": 41.31999969482422, "err_train_cavm": 0.0, "err_train_cmm": 0.0, "_timestamp": 1651584029, "_runtime": 3, "_step": 1, "err_test_cavm_l1": 0.0, "err_test_cmm_l1": 49.73500061035156, "err_train_cavm_l1": 0.0, "err_train_cmm_l1": 0.0, "_wandb": {"runtime": 2}}