{"err_test_cavm": 36.32499694824219, "err_test_cmm": 36.439998626708984, "err_train_cavm": 0.0, "err_train_cmm": 0.0, "_timestamp": 1649830134, "_runtime": 169, "_step": 1, "err_test_cavm_l1": 2.2699999809265137, "err_test_cmm_l1": 6.034999847412109, "err_train_cavm_l1": 0.0, "err_train_cmm_l1": 0.0, "_wandb": {"runtime": 167}}