{"err_test_cmm": 6.62000036239624, "err_train_cmm": 0.0, "_timestamp": 1653526759, "_runtime": 4, "_step": 1, "err_test_cmm_l1": 3.379999876022339, "err_train_cmm_l1": 0.0, "_wandb": {"runtime": 1}}