{"err_test_cavm": 43.130001068115234, "err_test_cmm": 43.18000030517578, "err_train_cavm": 0.0, "err_train_cmm": 0.0, "_timestamp": 1651252185, "_runtime": 6, "_step": 1, "err_test_cavm_l1": 0.0, "err_test_cmm_l1": 50.19999694824219, "err_train_cavm_l1": 0.0, "err_train_cmm_l1": 0.0, "_wandb": {"runtime": 2}}