{"err_test_cavm": 46.755001068115234, "err_test_cmm": 46.779998779296875, "err_train_cavm": 0.0, "err_train_cmm": 0.0, "_timestamp": 1651588108, "_runtime": 5, "_step": 1, "err_test_cavm_l1": 0.0, "err_test_cmm_l1": 49.869998931884766, "err_train_cavm_l1": 0.0, "err_train_cmm_l1": 0.0, "_wandb": {"runtime": 3}}