{"err_test_cavm_l1": 2.924999952316284, "err_test_cmm_l1": 6.74500036239624, "err_train_cavm_l1": 0.0, "err_train_cmm_l1": 0.0, "_timestamp": 1651142387, "_runtime": 109, "_step": 0, "_wandb": {"runtime": 105}}