{"err_test_cavm_l1": 16.399999618530273, "err_test_cmm_l1": 37.34000015258789, "err_train_cavm_l1": 0.0, "err_train_cmm_l1": 0.0, "_timestamp": 1651028015, "_runtime": 75, "_step": 0, "_wandb": {"runtime": 73}}