{"err_test_cavm_l1": 7.269999980926514, "err_test_cmm_l1": 4.974999904632568, "err_train_cavm_l1": 0.0, "err_train_cmm_l1": 0.0, "_timestamp": 1652281890, "_runtime": 8, "_step": 0, "_wandb": {"runtime": 3}}