{"err_test_c0": 0.6100000143051147, "err_test_c1": 0.2549999952316284, "err_test_c2": 5.355000019073486, "err_test_cmm": 2.309999942779541, "err_train_c0": 0.0, "err_train_c1": 0.0, "err_train_c2": 5.0, "err_train_cmm": 4.0000000000000036, "_timestamp": 1649333138, "_runtime": 8, "_step": 0, "_wandb": {"runtime": 5}}