{"err_test_cavm_l1": 41.80500030517578, "err_test_cmm_l1": 41.595001220703125, "err_train_cavm_l1": 0.0, "err_train_cmm_l1": 0.0, "_timestamp": 1653607012, "_runtime": 5, "_step": 0, "_wandb": {"runtime": 2}}