{"err_test_cavm": 34.70500183105469, "err_test_cmm": 33.80500030517578, "err_train_cavm": 12.0, "err_train_cmm": 0.0, "_timestamp": 1651585810, "_runtime": 7, "_step": 1, "err_test_cavm_l1": 0.0, "err_test_cmm_l1": 35.37000274658203, "err_train_cavm_l1": 0.0, "err_train_cmm_l1": 0.0, "_wandb": {"runtime": 2}}