{"err_test_cavm": 23.625, "err_test_cmm": 24.030000686645508, "err_train_cavm": 0.0, "err_train_cmm": 0.0, "_timestamp": 1649809803, "_runtime": 93, "_step": 1, "err_test_cavm_l1": 3.3349997997283936, "err_test_cmm_l1": 7.699999809265137, "err_train_cavm_l1": 0.0, "err_train_cmm_l1": 0.0, "_wandb": {"runtime": 91}}