{"err_test_cavm_l1": 0.11500000208616257, "err_test_cmm_l1": 4.430000305175781, "err_train_cavm_l1": 0.10000000149011612, "err_train_cmm_l1": 0.0, "_timestamp": 1651830105, "_runtime": 7, "_step": 0, "_wandb": {"runtime": 4}}