{"err_test_cavm": 26.6200008392334, "err_test_cmm": 25.09000015258789, "err_train_cavm": 4.0, "err_train_cmm": 0.0, "_timestamp": 1651587786, "_runtime": 3, "_step": 1, "err_test_cavm_l1": 0.0, "err_test_cmm_l1": 23.59000015258789, "err_train_cavm_l1": 0.0, "err_train_cmm_l1": 0.0, "_wandb": {"runtime": 2}}