{"err_test_cavm": 14.8149995803833, "err_test_cmm": 8.670000076293945, "err_train_cavm": 8.0, "err_train_cmm": 0.0, "_timestamp": 1651251666, "_runtime": 4, "_step": 1, "err_test_cavm_l1": 0.0, "err_test_cmm_l1": 7.500000476837158, "err_train_cavm_l1": 0.0, "err_train_cmm_l1": 0.0, "_wandb": {"runtime": 2}}