{"err_test_cavm": 41.56999969482422, "err_test_cmm": 41.4900016784668, "err_train_cavm": 0.0, "err_train_cmm": 0.0, "_timestamp": 1651582827, "_runtime": 4, "_step": 1, "err_test_cavm_l1": 0.0, "err_test_cmm_l1": 48.70499801635742, "err_train_cavm_l1": 0.0, "err_train_cmm_l1": 0.0, "_wandb": {"runtime": 2}}