{"err_test_cavm_l1": 4.170000076293945, "err_test_cmm_l1": 7.715000152587891, "err_train_cavm_l1": 0.0, "err_train_cmm_l1": 0.0, "_timestamp": 1650989570, "_runtime": 106, "_step": 0, "_wandb": {"runtime": 103}}