{"err_test_cmm": 40.65999984741211, "err_train_cmm": 0.0, "_timestamp": 1653585662, "_runtime": 5, "_step": 1, "err_test_cmm_l1": 38.55500030517578, "err_train_cmm_l1": 0.0, "_wandb": {"runtime": 2}}