{"err_test_cavm_l1": 23.899999618530273, "err_test_cmm_l1": 27.68000030517578, "err_train_cavm_l1": 0.0, "err_train_cmm_l1": 0.0, "_timestamp": 1650999238, "_runtime": 120, "_step": 0, "_wandb": {"runtime": 117}}