{"err_test_cavm": 46.91999816894531, "err_test_cmm": 46.92499923706055, "err_train_cavm": 0.0, "err_train_cmm": 0.0, "_timestamp": 1651655048, "_runtime": 8, "_step": 0, "_wandb": {"runtime": 3}}