{"err_test_cavm_l1": 6.010000228881836, "err_test_cmm_l1": 15.485000610351562, "err_train_cavm_l1": 0.0, "err_train_cmm_l1": 0.0, "_timestamp": 1652280194, "_runtime": 6, "_step": 0, "_wandb": {"runtime": 2}}