{"err_test_cavm": 3.7850000858306885, "err_test_cmm": 4.190000057220459, "err_train_cavm": 0.0, "err_train_cmm": 0.0, "_timestamp": 1653663823, "_runtime": 6, "_step": 1, "err_test_cavm_l1": 3.669999837875366, "err_test_cmm_l1": 0.4099999964237213, "err_train_cavm_l1": 0.0, "err_train_cmm_l1": 0.0, "_wandb": {"runtime": 3}}