{"err_test_cavm_l1": 28.30500030517578, "err_test_cmm_l1": 34.27000045776367, "err_train_cavm_l1": 13.043478012084961, "err_train_cmm_l1": 0.0, "_timestamp": 1651831209, "_runtime": 8, "_step": 0, "_wandb": {"runtime": 2}}