{"err_test_cavm": 33.994998931884766, "err_test_cmm": 37.540000915527344, "err_train_cavm": 10.0, "err_train_cmm": 0.0, "_timestamp": 1651658565, "_runtime": 4, "_step": 0, "_wandb": {"runtime": 3}}