{"err_test_cavm_l1": 1.5699999332427979, "err_test_cmm_l1": 38.60499954223633, "err_train_cavm_l1": 0.0, "err_train_cmm_l1": 0.0, "_timestamp": 1653130930, "_runtime": 7, "_step": 0, "_wandb": {"runtime": 2}}