{"err_test_cavm": 21.30499839782715, "err_test_cmm": 16.26500129699707, "err_train_cavm": 8.0, "err_train_cmm": 0.0, "_timestamp": 1651588146, "_runtime": 4, "_step": 1, "err_test_cavm_l1": 0.0, "err_test_cmm_l1": 12.46500015258789, "err_train_cavm_l1": 0.0, "err_train_cmm_l1": 0.0, "_wandb": {"runtime": 2}}