{"err_test_cmm": 5.600000381469727, "err_train_cmm": 0.0, "_timestamp": 1653526319, "_runtime": 4, "_step": 1, "err_test_cmm_l1": 3.31499981880188, "err_train_cmm_l1": 0.0, "_wandb": {"runtime": 1}}