{"err_test_cavm_l1": 5.195000171661377, "err_test_cmm_l1": 9.420000076293945, "err_train_cavm_l1": 0.0, "err_train_cmm_l1": 0.0, "_timestamp": 1650964882, "_runtime": 92, "_step": 0, "_wandb": {"runtime": 90}}