{"err_test_cavm": 32.869998931884766, "err_test_cmm": 34.46500015258789, "err_train_cavm": 0.0, "err_train_cmm": 0.0, "_timestamp": 1649809027, "_runtime": 95, "_step": 1, "err_test_cavm_l1": 5.164999961853027, "err_test_cmm_l1": 9.720000267028809, "err_train_cavm_l1": 0.0, "err_train_cmm_l1": 0.0, "_wandb": {"runtime": 93}}