{"err_test_cavm": 43.369998931884766, "err_test_cmm": 0.0, "err_train_cavm": 40.0, "err_train_cmm": 0.0, "_timestamp": 1653047899, "_runtime": 6, "_step": 1, "err_test_cavm_l1": 49.654998779296875, "err_test_cmm_l1": 1.7699999809265137, "err_train_cavm_l1": 43.0, "err_train_cmm_l1": 0.0, "_wandb": {"runtime": 1}}