{"err_test_cavm_l1": 15.085000038146973, "err_test_cmm_l1": 42.73500061035156, "err_train_cavm_l1": 0.0, "err_train_cmm_l1": 0.0, "_timestamp": 1653131456, "_runtime": 14, "_step": 0, "_wandb": {"runtime": 3}}