{"err_test_cavm_l1": 11.880000114440918, "err_test_cmm_l1": 45.7599983215332, "err_train_cavm_l1": 0.0, "err_train_cmm_l1": 0.0, "_timestamp": 1652279500, "_runtime": 8, "_step": 0, "_wandb": {"runtime": 4}}