{"err_test_cavm": 5.369999885559082, "err_test_cmm": 0.8899999856948853, "err_train_cavm": 0.0, "err_train_cmm": 0.0, "_timestamp": 1653607857, "_runtime": 88, "_step": 1, "err_test_cavm_l1": 0.9100000262260437, "err_test_cmm_l1": 0.5099999904632568, "err_train_cavm_l1": 0.0, "err_train_cmm_l1": 0.0, "_wandb": {"runtime": 85}}