{"err_test_cavm": 45.185001373291016, "err_test_cmm": 44.81500244140625, "err_train_cavm": 0.0, "err_train_cmm": 0.0, "_timestamp": 1652109577, "_runtime": 8, "_step": 1, "err_test_cavm_l1": 35.255001068115234, "err_test_cmm_l1": 49.880001068115234, "err_train_cavm_l1": 0.0, "err_train_cmm_l1": 0.0, "_wandb": {"runtime": 3}}