{"err_test_cmm": 35.86000061035156, "err_train_cmm": 0.0, "_timestamp": 1653573101, "_runtime": 5, "_step": 1, "err_test_cmm_l1": 14.100000381469727, "err_train_cmm_l1": 0.0, "_wandb": {"runtime": 2}}