{"err_test_cavm_l1": 19.42500114440918, "err_test_cmm_l1": 32.724998474121094, "err_train_cavm_l1": 0.0, "err_train_cmm_l1": 0.0, "_timestamp": 1651667325, "_runtime": 3, "_step": 0, "_wandb": {"runtime": 2}}