{"err_test_cavm": 24.91499900817871, "err_test_cmm": 23.639999389648438, "err_train_cavm": 8.403361320495605, "err_train_cmm": 0.0, "_timestamp": 1651667690, "_runtime": 4, "_step": 1, "err_test_cavm_l1": 35.51000213623047, "err_test_cmm_l1": 24.060001373291016, "err_train_cavm_l1": 26.890758514404297, "err_train_cmm_l1": 0.0, "_wandb": {"runtime": 2}}