{"err_test_cavm": 17.44499969482422, "err_test_cmm": 16.885000228881836, "err_train_cavm": 0.0, "err_train_cmm": 0.0, "_timestamp": 1653662501, "_runtime": 6, "_step": 1, "err_test_cavm_l1": 0.17999999225139618, "err_test_cmm_l1": 0.2199999988079071, "err_train_cavm_l1": 0.0, "err_train_cmm_l1": 0.0, "_wandb": {"runtime": 2}}