{"err_test_c0": 100.0, "err_test_c1": 24.69499969482422, "err_test_c2": 41.970001220703125, "err_test_cmm": 0.9399999976158142, "err_train_c0": 100.0, "err_train_c1": 23.232322692871094, "err_train_c2": 43.43434143066406, "err_train_cmm": 5.05050505050505, "_timestamp": 1649332246, "_runtime": 55, "_step": 0, "_wandb": {"runtime": 52}}