{"err_test_cavm_l1": 50.480003356933594, "err_test_cmm_l1": 35.935001373291016, "err_train_cavm_l1": 0.0, "err_train_cmm_l1": 0.0, "_timestamp": 1653599211, "_runtime": 5, "_step": 0, "_wandb": {"runtime": 2}}