{"err_test_cavm_l1": 0.9800000190734863, "err_test_cmm_l1": 2.7750000953674316, "err_train_cavm_l1": 0.0, "err_train_cmm_l1": 0.0, "_timestamp": 1650895233, "_runtime": 614, "_step": 0, "_wandb": {"runtime": 611}}