{"err_test_cavm_l1": 14.135000228881836, "err_test_cmm_l1": 49.23999786376953, "err_train_cavm_l1": 0.0, "err_train_cmm_l1": 0.0, "_timestamp": 1651018268, "_runtime": 58, "_step": 0, "_wandb": {"runtime": 55}}