{"err_test_cavm": 16.060001373291016, "err_test_cmm": 13.160000801086426, "err_train_cavm": 10.0, "err_train_cmm": 0.0, "_timestamp": 1652261850, "_runtime": 7, "_step": 1, "err_test_cavm_l1": 0.0, "err_test_cmm_l1": 5.329999923706055, "err_train_cavm_l1": 0.0, "err_train_cmm_l1": 0.0, "_wandb": {"runtime": 3}}