{"avg_test_c0": 22.310001373291016, "avg_test_c1": 0.08500000089406967, "avg_test_c2": 24.850000381469727, "avg_test_cmm": 4.964999675750732, "_timestamp": 1649330874, "_runtime": 13, "_step": 0, "_wandb": {"runtime": 7}}