{"err_test_cavm_l1": 28.895000457763672, "err_test_cmm_l1": 37.80500030517578, "err_train_cavm_l1": 0.0, "err_train_cmm_l1": 0.0, "_timestamp": 1651032691, "_runtime": 128, "_step": 0, "_wandb": {"runtime": 126}}