{"err_test_cavm_l1": 5.84499979019165, "err_test_cmm_l1": 39.46999740600586, "err_train_cavm_l1": 0.0, "err_train_cmm_l1": 0.0, "_timestamp": 1653131728, "_runtime": 10, "_step": 0, "_wandb": {"runtime": 3}}