{"err_test_cavm": 44.775001525878906, "err_test_cmm": 44.7400016784668, "err_train_cavm": 0.0, "err_train_cmm": 0.0, "_timestamp": 1649760169, "_runtime": 90, "_step": 0, "_wandb": {"runtime": 323}}