{"err_test_cavm": 46.43499755859375, "err_test_cmm": 46.380001068115234, "err_train_cavm": 0.0, "err_train_cmm": 0.0, "_timestamp": 1651587369, "_runtime": 4, "_step": 1, "err_test_cavm_l1": 0.0, "err_test_cmm_l1": 49.92499923706055, "err_train_cavm_l1": 0.0, "err_train_cmm_l1": 0.0, "_wandb": {"runtime": 3}}