{"err_test_cavm_l1": 14.554999351501465, "err_test_cmm_l1": 19.78499984741211, "err_train_cavm_l1": 0.0, "err_train_cmm_l1": 0.0, "_timestamp": 1653606864, "_runtime": 5, "_step": 0, "_wandb": {"runtime": 3}}