{"err_test_cavm_l1": 6.085000038146973, "err_test_cmm_l1": 11.424999237060547, "err_train_cavm_l1": 0.0, "err_train_cmm_l1": 0.0, "_timestamp": 1650974887, "_runtime": 68, "_step": 0, "_wandb": {"runtime": 66}}