{"err_test_cavm_l1": 51.540000915527344, "err_test_cmm_l1": 29.660001754760742, "err_train_cavm_l1": 51.29664611816406, "err_train_cmm_l1": 16.034155597722965, "_timestamp": 1651004310, "_runtime": 157, "_step": 0, "_wandb": {"runtime": 154}}