{"err_test_cmm": 44.44499969482422, "err_train_cmm": 0.0, "_timestamp": 1653526407, "_runtime": 4, "_step": 1, "err_test_cmm_l1": 50.15500259399414, "err_train_cmm_l1": 0.0, "_wandb": {"runtime": 1}}