{"err_test_cavm": 19.739999771118164, "err_test_cmm": 11.8100004196167, "err_train_cavm": 10.0, "err_train_cmm": 0.0, "_timestamp": 1651250836, "_runtime": 5, "_step": 1, "err_test_cavm_l1": 0.0, "err_test_cmm_l1": 4.880000114440918, "err_train_cavm_l1": 0.0, "err_train_cmm_l1": 0.0, "_wandb": {"runtime": 2}}