{"err_test_cavm": 28.169998168945312, "err_test_cmm": 23.575000762939453, "err_train_cavm": 11.0, "err_train_cmm": 0.0, "_timestamp": 1651582322, "_runtime": 4, "_step": 1, "err_test_cavm_l1": 0.0, "err_test_cmm_l1": 24.940000534057617, "err_train_cavm_l1": 0.0, "err_train_cmm_l1": 0.0, "_wandb": {"runtime": 2}}