{"err_test_cavm": 32.380001068115234, "err_test_cmm": 31.854999542236328, "err_train_cavm": 4.0, "err_train_cmm": 0.0, "_timestamp": 1651251388, "_runtime": 5, "_step": 1, "err_test_cavm_l1": 0.0, "err_test_cmm_l1": 29.7549991607666, "err_train_cavm_l1": 0.0, "err_train_cmm_l1": 0.0, "_wandb": {"runtime": 2}}