{"err_test_cavm": 37.6349983215332, "err_test_cmm": 37.73500061035156, "err_train_cavm": 2.0, "err_train_cmm": 0.0, "_timestamp": 1651582463, "_runtime": 5, "_step": 1, "err_test_cavm_l1": 0.0, "err_test_cmm_l1": 36.37999725341797, "err_train_cavm_l1": 0.0, "err_train_cmm_l1": 0.0, "_wandb": {"runtime": 2}}