{"err_test_cmm": 36.880001068115234, "err_train_cmm": 0.0, "_timestamp": 1653572909, "_runtime": 6, "_step": 1, "err_test_cmm_l1": 22.17500114440918, "err_train_cmm_l1": 0.0, "_wandb": {"runtime": 2}}