{"err_test_cavm_l1": 2.0300002098083496, "err_test_cmm_l1": 4.920000076293945, "err_train_cavm_l1": 0.0, "err_train_cmm_l1": 0.0, "_timestamp": 1650988456, "_runtime": 50, "_step": 0, "_wandb": {"runtime": 48}}