{"err_test_cavm": 46.70499801635742, "err_test_cmm": 46.57999801635742, "err_train_cavm": 0.0, "err_train_cmm": 0.0, "_timestamp": 1651585487, "_runtime": 6, "_step": 1, "err_test_cavm_l1": 0.0, "err_test_cmm_l1": 50.290000915527344, "err_train_cavm_l1": 0.0, "err_train_cmm_l1": 0.0, "_wandb": {"runtime": 3}}