{"err_test_cavm": 27.450000762939453, "err_test_cmm": 25.815000534057617, "err_train_cavm": 5.0, "err_train_cmm": 0.0, "_timestamp": 1651587537, "_runtime": 4, "_step": 1, "err_test_cavm_l1": 0.0, "err_test_cmm_l1": 18.780000686645508, "err_train_cavm_l1": 0.0, "err_train_cmm_l1": 0.0, "_wandb": {"runtime": 1}}