{"err_test_cmm": 33.43000030517578, "err_train_cmm": 0.0, "_timestamp": 1653573302, "_runtime": 5, "_step": 1, "err_test_cmm_l1": 22.630001068115234, "err_train_cmm_l1": 0.0, "_wandb": {"runtime": 2}}