{"err_test_cavm": 22.149999618530273, "err_test_cmm": 24.975000381469727, "err_train_cavm": 0.0, "err_train_cmm": 0.0, "_timestamp": 1649787555, "_runtime": 93, "_step": 1, "err_test_cavm_l1": 1.559999942779541, "err_test_cmm_l1": 4.744999885559082, "err_train_cavm_l1": 0.0, "err_train_cmm_l1": 0.0, "_wandb": {"runtime": 90}}