{"err_test_cavm_l1": 24.600000381469727, "err_test_cmm_l1": 30.30000114440918, "err_train_cavm_l1": 0.0, "err_train_cmm_l1": 0.0, "_timestamp": 1651028433, "_runtime": 143, "_step": 0, "_wandb": {"runtime": 140}}