{"err_test_cavm": 31.505001068115234, "err_test_cmm": 32.33500289916992, "err_train_cavm": 5.0, "err_train_cmm": 0.0, "_timestamp": 1651584394, "_runtime": 3, "_step": 1, "err_test_cavm_l1": 0.0, "err_test_cmm_l1": 28.63500213623047, "err_train_cavm_l1": 0.0, "err_train_cmm_l1": 0.0, "_wandb": {"runtime": 2}}