{"err_test_cavm": 48.21500015258789, "err_test_cmm": 48.12000274658203, "err_train_cavm": 0.0, "err_train_cmm": 0.0, "_timestamp": 1649790248, "_runtime": 268, "_step": 1, "err_test_cavm_l1": 5.684999942779541, "err_test_cmm_l1": 10.0, "err_train_cavm_l1": 0.0, "err_train_cmm_l1": 0.0, "_wandb": {"runtime": 266}}