{"err_test_cavm": 46.154998779296875, "err_test_cmm": 46.00499725341797, "err_train_cavm": 0.0, "err_train_cmm": 0.0, "_timestamp": 1649804366, "_runtime": 120, "_step": 1, "err_test_cavm_l1": 49.84000015258789, "err_test_cmm_l1": 49.84000015258789, "err_train_cavm_l1": 0.0, "err_train_cmm_l1": 0.0, "_wandb": {"runtime": 118}}