{"err_test_cavm": 20.67500114440918, "err_test_cmm": 20.700000762939453, "err_train_cavm": 0.0, "err_train_cmm": 0.0, "_timestamp": 1649807165, "_runtime": 97, "_step": 1, "err_test_cavm_l1": 2.484999895095825, "err_test_cmm_l1": 5.555000305175781, "err_train_cavm_l1": 0.0, "err_train_cmm_l1": 0.0, "_wandb": {"runtime": 95}}