{"err_test_cavm": 26.39499855041504, "err_test_cmm": 22.44500160217285, "err_train_cavm": 9.0, "err_train_cmm": 0.0, "_timestamp": 1651585408, "_runtime": 3, "_step": 1, "err_test_cavm_l1": 0.0, "err_test_cmm_l1": 21.899999618530273, "err_train_cavm_l1": 0.0, "err_train_cmm_l1": 0.0, "_wandb": {"runtime": 2}}