{"err_test_cavm_l1": 17.18000030517578, "err_test_cmm_l1": 21.299999237060547, "err_train_cavm_l1": 0.0, "err_train_cmm_l1": 0.0, "_timestamp": 1650994543, "_runtime": 116, "_step": 0, "_wandb": {"runtime": 113}}