{"err_test_cavm": 37.16999816894531, "err_test_cmm": 36.81999969482422, "err_train_cavm": 1.0, "err_train_cmm": 0.0, "_timestamp": 1651587689, "_runtime": 4, "_step": 1, "err_test_cavm_l1": 0.0, "err_test_cmm_l1": 44.52000045776367, "err_train_cavm_l1": 0.0, "err_train_cmm_l1": 0.0, "_wandb": {"runtime": 2}}