{"err_test_cmm": 32.584999084472656, "err_train_cmm": 0.0, "_timestamp": 1653523580, "_runtime": 3, "_step": 1, "err_test_cmm_l1": 43.07999801635742, "err_train_cmm_l1": 0.0, "_wandb": {"runtime": 1}}