{"err_test_cavm_l1": 21.32499885559082, "err_test_cmm_l1": 26.614999771118164, "err_train_cavm_l1": 0.0, "err_train_cmm_l1": 0.0, "_timestamp": 1651003041, "_runtime": 94, "_step": 0, "_wandb": {"runtime": 91}}