{"err_test_cavm": 42.73999786376953, "err_test_cmm": 42.68499755859375, "err_train_cavm": 0.0, "err_train_cmm": 0.0, "_timestamp": 1651584433, "_runtime": 3, "_step": 1, "err_test_cavm_l1": 0.0, "err_test_cmm_l1": 49.935001373291016, "err_train_cavm_l1": 0.0, "err_train_cmm_l1": 0.0, "_wandb": {"runtime": 2}}