{"err_test_cavm_l1": 19.21500015258789, "err_test_cmm_l1": 23.6200008392334, "err_train_cavm_l1": 0.0, "err_train_cmm_l1": 0.0, "_timestamp": 1650999662, "_runtime": 91, "_step": 0, "_wandb": {"runtime": 89}}