{"err_test_cavm": 11.90999984741211, "err_test_cmm": 4.380000114440918, "err_train_cavm": 7.599999904632568, "err_train_cmm": 0.0, "_timestamp": 1651152537, "_runtime": 5, "_step": 1, "err_test_cavm_l1": 34.959999084472656, "err_test_cmm_l1": 3.9600000381469727, "err_train_cavm_l1": 33.29999923706055, "err_train_cmm_l1": 0.0, "_wandb": {"runtime": 3}}