{"err_test_cavm": 47.33000183105469, "err_test_cmm": 47.35499954223633, "err_train_cavm": 0.0, "err_train_cmm": 0.0, "_timestamp": 1649839841, "_runtime": 96, "_step": 1, "err_test_cavm_l1": 50.55500411987305, "err_test_cmm_l1": 50.3650016784668, "err_train_cavm_l1": 0.0, "err_train_cmm_l1": 0.0, "_wandb": {"runtime": 94}}