{"err_test_cavm_l1": 0.2150000035762787, "err_test_cmm_l1": 6.465000152587891, "err_train_cavm_l1": 0.10000000149011612, "err_train_cmm_l1": 0.0, "_timestamp": 1651830332, "_runtime": 7, "_step": 0, "_wandb": {"runtime": 4}}