{"err_test_cavm": 0.20000000298023224, "err_test_cmm": 0.6200000047683716, "err_train_cavm": 0.0, "err_train_cmm": 0.0, "_timestamp": 1653662145, "_runtime": 23, "_step": 1, "err_test_cavm_l1": 0.1599999964237213, "err_test_cmm_l1": 0.23499999940395355, "err_train_cavm_l1": 0.0, "err_train_cmm_l1": 0.0, "_wandb": {"runtime": 18}}