{"err_test_cavm_l1": 29.725000381469727, "err_test_cmm_l1": 42.01499938964844, "err_train_cavm_l1": 0.0, "err_train_cmm_l1": 0.0, "_timestamp": 1651033851, "_runtime": 113, "_step": 0, "_wandb": {"runtime": 111}}