{"err_test_cavm": 45.57499694824219, "err_test_cmm": 45.564998626708984, "err_train_cavm": 0.0, "err_train_cmm": 0.0, "_timestamp": 1649836949, "_runtime": 101, "_step": 1, "err_test_cavm_l1": 10.475000381469727, "err_test_cmm_l1": 16.654998779296875, "err_train_cavm_l1": 0.0, "err_train_cmm_l1": 0.0, "_wandb": {"runtime": 98}}