{"err_test_cavm_l1": 10.699999809265137, "err_test_cmm_l1": 14.180000305175781, "err_train_cavm_l1": 0.0, "err_train_cmm_l1": 0.0, "_timestamp": 1650995708, "_runtime": 110, "_step": 0, "_wandb": {"runtime": 107}}