{"err_test_cavm": 36.98999786376953, "err_test_cmm": 38.35499954223633, "err_train_cavm": 0.0, "err_train_cmm": 0.0, "_timestamp": 1651247443, "_runtime": 4, "_step": 1, "err_test_cavm_l1": 0.0, "err_test_cmm_l1": 42.119998931884766, "err_train_cavm_l1": 0.0, "err_train_cmm_l1": 0.0, "_wandb": {"runtime": 1}}