{"err_test_cavm": 46.78499984741211, "err_test_cmm": 46.775001525878906, "err_train_cavm": 0.0, "err_train_cmm": 0.0, "_timestamp": 1651583419, "_runtime": 6, "_step": 1, "err_test_cavm_l1": 0.0, "err_test_cmm_l1": 49.880001068115234, "err_train_cavm_l1": 0.0, "err_train_cmm_l1": 0.0, "_wandb": {"runtime": 4}}