{"err_test_cavm_l1": 46.404998779296875, "err_test_cmm_l1": 50.12000274658203, "err_train_cavm_l1": 0.0, "err_train_cmm_l1": 0.0, "_timestamp": 1651028094, "_runtime": 71, "_step": 0, "_wandb": {"runtime": 69}}