{"err_test_cavm": 45.22999954223633, "err_test_cmm": 45.279998779296875, "err_train_cavm": 0.0, "err_train_cmm": 0.0, "_timestamp": 1649768691, "_runtime": 92, "_step": 0, "_wandb": {"runtime": 233}}