{"err_test_cavm": 26.2450008392334, "err_test_cmm": 24.905000686645508, "err_train_cavm": 6.722689628601074, "err_train_cmm": 0.0, "_timestamp": 1652259484, "_runtime": 7, "_step": 1, "err_test_cavm_l1": 0.0, "err_test_cmm_l1": 22.96500015258789, "err_train_cavm_l1": 0.0, "err_train_cmm_l1": 0.0, "_wandb": {"runtime": 3}}