{"err_test_cavm_l1": 1.1800000667572021, "err_test_cmm_l1": 8.519999504089355, "err_train_cavm_l1": 0.0, "err_train_cmm_l1": 0.0, "_timestamp": 1651018572, "_runtime": 119, "_step": 0, "_wandb": {"runtime": 116}}