{"err_test_cavm_l1": 49.875, "err_test_cmm_l1": 24.645000457763672, "err_train_cavm_l1": 47.78621292114258, "err_train_cmm_l1": 9.329538266919668, "_timestamp": 1650998234, "_runtime": 161, "_step": 0, "_wandb": {"runtime": 160}}