{"err_test_cavm": 32.415000915527344, "err_test_cmm": 31.790000915527344, "err_train_cavm": 5.0, "err_train_cmm": 0.0, "_timestamp": 1651588291, "_runtime": 4, "_step": 1, "err_test_cavm_l1": 0.0, "err_test_cmm_l1": 40.26499938964844, "err_train_cavm_l1": 0.0, "err_train_cmm_l1": 0.0, "_wandb": {"runtime": 2}}