{"err_test_cavm": 17.5, "err_test_cmm": 18.094999313354492, "err_train_cavm": 0.0, "err_train_cmm": 0.0, "_timestamp": 1649809703, "_runtime": 145, "_step": 1, "err_test_cavm_l1": 2.3399999141693115, "err_test_cmm_l1": 5.059999942779541, "err_train_cavm_l1": 0.0, "err_train_cmm_l1": 0.0, "_wandb": {"runtime": 143}}