{"err_test_cavm": 44.935001373291016, "err_test_cmm": 44.83500289916992, "err_train_cavm": 0.0, "err_train_cmm": 0.0, "_timestamp": 1649768948, "_runtime": 93, "_step": 0, "_wandb": {"runtime": 1318}}