{"err_test_cavm_l1": 0.5699999928474426, "err_test_cmm_l1": 25.924999237060547, "err_train_cavm_l1": 0.0, "err_train_cmm_l1": 0.0, "_timestamp": 1653128422, "_runtime": 4, "_step": 0, "_wandb": {"runtime": 1}}