{"err_test_cavm": 44.31500244140625, "err_test_cmm": 44.165000915527344, "err_train_cavm": 0.0, "err_train_cmm": 0.0, "_timestamp": 1652259565, "_runtime": 7, "_step": 1, "err_test_cavm_l1": 50.410003662109375, "err_test_cmm_l1": 50.01000213623047, "err_train_cavm_l1": 0.0, "err_train_cmm_l1": 0.0, "_wandb": {"runtime": 3}}