{"err_test_cavm": 25.30500030517578, "err_test_cmm": 25.650001525878906, "err_train_cavm": 0.0, "err_train_cmm": 0.0, "_timestamp": 1649806276, "_runtime": 94, "_step": 1, "err_test_cavm_l1": 2.9100000858306885, "err_test_cmm_l1": 5.485000133514404, "err_train_cavm_l1": 0.0, "err_train_cmm_l1": 0.0, "_wandb": {"runtime": 92}}