{"err_test_cavm_l1": 50.910003662109375, "err_test_cmm_l1": 49.689998626708984, "err_train_cavm_l1": 0.0, "err_train_cmm_l1": 0.0, "_timestamp": 1651836802, "_runtime": 6, "_step": 0, "_wandb": {"runtime": 2}}