{"err_test_cavm": 11.905000686645508, "err_test_cmm": 13.920000076293945, "err_train_cavm": 0.0, "err_train_cmm": 0.0, "_timestamp": 1649786052, "_runtime": 108, "_step": 1, "err_test_cavm_l1": 3.135000228881836, "err_test_cmm_l1": 5.235000133514404, "err_train_cavm_l1": 0.0, "err_train_cmm_l1": 0.0, "_wandb": {"runtime": 105}}