{"err_test_cavm_l1": 14.110000610351562, "err_test_cmm_l1": 21.244998931884766, "err_train_cavm_l1": 0.0, "err_train_cmm_l1": 0.0, "_timestamp": 1651025367, "_runtime": 140, "_step": 0, "_wandb": {"runtime": 137}}