{"err_test_cmm": 48.275001525878906, "err_train_cmm": 0.0, "_timestamp": 1653585746, "_runtime": 13, "_step": 1, "err_test_cmm_l1": 27.90999984741211, "err_train_cmm_l1": 0.0, "_wandb": {"runtime": 9}}