{"err_test_cavm": 27.474998474121094, "err_test_cmm": 24.110000610351562, "err_train_cavm": 7.0, "err_train_cmm": 0.0, "_timestamp": 1651247421, "_runtime": 3, "_step": 1, "err_test_cavm_l1": 0.0, "err_test_cmm_l1": 24.469999313354492, "err_train_cavm_l1": 0.0, "err_train_cmm_l1": 0.0, "_wandb": {"runtime": 2}}