{"err_test_cavm": 34.89500045776367, "err_test_cmm": 6.690000057220459, "err_train_cavm": 29.0, "err_train_cmm": 3.0000000000000027, "_timestamp": 1650550898, "_runtime": 180, "_step": 1, "err_test_cavm_l1": 2.119999885559082, "err_test_cmm_l1": 2.450000047683716, "err_train_cavm_l1": 0.0, "err_train_cmm_l1": 0.0, "_wandb": {"runtime": 176}}