{"err_test_cavm": 0.48000001907348633, "err_test_cmm": 0.9350000023841858, "err_train_cavm": 0.0, "err_train_cmm": 0.0, "_timestamp": 1653661651, "_runtime": 8, "_step": 1, "err_test_cavm_l1": 0.0949999988079071, "err_test_cmm_l1": 0.1550000011920929, "err_train_cavm_l1": 0.0, "err_train_cmm_l1": 0.0, "_wandb": {"runtime": 5}}