{"err_test_cavm": 15.649999618530273, "err_test_cmm": 8.824999809265137, "err_train_cavm": 7.984031677246094, "err_train_cmm": 0.0, "_timestamp": 1652259950, "_runtime": 6, "_step": 1, "err_test_cavm_l1": 0.0, "err_test_cmm_l1": 5.585000038146973, "err_train_cavm_l1": 0.0, "err_train_cmm_l1": 0.0, "_wandb": {"runtime": 3}}