{"err_test_cmm": 41.37000274658203, "err_train_cmm": 0.0, "_timestamp": 1653585459, "_runtime": 5, "_step": 1, "err_test_cmm_l1": 40.94499969482422, "err_train_cmm_l1": 0.0, "_wandb": {"runtime": 1}}