{"err_test_cavm": 0.1550000011920929, "err_test_cmm": 0.46000000834465027, "err_train_cavm": 0.0, "err_train_cmm": 0.0, "_timestamp": 1653661611, "_runtime": 83, "_step": 1, "err_test_cavm_l1": 0.19499999284744263, "err_test_cmm_l1": 0.25999999046325684, "err_train_cavm_l1": 0.0, "err_train_cmm_l1": 0.0, "_wandb": {"runtime": 79}}