{"err_test_cavm_l1": 13.995000839233398, "err_test_cmm_l1": 24.309999465942383, "err_train_cavm_l1": 0.0, "err_train_cmm_l1": 0.0, "_timestamp": 1651023508, "_runtime": 125, "_step": 0, "_wandb": {"runtime": 122}}