{"avg_test_c0": 1.9249999523162842, "avg_test_c1": 2.375, "avg_test_c2": 2.7950000762939453, "avg_test_cmm": 4.385000228881836, "_timestamp": 1649327258, "_runtime": 8, "_step": 0, "_wandb": {"runtime": 5}}