{"err_test_c0": 9.84000015258789, "err_test_c1": 4.644999980926514, "err_test_c2": 5.225000381469727, "err_test_cmm": 7.255000114440918, "err_train_c0": 0.0, "err_train_c1": 0.0, "err_train_c2": 0.0, "err_train_cmm": 0.0, "_timestamp": 1649337356, "_runtime": 1880, "_step": 1, "err_test_c0_l1": 100.0, "err_test_c1_l1": 100.0, "err_test_c2_l1": 100.0, "err_test_cmm_l1": 27.825000762939453, "err_train_c0_l1": 100.0, "err_train_c1_l1": 100.0, "err_train_c2_l1": 100.0, "err_train_cmm_l1": 0.0, "_wandb": {"runtime": 1876}}