{"err_test_cavm": 47.63500213623047, "err_test_cmm": 47.630001068115234, "err_train_cavm": 0.0, "err_train_cmm": 0.0, "_timestamp": 1651584732, "_runtime": 7, "_step": 1, "err_test_cavm_l1": 0.0, "err_test_cmm_l1": 49.595001220703125, "err_train_cavm_l1": 0.0, "err_train_cmm_l1": 0.0, "_wandb": {"runtime": 5}}