{"err_test_cavm_l1": 1.524999976158142, "err_test_cmm_l1": 10.524999618530273, "err_train_cavm_l1": 0.0, "err_train_cmm_l1": 0.0, "_timestamp": 1653606710, "_runtime": 6, "_step": 0, "_wandb": {"runtime": 4}}