{"err_test_cmm": 34.03499984741211, "err_train_cmm": 0.0, "_timestamp": 1653527916, "_runtime": 4, "_step": 1, "err_test_cmm_l1": 36.57500076293945, "err_train_cmm_l1": 0.0, "_wandb": {"runtime": 1}}