{"err_test_cavm": 29.295000076293945, "err_test_cmm": 30.825000762939453, "err_train_cavm": 0.0, "err_train_cmm": 0.0, "_timestamp": 1649808150, "_runtime": 91, "_step": 1, "err_test_cavm_l1": 3.559999942779541, "err_test_cmm_l1": 7.970000267028809, "err_train_cavm_l1": 0.0, "err_train_cmm_l1": 0.0, "_wandb": {"runtime": 88}}