{"err_test_cavm_l1": 15.070000648498535, "err_test_cmm_l1": 20.6200008392334, "err_train_cavm_l1": 0.0, "err_train_cmm_l1": 0.0, "_timestamp": 1653135430, "_runtime": 8, "_step": 0, "_wandb": {"runtime": 2}}