{"err_test_cavm_l1": 3.1649999618530273, "err_test_cmm_l1": 9.739999771118164, "err_train_cavm_l1": 0.0, "err_train_cmm_l1": 0.0, "_timestamp": 1651144584, "_runtime": 109, "_step": 0, "_wandb": {"runtime": 104}}