{"err_test_cavm": 47.345001220703125, "err_test_cmm": 47.185001373291016, "err_train_cavm": 0.0, "err_train_cmm": 0.0, "_timestamp": 1651250257, "_runtime": 8, "_step": 1, "err_test_cavm_l1": 0.0, "err_test_cmm_l1": 49.540000915527344, "err_train_cavm_l1": 0.0, "err_train_cmm_l1": 0.0, "_wandb": {"runtime": 5}}