{"err_test_cmm": 33.584999084472656, "err_train_cmm": 0.0, "_timestamp": 1653527254, "_runtime": 3, "_step": 1, "err_test_cmm_l1": 38.15999984741211, "err_train_cmm_l1": 0.0, "_wandb": {"runtime": 1}}