{"err_test_cavm": 15.210000038146973, "err_test_cmm": 16.94499969482422, "err_train_cavm": 0.0, "err_train_cmm": 0.0, "_timestamp": 1649833729, "_runtime": 292, "_step": 1, "err_test_cavm_l1": 0.7749999761581421, "err_test_cmm_l1": 2.674999952316284, "err_train_cavm_l1": 0.0, "err_train_cmm_l1": 0.0, "_wandb": {"runtime": 290}}