{"err_test_cavm_l1": 2.700000047683716, "err_test_cmm_l1": 7.28000020980835, "err_train_cavm_l1": 0.0, "err_train_cmm_l1": 0.0, "_timestamp": 1650971834, "_runtime": 93, "_step": 0, "_wandb": {"runtime": 90}}