{"err_test_cavm_l1": 1.9600000381469727, "err_test_cmm_l1": 4.679999828338623, "err_train_cavm_l1": 0.0, "err_train_cmm_l1": 0.0, "_timestamp": 1650971625, "_runtime": 103, "_step": 0, "_wandb": {"runtime": 100}}