{"loss": 0.045119769871234894, "train_accuracy": 0.1982421875, "test_accuracy": 0.1558, "_timestamp": 1654299538, "_runtime": 27304, "_step": 54, "_wandb": {"runtime": 27307}}