{"err_test_cavm": 40.040000915527344, "err_test_cmm": 9.859999656677246, "err_train_cavm": 0.0, "err_train_cmm": 0.0, "_timestamp": 1653602772, "_runtime": 6, "_step": 1, "err_test_cavm_l1": 11.065000534057617, "err_test_cmm_l1": 0.550000011920929, "err_train_cavm_l1": 0.0, "err_train_cmm_l1": 0.0, "_wandb": {"runtime": 3}}