{"err_test_cavm_l1": 2.7950000762939453, "err_test_cmm_l1": 29.7549991607666, "err_train_cavm_l1": 0.0, "err_train_cmm_l1": 0.0, "_timestamp": 1653130042, "_runtime": 4, "_step": 0, "_wandb": {"runtime": 1}}