{"err_test_cavm": 47.65500259399414, "err_test_cmm": 0.004999999888241291, "err_train_cavm": 36.0, "err_train_cmm": 0.0, "_timestamp": 1652881100, "_runtime": 3, "_step": 1, "err_test_cavm_l1": 49.48500061035156, "err_test_cmm_l1": 0.004999999888241291, "err_train_cavm_l1": 41.0, "err_train_cmm_l1": 0.0, "_wandb": {"runtime": 1}}