{"err_test_cavm_l1": 4.360000133514404, "err_test_cmm_l1": 9.264999389648438, "err_train_cavm_l1": 0.0, "err_train_cmm_l1": 0.0, "_timestamp": 1650965010, "_runtime": 121, "_step": 0, "_wandb": {"runtime": 117}}