{"err_test_cavm_l1": 2.444999933242798, "err_test_cmm_l1": 16.684999465942383, "err_train_cavm_l1": 0.0, "err_train_cmm_l1": 0.0, "_timestamp": 1652279829, "_runtime": 13, "_step": 0, "_wandb": {"runtime": 3}}