{"err_test_cavm_l1": 4.035000324249268, "err_test_cmm_l1": 16.454999923706055, "err_train_cavm_l1": 0.0, "err_train_cmm_l1": 0.0, "_timestamp": 1651039519, "_runtime": 60, "_step": 0, "_wandb": {"runtime": 57}}