{"err_test_cavm_l1": 15.805000305175781, "err_test_cmm_l1": 23.604999542236328, "err_train_cavm_l1": 0.0, "err_train_cmm_l1": 0.0, "_timestamp": 1651005967, "_runtime": 57, "_step": 0, "_wandb": {"runtime": 55}}