{"err_test_cavm_l1": 26.149999618530273, "err_test_cmm_l1": 29.96000099182129, "err_train_cavm_l1": 0.0, "err_train_cmm_l1": 0.0, "_timestamp": 1651005446, "_runtime": 106, "_step": 0, "_wandb": {"runtime": 104}}