{"err_test_cavm": 46.57500076293945, "err_test_cmm": 46.415000915527344, "err_train_cavm": 0.0, "err_train_cmm": 0.0, "_timestamp": 1652261351, "_runtime": 10, "_step": 1, "err_test_cavm_l1": 0.0, "err_test_cmm_l1": 50.04500198364258, "err_train_cavm_l1": 0.0, "err_train_cmm_l1": 0.0, "_wandb": {"runtime": 7}}