{"err_test_cmm": 48.994998931884766, "err_train_cmm": 0.0, "_timestamp": 1653522831, "_runtime": 3, "_step": 1, "err_test_cmm_l1": 50.150001525878906, "err_train_cmm_l1": 0.0, "_wandb": {"runtime": 1}}