{"err_test_cmm": 52.49500274658203, "err_train_cmm": 100.0, "_timestamp": 1653565156, "_runtime": 5, "_step": 1, "err_test_cmm_l1": 49.73500061035156, "err_train_cmm_l1": 100.0, "_wandb": {"runtime": 2}}