{"err_test_cavm_l1": 14.449999809265137, "err_test_cmm_l1": 47.67000198364258, "err_train_cavm_l1": 0.0, "err_train_cmm_l1": 0.0, "_timestamp": 1653133984, "_runtime": 6, "_step": 0, "_wandb": {"runtime": 2}}