{"err_test_cavm": 44.025001525878906, "err_test_cmm": 7.374999523162842, "err_train_cavm": 0.0, "err_train_cmm": 0.0, "_timestamp": 1653608396, "_runtime": 5, "_step": 1, "err_test_cavm_l1": 3.0199999809265137, "err_test_cmm_l1": 0.4350000023841858, "err_train_cavm_l1": 0.0, "err_train_cmm_l1": 0.0, "_wandb": {"runtime": 3}}