{"err_test_cavm": 29.89499855041504, "err_test_cmm": 29.21000099182129, "err_train_cavm": 7.0, "err_train_cmm": 0.0, "_timestamp": 1651585931, "_runtime": 3, "_step": 1, "err_test_cavm_l1": 0.0, "err_test_cmm_l1": 41.345001220703125, "err_train_cavm_l1": 0.0, "err_train_cmm_l1": 0.0, "_wandb": {"runtime": 2}}