{"err_test_cavm": 41.31999969482422, "err_test_cmm": 40.994998931884766, "err_train_cavm": 0.0, "err_train_cmm": 0.0, "_timestamp": 1651588706, "_runtime": 4, "_step": 1, "err_test_cavm_l1": 0.0, "err_test_cmm_l1": 50.220001220703125, "err_train_cavm_l1": 0.0, "err_train_cmm_l1": 0.0, "_wandb": {"runtime": 2}}