{"err_test_cavm": 46.86000061035156, "err_test_cmm": 47.13999938964844, "err_train_cavm": 0.0, "err_train_cmm": 0.0, "_timestamp": 1651582729, "_runtime": 5, "_step": 1, "err_test_cavm_l1": 0.0, "err_test_cmm_l1": 49.81999969482422, "err_train_cavm_l1": 0.0, "err_train_cmm_l1": 0.0, "_wandb": {"runtime": 3}}