{"err_test_cavm": 40.07500076293945, "err_test_cmm": 39.529998779296875, "err_train_cavm": 0.0, "err_train_cmm": 0.0, "_timestamp": 1651582688, "_runtime": 4, "_step": 1, "err_test_cavm_l1": 0.0, "err_test_cmm_l1": 46.994998931884766, "err_train_cavm_l1": 0.0, "err_train_cmm_l1": 0.0, "_wandb": {"runtime": 2}}