{"err_test_cavm_l1": 50.11000061035156, "err_test_cmm_l1": 46.01499938964844, "err_train_cavm_l1": 0.0, "err_train_cmm_l1": 0.0, "_timestamp": 1653598919, "_runtime": 6, "_step": 0, "_wandb": {"runtime": 2}}