{"err_test_cmm": 47.79500198364258, "err_train_cmm": 0.0, "_timestamp": 1653572379, "_runtime": 11, "_step": 1, "err_test_cmm_l1": 26.2450008392334, "err_train_cmm_l1": 0.0, "_wandb": {"runtime": 8}}