{"err_test_cavm_l1": 30.520000457763672, "err_test_cmm_l1": 37.810001373291016, "err_train_cavm_l1": 0.0, "err_train_cmm_l1": 0.0, "_timestamp": 1651001566, "_runtime": 57, "_step": 0, "_wandb": {"runtime": 55}}