{"err_test_cavm_l1": 0.6649999618530273, "err_test_cmm_l1": 2.065000057220459, "err_train_cavm_l1": 0.0, "err_train_cmm_l1": 0.0, "_timestamp": 1650972167, "_runtime": 182, "_step": 0, "_wandb": {"runtime": 180}}