{"err_test_cavm": 0.15000000596046448, "err_test_cmm": 0.4650000035762787, "err_train_cavm": 0.0, "err_train_cmm": 0.0, "_timestamp": 1653663639, "_runtime": 19, "_step": 1, "err_test_cavm_l1": 0.25999999046325684, "err_test_cmm_l1": 0.22499999403953552, "err_train_cavm_l1": 0.0, "err_train_cmm_l1": 0.0, "_wandb": {"runtime": 16}}