{"err_test_cavm": 46.900001525878906, "err_test_cmm": 46.79999923706055, "err_train_cavm": 0.0, "err_train_cmm": 0.0, "_timestamp": 1651249400, "_runtime": 7, "_step": 1, "err_test_cavm_l1": 0.0, "err_test_cmm_l1": 12.069999694824219, "err_train_cavm_l1": 0.0, "err_train_cmm_l1": 0.0, "_wandb": {"runtime": 5}}