{"err_test_cavm": 37.14999771118164, "err_test_cmm": 37.71500015258789, "err_train_cavm": 1.0, "err_train_cmm": 0.0, "_timestamp": 1651588694, "_runtime": 4, "_step": 1, "err_test_cavm_l1": 0.0, "err_test_cmm_l1": 47.04999923706055, "err_train_cavm_l1": 0.0, "err_train_cmm_l1": 0.0, "_wandb": {"runtime": 2}}