{"err_test_cavm": 44.49500274658203, "err_test_cmm": 5.734999656677246, "err_train_cavm": 42.0, "err_train_cmm": 2.0000000000000018, "_timestamp": 1649788908, "_runtime": 116, "_step": 1, "err_test_cavm_l1": 2.684999942779541, "err_test_cmm_l1": 3.625, "err_train_cavm_l1": 0.0, "err_train_cmm_l1": 0.0, "_wandb": {"runtime": 112}}