{"err_test_cavm": 15.975000381469727, "err_test_cmm": 7.069999694824219, "err_train_cavm": 10.0, "err_train_cmm": 0.0, "_timestamp": 1651588256, "_runtime": 4, "_step": 1, "err_test_cavm_l1": 0.0, "err_test_cmm_l1": 3.1050000190734863, "err_train_cavm_l1": 0.0, "err_train_cmm_l1": 0.0, "_wandb": {"runtime": 2}}