{"err_test_cavm_l1": 11.005000114440918, "err_test_cmm_l1": 18.970001220703125, "err_train_cavm_l1": 0.0, "err_train_cmm_l1": 0.0, "_timestamp": 1650971976, "_runtime": 63, "_step": 0, "_wandb": {"runtime": 61}}