{"err_test_cavm_l1": 5.090000152587891, "err_test_cmm_l1": 48.904998779296875, "err_train_cavm_l1": 0.0, "err_train_cmm_l1": 0.0, "_timestamp": 1653128501, "_runtime": 4, "_step": 0, "_wandb": {"runtime": 1}}