{"err_test_cavm_l1": 27.369998931884766, "err_test_cmm_l1": 47.26000213623047, "err_train_cavm_l1": 0.0, "err_train_cmm_l1": 0.0, "_timestamp": 1652281730, "_runtime": 13, "_step": 0, "_wandb": {"runtime": 9}}