{"err_test_cmm": 36.959999084472656, "err_train_cmm": 0.0, "_timestamp": 1653524951, "_runtime": 3, "_step": 1, "err_test_cmm_l1": 48.48999786376953, "err_train_cmm_l1": 0.0, "_wandb": {"runtime": 1}}