{"err_test_cavm": 48.19000244140625, "err_test_cmm": 48.29999923706055, "err_train_cavm": 0.0, "err_train_cmm": 0.0, "_timestamp": 1651586503, "_runtime": 6, "_step": 1, "err_test_cavm_l1": 0.0, "err_test_cmm_l1": 50.41499710083008, "err_train_cavm_l1": 0.0, "err_train_cmm_l1": 0.0, "_wandb": {"runtime": 4}}