{"err_test_cavm": 32.970001220703125, "err_test_cmm": 32.57500076293945, "err_train_cavm": 4.0, "err_train_cmm": 0.0, "_timestamp": 1651250023, "_runtime": 7, "_step": 1, "err_test_cavm_l1": 0.0, "err_test_cmm_l1": 29.57000160217285, "err_train_cavm_l1": 0.0, "err_train_cmm_l1": 0.0, "_wandb": {"runtime": 2}}