{"err_test_cavm_l1": 3.5349998474121094, "err_test_cmm_l1": 9.984999656677246, "err_train_cavm_l1": 0.0, "err_train_cmm_l1": 0.0, "_timestamp": 1651141857, "_runtime": 139, "_step": 0, "_wandb": {"runtime": 135}}