{"err_test_cavm": 28.96000099182129, "err_test_cmm": 28.09000015258789, "err_train_cavm": 0.0, "err_train_cmm": 0.0, "_timestamp": 1649806373, "_runtime": 89, "_step": 1, "err_test_cavm_l1": 5.144999980926514, "err_test_cmm_l1": 11.015000343322754, "err_train_cavm_l1": 0.0, "err_train_cmm_l1": 0.0, "_wandb": {"runtime": 87}}