{"err_test_cavm": 25.130001068115234, "err_test_cmm": 23.94499969482422, "err_train_cavm": 5.0, "err_train_cmm": 0.0, "_timestamp": 1651583615, "_runtime": 3, "_step": 1, "err_test_cavm_l1": 0.0, "err_test_cmm_l1": 22.42500114440918, "err_train_cavm_l1": 0.0, "err_train_cmm_l1": 0.0, "_wandb": {"runtime": 2}}