{"err_test_cavm": 43.42499923706055, "err_test_cmm": 43.05500030517578, "err_train_cavm": 0.0, "err_train_cmm": 0.0, "_timestamp": 1652259905, "_runtime": 6, "_step": 1, "err_test_cavm_l1": 50.1349983215332, "err_test_cmm_l1": 40.94499969482422, "err_train_cavm_l1": 16.666667938232422, "err_train_cmm_l1": 0.0, "_wandb": {"runtime": 3}}