{"err_test_cavm": 37.11000061035156, "err_test_cmm": 36.75499725341797, "err_train_cavm": 2.0, "err_train_cmm": 0.0, "_timestamp": 1651251402, "_runtime": 5, "_step": 1, "err_test_cavm_l1": 0.0, "err_test_cmm_l1": 48.31999969482422, "err_train_cavm_l1": 0.0, "err_train_cmm_l1": 0.0, "_wandb": {"runtime": 2}}