{"err_test_cavm_l1": 1.0299999713897705, "err_test_cmm_l1": 9.779999732971191, "err_train_cavm_l1": 0.6465517282485962, "err_train_cmm_l1": 0.0, "_timestamp": 1651850957, "_runtime": 5, "_step": 0, "_wandb": {"runtime": 2}}