{"err_test_cavm": 16.030000686645508, "err_test_cmm": 16.689998626708984, "err_train_cavm": 0.0, "err_train_cmm": 0.0, "_timestamp": 1649776938, "_runtime": 104, "_step": 1, "err_test_cavm_l1": 3.9749999046325684, "err_test_cmm_l1": 6.864999771118164, "err_train_cavm_l1": 0.0, "err_train_cmm_l1": 0.0, "_wandb": {"runtime": 100}}