{"err_test_cavm_l1": 8.690000534057617, "err_test_cmm_l1": 30.30500030517578, "err_train_cavm_l1": 0.0, "err_train_cmm_l1": 0.0, "_timestamp": 1651023945, "_runtime": 74, "_step": 0, "_wandb": {"runtime": 71}}