{"err_test_cavm": 19.975000381469727, "err_test_cmm": 16.21000099182129, "err_train_cavm": 7.377049446105957, "err_train_cmm": 0.0, "_timestamp": 1652259971, "_runtime": 8, "_step": 1, "err_test_cavm_l1": 0.0, "err_test_cmm_l1": 10.335000038146973, "err_train_cavm_l1": 0.0, "err_train_cmm_l1": 0.0, "_wandb": {"runtime": 2}}