{"err_test_cavm": 37.01499938964844, "err_test_cmm": 0.0, "err_train_cavm": 33.0, "err_train_cmm": 0.0, "_timestamp": 1653047942, "_runtime": 6, "_step": 1, "err_test_cavm_l1": 50.03499984741211, "err_test_cmm_l1": 32.05500030517578, "err_train_cavm_l1": 47.0, "err_train_cmm_l1": 0.0, "_wandb": {"runtime": 2}}