{"err_test_cavm": 32.55000305175781, "err_test_cmm": 30.77499771118164, "err_train_cavm": 5.1724138259887695, "err_train_cmm": 0.0, "_timestamp": 1652260178, "_runtime": 7, "_step": 1, "err_test_cavm_l1": 0.0, "err_test_cmm_l1": 31.064998626708984, "err_train_cavm_l1": 0.0, "err_train_cmm_l1": 0.0, "_wandb": {"runtime": 3}}