{"err_test_cavm_l1": 1.465000033378601, "err_test_cmm_l1": 10.470000267028809, "err_train_cavm_l1": 0.21551723778247833, "err_train_cmm_l1": 0.0, "_timestamp": 1651830344, "_runtime": 4, "_step": 0, "_wandb": {"runtime": 3}}