{"err_test_cavm": 46.189998626708984, "err_test_cmm": 0.0, "err_train_cavm": 52.0, "err_train_cmm": 0.0, "_timestamp": 1653048422, "_runtime": 7, "_step": 1, "err_test_cavm_l1": 50.16999816894531, "err_test_cmm_l1": 0.0, "err_train_cavm_l1": 52.999996185302734, "err_train_cmm_l1": 0.0, "_wandb": {"runtime": 2}}