{"err_test_cavm_l1": 0.6649999618530273, "err_test_cmm_l1": 2.305000066757202, "err_train_cavm_l1": 0.0, "err_train_cmm_l1": 0.0, "_timestamp": 1650975156, "_runtime": 185, "_step": 0, "_wandb": {"runtime": 183}}