{"err_test_cmm": 6.6650004386901855, "err_train_cmm": 0.0, "_timestamp": 1653526330, "_runtime": 4, "_step": 1, "err_test_cmm_l1": 5.724999904632568, "err_train_cmm_l1": 0.0, "_wandb": {"runtime": 1}}