{"err_test_cavm": 25.665000915527344, "err_test_cmm": 25.575000762939453, "err_train_cavm": 4.201680660247803, "err_train_cmm": 0.0, "_timestamp": 1652259644, "_runtime": 6, "_step": 1, "err_test_cavm_l1": 0.0, "err_test_cmm_l1": 22.84000015258789, "err_train_cavm_l1": 0.0, "err_train_cmm_l1": 0.0, "_wandb": {"runtime": 3}}