{"err_test_cavm_l1": 17.60500144958496, "err_test_cmm_l1": 21.46500015258789, "err_train_cavm_l1": 0.0, "err_train_cmm_l1": 0.0, "_timestamp": 1650996453, "_runtime": 138, "_step": 0, "_wandb": {"runtime": 131}}