{"err_test_cmm": 48.849998474121094, "err_train_cmm": 0.0, "_timestamp": 1653568165, "_runtime": 52, "_step": 1, "err_test_cmm_l1": 11.755000114440918, "err_train_cmm_l1": 0.0, "_wandb": {"runtime": 49}}