{"err_test_cavm_l1": 0.8899999856948853, "err_test_cmm_l1": 0.044999998062849045, "err_train_cavm_l1": 0.3164556920528412, "err_train_cmm_l1": 0.0, "_timestamp": 1653130375, "_runtime": 10, "_step": 0, "_wandb": {"runtime": 2}}