{"err_test_cavm_l1": 13.550000190734863, "err_test_cmm_l1": 36.279998779296875, "err_train_cavm_l1": 0.0, "err_train_cmm_l1": 0.0, "_timestamp": 1653134317, "_runtime": 8, "_step": 0, "_wandb": {"runtime": 2}}