{"err_test_cavm_l1": 0.6150000095367432, "err_test_cmm_l1": 1.4149999618530273, "err_train_cavm_l1": 0.0, "err_train_cmm_l1": 0.0, "_timestamp": 1653131154, "_runtime": 6, "_step": 0, "_wandb": {"runtime": 2}}