{"err_test_cmm": 35.665000915527344, "err_train_cmm": 0.0, "_timestamp": 1653571710, "_runtime": 5, "_step": 1, "err_test_cmm_l1": 10.1899995803833, "err_train_cmm_l1": 0.0, "_wandb": {"runtime": 2}}