{"err_test_cavm": 41.38999938964844, "err_test_cmm": 41.845001220703125, "err_train_cavm": 0.0, "err_train_cmm": 0.0, "_timestamp": 1651150248, "_runtime": 4, "_step": 1, "err_test_cavm_l1": 0.0, "err_test_cmm_l1": 27.094999313354492, "err_train_cavm_l1": 0.0, "err_train_cmm_l1": 0.0, "_wandb": {"runtime": 2}}