{"err_test_cavm_l1": 2.0450000762939453, "err_test_cmm_l1": 17.21500015258789, "err_train_cavm_l1": 0.4651162624359131, "err_train_cmm_l1": 0.0, "_timestamp": 1651667112, "_runtime": 4, "_step": 0, "_wandb": {"runtime": 2}}