{"err_test_cavm": 16.91499900817871, "err_test_cmm": 15.920000076293945, "err_train_cavm": 8.0, "err_train_cmm": 0.0, "_timestamp": 1651586648, "_runtime": 4, "_step": 1, "err_test_cavm_l1": 0.0, "err_test_cmm_l1": 9.864999771118164, "err_train_cavm_l1": 0.0, "err_train_cmm_l1": 0.0, "_wandb": {"runtime": 2}}