{"err_test_cmm": 46.689998626708984, "err_train_cmm": 0.0, "_timestamp": 1653525011, "_runtime": 2, "_step": 1, "err_test_cmm_l1": 50.01000213623047, "err_train_cmm_l1": 0.0, "_wandb": {"runtime": 1}}