{"err_test_cavm": 41.05500030517578, "err_test_cmm": 40.724998474121094, "err_train_cavm": 0.0, "err_train_cmm": 0.0, "_timestamp": 1651249878, "_runtime": 6, "_step": 1, "err_test_cavm_l1": 0.0, "err_test_cmm_l1": 50.38999938964844, "err_train_cavm_l1": 0.0, "err_train_cmm_l1": 0.0, "_wandb": {"runtime": 2}}