{"err_test_cavm": 46.73500061035156, "err_test_cmm": 46.72999954223633, "err_train_cavm": 0.0, "err_train_cmm": 0.0, "_timestamp": 1652262116, "_runtime": 15, "_step": 1, "err_test_cavm_l1": 0.0, "err_test_cmm_l1": 49.67499923706055, "err_train_cavm_l1": 0.0, "err_train_cmm_l1": 0.0, "_wandb": {"runtime": 10}}