{"err_test_cmm": 48.529998779296875, "err_train_cmm": 0.0, "_timestamp": 1653526717, "_runtime": 5, "_step": 1, "err_test_cmm_l1": 50.11000061035156, "err_train_cmm_l1": 0.0, "_wandb": {"runtime": 2}}