{"err_test_cmm": 41.630001068115234, "err_train_cmm": 0.0, "_timestamp": 1653574133, "_runtime": 5, "_step": 1, "err_test_cmm_l1": 11.414999961853027, "err_train_cmm_l1": 0.0, "_wandb": {"runtime": 2}}