{"err_test_cavm_l1": 2.2899999618530273, "err_test_cmm_l1": 4.190000057220459, "err_train_cavm_l1": 0.0, "err_train_cmm_l1": 0.0, "_timestamp": 1650964170, "_runtime": 59, "_step": 0, "_wandb": {"runtime": 56}}