{"err_test_cavm_l1": 1.6100000143051147, "err_test_cmm_l1": 17.55500030517578, "err_train_cavm_l1": 0.0, "err_train_cmm_l1": 0.0, "_timestamp": 1651017923, "_runtime": 99, "_step": 0, "_wandb": {"runtime": 97}}