{"err_test_cavm": 8.609999656677246, "err_test_cmm": 9.25, "err_train_cavm": 0.0, "err_train_cmm": 0.0, "_timestamp": 1649814026, "_runtime": 148, "_step": 1, "err_test_cavm_l1": 1.5850000381469727, "err_test_cmm_l1": 3.819999933242798, "err_train_cavm_l1": 0.0, "err_train_cmm_l1": 0.0, "_wandb": {"runtime": 146}}