{"err_test_cmm": 8.329999923706055, "err_train_cmm": 0.0, "_timestamp": 1653524897, "_runtime": 48, "_step": 1, "err_test_cmm_l1": 4.589999675750732, "err_train_cmm_l1": 0.0, "_wandb": {"runtime": 45}}