{"err_test_cavm_l1": 6.634999752044678, "err_test_cmm_l1": 30.954998016357422, "err_train_cavm_l1": 0.0, "err_train_cmm_l1": 0.0, "_timestamp": 1651020001, "_runtime": 73, "_step": 0, "_wandb": {"runtime": 71}}