{"err_test_cmm": 48.380001068115234, "err_train_cmm": 0.0, "_timestamp": 1653527378, "_runtime": 5, "_step": 1, "err_test_cmm_l1": 50.029998779296875, "err_train_cmm_l1": 0.0, "_wandb": {"runtime": 2}}