{"err_test_cavm_l1": 50.2349967956543, "err_test_cmm_l1": 49.849998474121094, "err_train_cavm_l1": 0.0, "err_train_cmm_l1": 0.0, "_timestamp": 1653607047, "_runtime": 5, "_step": 0, "_wandb": {"runtime": 2}}