{"err_test_cavm": 30.834999084472656, "err_test_cmm": 31.279998779296875, "err_train_cavm": 0.0, "err_train_cmm": 0.0, "_timestamp": 1649784847, "_runtime": 97, "_step": 1, "err_test_cavm_l1": 3.4549999237060547, "err_test_cmm_l1": 7.625, "err_train_cavm_l1": 0.0, "err_train_cmm_l1": 0.0, "_wandb": {"runtime": 95}}