{"err_test_cavm": 44.90500259399414, "err_test_cmm": 44.88500213623047, "err_train_cavm": 0.0, "err_train_cmm": 0.0, "_timestamp": 1649717672, "_runtime": 43, "_step": 0, "_wandb": {"runtime": 349}}