{"err_test_cavm": 45.005001068115234, "err_test_cmm": 44.665000915527344, "err_train_cavm": 0.0, "err_train_cmm": 0.0, "_timestamp": 1649806659, "_runtime": 86, "_step": 1, "err_test_cavm_l1": 49.77000045776367, "err_test_cmm_l1": 49.88999938964844, "err_train_cavm_l1": 0.0, "err_train_cmm_l1": 0.0, "_wandb": {"runtime": 83}}