{"err_test_cmm": 57.92499923706055, "err_train_cmm": 100.0, "_timestamp": 1653565201, "_runtime": 6, "_step": 1, "err_test_cmm_l1": 91.98500061035156, "err_train_cmm_l1": 100.0, "_wandb": {"runtime": 3}}