{"err_test_cavm": 45.2400016784668, "err_test_cmm": 44.72999954223633, "err_train_cavm": 0.0, "err_train_cmm": 0.0, "_timestamp": 1652109842, "_runtime": 10, "_step": 1, "err_test_cavm_l1": 49.86000061035156, "err_test_cmm_l1": 43.494998931884766, "err_train_cavm_l1": 16.666667938232422, "err_train_cmm_l1": 0.0, "_wandb": {"runtime": 4}}