{"err_test_cavm_l1": 50.01000213623047, "err_test_cmm_l1": 50.59499740600586, "err_train_cavm_l1": 0.0, "err_train_cmm_l1": 0.0, "_timestamp": 1653128125, "_runtime": 35, "_step": 0, "_wandb": {"runtime": 32}}