{"err_test_cavm_l1": 32.595001220703125, "err_test_cmm_l1": 28.685001373291016, "err_train_cavm_l1": 0.0, "err_train_cmm_l1": 0.0, "_timestamp": 1652376899, "_runtime": 8, "_step": 0, "_wandb": {"runtime": 3}}