{"err_test_cavm_l1": 39.334999084472656, "err_test_cmm_l1": 44.650001525878906, "err_train_cavm_l1": 0.0, "err_train_cmm_l1": 0.0, "_timestamp": 1651830062, "_runtime": 5, "_step": 0, "_wandb": {"runtime": 2}}