{"err_test_cmm": 48.20000076293945, "err_train_cmm": 0.0, "_timestamp": 1653523652, "_runtime": 4, "_step": 1, "err_test_cmm_l1": 50.244998931884766, "err_train_cmm_l1": 0.0, "_wandb": {"runtime": 1}}