{"err_test_cmm": 36.21999740600586, "err_train_cmm": 0.0, "_timestamp": 1653572715, "_runtime": 5, "_step": 1, "err_test_cmm_l1": 23.1299991607666, "err_train_cmm_l1": 0.0, "_wandb": {"runtime": 2}}