{"err_test_cmm": 43.564998626708984, "err_train_cmm": 0.0, "_timestamp": 1653521956, "_runtime": 4, "_step": 1, "err_test_cmm_l1": 49.904998779296875, "err_train_cmm_l1": 0.0, "_wandb": {"runtime": 1}}