{"err_test_cavm": 37.7400016784668, "err_test_cmm": 37.46500015258789, "err_train_cavm": 2.0, "err_train_cmm": 0.0, "_timestamp": 1651586562, "_runtime": 6, "_step": 1, "err_test_cavm_l1": 0.0, "err_test_cmm_l1": 46.959999084472656, "err_train_cavm_l1": 0.0, "err_train_cmm_l1": 0.0, "_wandb": {"runtime": 2}}