{"err_test_cavm_l1": 33.529998779296875, "err_test_cmm_l1": 36.81999969482422, "err_train_cavm_l1": 0.0, "err_train_cmm_l1": 0.0, "_timestamp": 1651005902, "_runtime": 89, "_step": 0, "_wandb": {"runtime": 87}}