{"err_test_cavm_l1": 35.13500213623047, "err_test_cmm_l1": 40.78499984741211, "err_train_cavm_l1": 0.0, "err_train_cmm_l1": 0.0, "_timestamp": 1650998066, "_runtime": 59, "_step": 0, "_wandb": {"runtime": 56}}