{"err_test_cavm_l1": 3.3399999141693115, "err_test_cmm_l1": 3.615000009536743, "err_train_cavm_l1": 0.0, "err_train_cmm_l1": 0.0, "_timestamp": 1652279749, "_runtime": 9, "_step": 0, "_wandb": {"runtime": 3}}