{"err_test_cavm": 26.6299991607666, "err_test_cmm": 25.56999969482422, "err_train_cavm": 6.0, "err_train_cmm": 0.0, "_timestamp": 1651582564, "_runtime": 4, "_step": 1, "err_test_cavm_l1": 0.0, "err_test_cmm_l1": 22.844999313354492, "err_train_cavm_l1": 0.0, "err_train_cmm_l1": 0.0, "_wandb": {"runtime": 2}}