{"err_test_cavm": 14.190000534057617, "err_test_cmm": 8.949999809265137, "err_train_cavm": 7.0, "err_train_cmm": 0.0, "_timestamp": 1651583447, "_runtime": 4, "_step": 1, "err_test_cavm_l1": 0.0, "err_test_cmm_l1": 4.095000267028809, "err_train_cavm_l1": 0.0, "err_train_cmm_l1": 0.0, "_wandb": {"runtime": 2}}