{"err_test_cavm": 18.35999870300293, "err_test_cmm": 8.920000076293945, "err_train_cavm": 11.0, "err_train_cmm": 0.0, "_timestamp": 1651588008, "_runtime": 4, "_step": 1, "err_test_cavm_l1": 0.0, "err_test_cmm_l1": 5.950000286102295, "err_train_cavm_l1": 0.0, "err_train_cmm_l1": 0.0, "_wandb": {"runtime": 2}}