{"err_test_cmm": 48.744998931884766, "err_train_cmm": 0.0, "_timestamp": 1653527820, "_runtime": 5, "_step": 1, "err_test_cmm_l1": 49.834999084472656, "err_train_cmm_l1": 0.0, "_wandb": {"runtime": 2}}