{"err_test_cavm": 28.854999542236328, "err_test_cmm": 22.744998931884766, "err_train_cavm": 10.0, "err_train_cmm": 0.0, "_timestamp": 1652261655, "_runtime": 7, "_step": 1, "err_test_cavm_l1": 0.0, "err_test_cmm_l1": 17.43000030517578, "err_train_cavm_l1": 0.0, "err_train_cmm_l1": 0.0, "_wandb": {"runtime": 3}}