{"err_test_cavm": 8.194999694824219, "err_test_cmm": 9.089999198913574, "err_train_cavm": 0.0, "err_train_cmm": 0.0, "_timestamp": 1649840386, "_runtime": 537, "_step": 1, "err_test_cavm_l1": 1.1050000190734863, "err_test_cmm_l1": 3.4200000762939453, "err_train_cavm_l1": 0.0, "err_train_cmm_l1": 0.0, "_wandb": {"runtime": 535}}