{"err_test_cavm_l1": 0.45500001311302185, "err_test_cmm_l1": 5.545000076293945, "err_train_cavm_l1": 0.20000000298023224, "err_train_cmm_l1": 0.0, "_timestamp": 1651831144, "_runtime": 8, "_step": 0, "_wandb": {"runtime": 4}}