{"err_test_cmm": 44.45500183105469, "err_train_cmm": 0.0, "_timestamp": 1653585688, "_runtime": 5, "_step": 1, "err_test_cmm_l1": 34.15999984741211, "err_train_cmm_l1": 0.0, "_wandb": {"runtime": 3}}