{"err_test_cavm": 25.545001983642578, "err_test_cmm": 25.104999542236328, "err_train_cavm": 5.0, "err_train_cmm": 0.0, "_timestamp": 1651584253, "_runtime": 4, "_step": 1, "err_test_cavm_l1": 0.0, "err_test_cmm_l1": 21.799999237060547, "err_train_cavm_l1": 0.0, "err_train_cmm_l1": 0.0, "_wandb": {"runtime": 2}}