{"err_test_cavm_l1": 34.29999923706055, "err_test_cmm_l1": 50.19999694824219, "err_train_cavm_l1": 0.0, "err_train_cmm_l1": 0.0, "_timestamp": 1651034168, "_runtime": 76, "_step": 0, "_wandb": {"runtime": 74}}