{"err_test_cavm_l1": 20.610000610351562, "err_test_cmm_l1": 30.86499786376953, "err_train_cavm_l1": 0.0, "err_train_cmm_l1": 0.0, "_timestamp": 1651027574, "_runtime": 126, "_step": 0, "_wandb": {"runtime": 124}}