{"err_test_cmm": 44.81500244140625, "err_train_cmm": 0.0, "_timestamp": 1653527299, "_runtime": 3, "_step": 1, "err_test_cmm_l1": 47.71500015258789, "err_train_cmm_l1": 0.0, "_wandb": {"runtime": 1}}