{"err_test_cavm_l1": 2.6649999618530273, "err_test_cmm_l1": 5.99500036239624, "err_train_cavm_l1": 0.0, "err_train_cmm_l1": 0.0, "_timestamp": 1650964720, "_runtime": 51, "_step": 0, "_wandb": {"runtime": 49}}