{"err_test_cavm": 48.334999084472656, "err_test_cmm": 48.33000183105469, "err_train_cavm": 0.0, "err_train_cmm": 0.0, "_timestamp": 1651668127, "_runtime": 3, "_step": 1, "err_test_cavm_l1": 50.029998779296875, "err_test_cmm_l1": 50.62000274658203, "err_train_cavm_l1": 0.0, "err_train_cmm_l1": 0.0, "_wandb": {"runtime": 2}}