{"err_test_cavm": 46.45499801635742, "err_test_cmm": 46.459999084472656, "err_train_cavm": 0.0, "err_train_cmm": 0.0, "_timestamp": 1651252018, "_runtime": 8, "_step": 1, "err_test_cavm_l1": 0.0, "err_test_cmm_l1": 50.30000305175781, "err_train_cavm_l1": 0.0, "err_train_cmm_l1": 0.0, "_wandb": {"runtime": 4}}