{"err_test_cavm": 44.25, "err_test_cmm": 44.56999969482422, "err_train_cavm": 0.0, "err_train_cmm": 0.0, "_timestamp": 1649845969, "_runtime": 203, "_step": 1, "err_test_cavm_l1": 33.32499694824219, "err_test_cmm_l1": 32.505001068115234, "err_train_cavm_l1": 0.0, "err_train_cmm_l1": 0.0, "_wandb": {"runtime": 201}}