{"err_test_cavm": 41.06999969482422, "err_test_cmm": 40.29999923706055, "err_train_cavm": 7.692307949066162, "err_train_cmm": 0.0, "_timestamp": 1652260219, "_runtime": 7, "_step": 1, "err_test_cavm_l1": 0.0, "err_test_cmm_l1": 50.230003356933594, "err_train_cavm_l1": 0.0, "err_train_cmm_l1": 0.0, "_wandb": {"runtime": 3}}