{"err_test_cavm_l1": 5.079999923706055, "err_test_cmm_l1": 11.559999465942383, "err_train_cavm_l1": 0.0, "err_train_cmm_l1": 0.0, "_timestamp": 1652279775, "_runtime": 9, "_step": 0, "_wandb": {"runtime": 3}}