{"err_test_cavm": 17.614999771118164, "err_test_cmm": 14.704998970031738, "err_train_cavm": 8.0, "err_train_cmm": 0.0, "_timestamp": 1651586279, "_runtime": 4, "_step": 1, "err_test_cavm_l1": 0.0, "err_test_cmm_l1": 8.190000534057617, "err_train_cavm_l1": 0.0, "err_train_cmm_l1": 0.0, "_wandb": {"runtime": 2}}