{"err_test_cavm": 0.41999998688697815, "err_test_cmm": 0.9800000190734863, "err_train_cavm": 0.0, "err_train_cmm": 0.0, "_timestamp": 1653609185, "_runtime": 86, "_step": 1, "err_test_cavm_l1": 0.4000000059604645, "err_test_cmm_l1": 0.5400000214576721, "err_train_cavm_l1": 0.0, "err_train_cmm_l1": 0.0, "_wandb": {"runtime": 83}}