{"err_test_cmm": 17.600000381469727, "err_train_cmm": 0.0, "_timestamp": 1653525885, "_runtime": 3, "_step": 1, "err_test_cmm_l1": 15.309999465942383, "err_train_cmm_l1": 0.0, "_wandb": {"runtime": 1}}