{"err_test_cavm_l1": 6.74500036239624, "err_test_cmm_l1": 14.589999198913574, "err_train_cavm_l1": 0.0, "err_train_cmm_l1": 0.0, "_timestamp": 1653134623, "_runtime": 6, "_step": 0, "_wandb": {"runtime": 2}}