{"err_test_cavm_l1": 49.86000061035156, "err_test_cmm_l1": 47.85000228881836, "err_train_cavm_l1": 0.0, "err_train_cmm_l1": 0.0, "_timestamp": 1651666139, "_runtime": 12, "_step": 0, "_wandb": {"runtime": 2}}