{"err_test_cavm": 9.550000190734863, "err_test_cmm": 9.40999984741211, "err_train_cavm": 3.0, "err_train_cmm": 0.0, "_timestamp": 1651585648, "_runtime": 4, "_step": 1, "err_test_cavm_l1": 0.0, "err_test_cmm_l1": 6.930000305175781, "err_train_cavm_l1": 0.0, "err_train_cmm_l1": 0.0, "_wandb": {"runtime": 2}}