{"err_test_cavm": 44.255001068115234, "err_test_cmm": 44.52000045776367, "err_train_cavm": 0.0, "err_train_cmm": 0.0, "_timestamp": 1649765626, "_runtime": 91, "_step": 0, "_wandb": {"runtime": 221}}