{"err_test_cavm_l1": 50.30000305175781, "err_test_cmm_l1": 50.36000061035156, "err_train_cavm_l1": 0.0, "err_train_cmm_l1": 0.0, "_timestamp": 1651667457, "_runtime": 4, "_step": 0, "_wandb": {"runtime": 2}}