{"err_test_cavm": 20.364999771118164, "err_test_cmm": 15.350000381469727, "err_train_cavm": 5.0, "err_train_cmm": 0.0, "_timestamp": 1651248863, "_runtime": 5, "_step": 1, "err_test_cavm_l1": 0.0, "err_test_cmm_l1": 6.3550004959106445, "err_train_cavm_l1": 0.0, "err_train_cmm_l1": 0.0, "_wandb": {"runtime": 2}}