{"err_test_cavm": 31.525001525878906, "err_test_cmm": 0.0, "err_train_cavm": 24.0, "err_train_cmm": 0.0, "_timestamp": 1653048533, "_runtime": 8, "_step": 1, "err_test_cavm_l1": 50.099998474121094, "err_test_cmm_l1": 44.9900016784668, "err_train_cavm_l1": 46.0, "err_train_cmm_l1": 0.0, "_wandb": {"runtime": 3}}