{"err_test_cavm": 35.39500045776367, "err_test_cmm": 35.775001525878906, "err_train_cavm": 1.0, "err_train_cmm": 0.0, "_timestamp": 1652880824, "_runtime": 3, "_step": 1, "err_test_cavm_l1": 0.0, "err_test_cmm_l1": 34.654998779296875, "err_train_cavm_l1": 0.0, "err_train_cmm_l1": 0.0, "_wandb": {"runtime": 1}}