{"err_test_cavm_l1": 45.599998474121094, "err_test_cmm_l1": 45.71500015258789, "err_train_cavm_l1": 9.523809432983398, "err_train_cmm_l1": 0.0, "_timestamp": 1651667242, "_runtime": 4, "_step": 0, "_wandb": {"runtime": 2}}