{"err_test_cavm": 48.78499984741211, "err_test_cmm": 48.869998931884766, "err_train_cavm": 0.0, "err_train_cmm": 0.0, "_timestamp": 1649832898, "_runtime": 107, "_step": 1, "err_test_cavm_l1": 50.45499801635742, "err_test_cmm_l1": 50.60499954223633, "err_train_cavm_l1": 0.0, "err_train_cmm_l1": 0.0, "_wandb": {"runtime": 104}}