{"err_test_cmm": 44.87000274658203, "err_train_cmm": 0.0, "_timestamp": 1653573945, "_runtime": 6, "_step": 1, "err_test_cmm_l1": 14.554999351501465, "err_train_cmm_l1": 0.0, "_wandb": {"runtime": 2}}