{"err_test_cavm": 47.125, "err_test_cmm": 47.21500015258789, "err_train_cavm": 0.0, "err_train_cmm": 0.0, "_timestamp": 1649848450, "_runtime": 100, "_step": 1, "err_test_cavm_l1": 50.269996643066406, "err_test_cmm_l1": 50.564998626708984, "err_train_cavm_l1": 0.0, "err_train_cmm_l1": 0.0, "_wandb": {"runtime": 97}}