{"err_test_cavm": 24.42999839782715, "err_test_cmm": 22.19499969482422, "err_train_cavm": 4.0, "err_train_cmm": 0.0, "_timestamp": 1651584383, "_runtime": 4, "_step": 1, "err_test_cavm_l1": 0.0, "err_test_cmm_l1": 22.43000030517578, "err_train_cavm_l1": 0.0, "err_train_cmm_l1": 0.0, "_wandb": {"runtime": 2}}