{"err_test_cavm": 32.69499969482422, "err_test_cmm": 30.89999771118164, "err_train_cavm": 6.0, "err_train_cmm": 0.0, "_timestamp": 1651251029, "_runtime": 4, "_step": 1, "err_test_cavm_l1": 0.0, "err_test_cmm_l1": 39.47999954223633, "err_train_cavm_l1": 0.0, "err_train_cmm_l1": 0.0, "_wandb": {"runtime": 2}}