{"err_test_cavm": 15.319999694824219, "err_test_cmm": 10.450000762939453, "err_train_cavm": 7.584830284118652, "err_train_cmm": 0.0, "_timestamp": 1652175739, "_runtime": 9, "_step": 1, "err_test_cavm_l1": 35.2400016784668, "err_test_cmm_l1": 10.36500072479248, "err_train_cavm_l1": 36.127742767333984, "err_train_cmm_l1": 0.0, "_wandb": {"runtime": 4}}