{"err_test_cavm": 42.19499969482422, "err_test_cmm": 42.18000030517578, "err_train_cavm": 0.0, "err_train_cmm": 0.0, "_timestamp": 1649839521, "_runtime": 160, "_step": 1, "err_test_cavm_l1": 9.074999809265137, "err_test_cmm_l1": 15.975000381469727, "err_train_cavm_l1": 0.0, "err_train_cmm_l1": 0.0, "_wandb": {"runtime": 157}}