{"err_test_cmm": 44.95500183105469, "err_train_cmm": 0.0, "_timestamp": 1653639978, "_runtime": 5, "_step": 1, "err_test_cmm_l1": 14.270000457763672, "err_train_cmm_l1": 0.0, "_wandb": {"runtime": 2}}