{"err_test_cavm": 44.8650016784668, "err_test_cmm": 44.44499969482422, "err_train_cavm": 0.0, "err_train_cmm": 0.0, "_timestamp": 1651251595, "_runtime": 5, "_step": 1, "err_test_cavm_l1": 0.0, "err_test_cmm_l1": 49.7599983215332, "err_train_cavm_l1": 0.0, "err_train_cmm_l1": 0.0, "_wandb": {"runtime": 2}}