{"err_test_cavm_l1": 0.17999999225139618, "err_test_cmm_l1": 14.399999618530273, "err_train_cavm_l1": 0.0, "err_train_cmm_l1": 0.0, "_timestamp": 1653134294, "_runtime": 6, "_step": 0, "_wandb": {"runtime": 2}}