{"err_test_cavm_l1": 16.145000457763672, "err_test_cmm_l1": 45.48999786376953, "err_train_cavm_l1": 2.0, "err_train_cmm_l1": 0.0, "_timestamp": 1652274030, "_runtime": 13, "_step": 0, "_wandb": {"runtime": 5}}