{"err_test_cavm_l1": 49.029998779296875, "err_test_cmm_l1": 29.190000534057617, "err_train_cavm_l1": 48.7982292175293, "err_train_cmm_l1": 16.25553447185326, "_timestamp": 1651032400, "_runtime": 185, "_step": 0, "_wandb": {"runtime": 182}}