{"err_test_cmm": 8.295000076293945, "err_train_cmm": 0.0, "_timestamp": 1653521872, "_runtime": 46, "_step": 1, "err_test_cmm_l1": 4.244999885559082, "err_train_cmm_l1": 0.0, "_wandb": {"runtime": 44}}