{"err_test_cavm_l1": 3.434999942779541, "err_test_cmm_l1": 9.229999542236328, "err_train_cavm_l1": 0.0, "err_train_cmm_l1": 0.0, "_timestamp": 1650991288, "_runtime": 86, "_step": 0, "_wandb": {"runtime": 85}}