{"err_test_cavm": 34.95500183105469, "err_test_cmm": 36.099998474121094, "err_train_cavm": 0.0, "err_train_cmm": 0.0, "_timestamp": 1651249341, "_runtime": 5, "_step": 1, "err_test_cavm_l1": 0.0, "err_test_cmm_l1": 11.1850004196167, "err_train_cavm_l1": 0.0, "err_train_cmm_l1": 0.0, "_wandb": {"runtime": 2}}