{"err_test_cavm": 45.76499938964844, "err_test_cmm": 45.79999923706055, "err_train_cavm": 0.0, "err_train_cmm": 0.0, "_timestamp": 1649717373, "_runtime": 87, "_step": 0, "_wandb": {"runtime": 315}}