{"err_test_cavm": 37.775001525878906, "err_test_cmm": 36.65999984741211, "err_train_cavm": 1.0, "err_train_cmm": 0.0, "_timestamp": 1651249497, "_runtime": 5, "_step": 1, "err_test_cavm_l1": 0.0, "err_test_cmm_l1": 10.489999771118164, "err_train_cavm_l1": 0.0, "err_train_cmm_l1": 0.0, "_wandb": {"runtime": 2}}