{"err_test_cmm": 27.200000762939453, "err_train_cmm": 0.0, "_timestamp": 1653570598, "_runtime": 5, "_step": 1, "err_test_cmm_l1": 7.204999923706055, "err_train_cmm_l1": 0.0, "_wandb": {"runtime": 2}}