{"err_test_cavm": 48.21500015258789, "err_test_cmm": 48.27000045776367, "err_train_cavm": 0.0, "err_train_cmm": 0.0, "_timestamp": 1649835033, "_runtime": 107, "_step": 1, "err_test_cavm_l1": 50.054996490478516, "err_test_cmm_l1": 49.93000030517578, "err_train_cavm_l1": 0.0, "err_train_cmm_l1": 0.0, "_wandb": {"runtime": 105}}