{"err_test_cavm_l1": 4.065000057220459, "err_test_cmm_l1": 9.5600004196167, "err_train_cavm_l1": 0.0, "err_train_cmm_l1": 0.0, "_timestamp": 1651039318, "_runtime": 58, "_step": 0, "_wandb": {"runtime": 56}}