{"err_test_cavm_l1": 1.1800000667572021, "err_test_cmm_l1": 33.84000015258789, "err_train_cavm_l1": 0.0, "err_train_cmm_l1": 0.0, "_timestamp": 1653053272, "_runtime": 13, "_step": 0, "_wandb": {"runtime": 2}}