{"err_test_cavm": 0.5600000023841858, "err_test_cmm": 3.31499981880188, "err_train_cavm": 0.0, "err_train_cmm": 2.0000000000000018, "_timestamp": 1649778801, "_runtime": 96, "_step": 1, "err_test_cavm_l1": 0.4449999928474426, "err_test_cmm_l1": 1.0299999713897705, "err_train_cavm_l1": 0.0, "err_train_cmm_l1": 1.0000000000000009, "_wandb": {"runtime": 94}}