{"err_test_cavm_l1": 2.679999828338623, "err_test_cmm_l1": 4.204999923706055, "err_train_cavm_l1": 0.0, "err_train_cmm_l1": 0.0, "_timestamp": 1650990943, "_runtime": 64, "_step": 0, "_wandb": {"runtime": 62}}