{"err_test_cavm_l1": 49.8650016784668, "err_test_cmm_l1": 49.54999923706055, "err_train_cavm_l1": 0.0, "err_train_cmm_l1": 0.0, "_timestamp": 1651831252, "_runtime": 5, "_step": 0, "_wandb": {"runtime": 2}}