{"err_test_cavm_l1": 2.0300002098083496, "err_test_cmm_l1": 5.065000057220459, "err_train_cavm_l1": 0.0, "err_train_cmm_l1": 0.0, "_timestamp": 1650970748, "_runtime": 107, "_step": 0, "_wandb": {"runtime": 103}}