{"err_test_cavm_l1": 48.849998474121094, "err_test_cmm_l1": 27.80500030517578, "err_train_cavm_l1": 47.090450286865234, "err_train_cmm_l1": 15.749525616698289, "_timestamp": 1651002600, "_runtime": 157, "_step": 0, "_wandb": {"runtime": 155}}