{"err_test_cmm": 48.61000061035156, "err_train_cmm": 0.0, "_timestamp": 1653571048, "_runtime": 9, "_step": 1, "err_test_cmm_l1": 10.824999809265137, "err_train_cmm_l1": 0.0, "_wandb": {"runtime": 7}}