{"err_test_cavm_l1": 27.3799991607666, "err_test_cmm_l1": 37.279998779296875, "err_train_cavm_l1": 0.0, "err_train_cmm_l1": 0.0, "_timestamp": 1651035783, "_runtime": 109, "_step": 0, "_wandb": {"runtime": 106}}