{"err_test_cmm": 45.88999938964844, "err_train_cmm": 0.0, "_timestamp": 1653555462, "_runtime": 4, "_step": 1, "err_test_cmm_l1": 14.789999961853027, "err_train_cmm_l1": 0.0, "_wandb": {"runtime": 2}}