{"err_test_cavm": 35.52000045776367, "err_test_cmm": 34.744998931884766, "err_train_cavm": 3.0, "err_train_cmm": 0.0, "_timestamp": 1651585171, "_runtime": 5, "_step": 1, "err_test_cavm_l1": 0.0, "err_test_cmm_l1": 33.72999954223633, "err_train_cavm_l1": 0.0, "err_train_cmm_l1": 0.0, "_wandb": {"runtime": 2}}