{"err_test_cmm": 44.36000061035156, "err_train_cmm": 0.0, "_timestamp": 1653571379, "_runtime": 5, "_step": 1, "err_test_cmm_l1": 7.729999542236328, "err_train_cmm_l1": 0.0, "_wandb": {"runtime": 3}}