{"err_test_cavm_l1": 0.8949999809265137, "err_test_cmm_l1": 2.879999876022339, "err_train_cavm_l1": 0.0, "err_train_cmm_l1": 0.0, "_timestamp": 1650985681, "_runtime": 112, "_step": 0, "_wandb": {"runtime": 109}}