{"err_test_cavm_l1": 0.27000001072883606, "err_test_cmm_l1": 3.444999933242798, "err_train_cavm_l1": 0.10000000149011612, "err_train_cmm_l1": 0.0, "_timestamp": 1651667279, "_runtime": 5, "_step": 0, "_wandb": {"runtime": 3}}