{"err_test_cavm": 17.889999389648438, "err_test_cmm": 7.869999885559082, "err_train_cavm": 14.0, "err_train_cmm": 0.0, "_timestamp": 1651587764, "_runtime": 4, "_step": 1, "err_test_cavm_l1": 0.0, "err_test_cmm_l1": 5.84499979019165, "err_train_cavm_l1": 0.0, "err_train_cmm_l1": 0.0, "_wandb": {"runtime": 1}}