{"err_test_cavm": 13.744999885559082, "err_test_cmm": 6.364999771118164, "err_train_cavm": 5.0, "err_train_cmm": 0.0, "_timestamp": 1651585123, "_runtime": 3, "_step": 1, "err_test_cavm_l1": 0.0, "err_test_cmm_l1": 4.304999828338623, "err_train_cavm_l1": 0.0, "err_train_cmm_l1": 0.0, "_wandb": {"runtime": 2}}