{"err_test_cmm": 28.654998779296875, "err_train_cmm": 0.0, "_timestamp": 1653527021, "_runtime": 3, "_step": 1, "err_test_cmm_l1": 28.639999389648438, "err_train_cmm_l1": 0.0, "_wandb": {"runtime": 1}}