{"err_test_cavm_l1": 19.40999984741211, "err_test_cmm_l1": 45.22999954223633, "err_train_cavm_l1": 7.0, "err_train_cmm_l1": 0.0, "_timestamp": 1652273753, "_runtime": 27, "_step": 0, "_wandb": {"runtime": 23}}