{"err_test_cavm_l1": 3.620000123977661, "err_test_cmm_l1": 15.665000915527344, "err_train_cavm_l1": 0.0, "err_train_cmm_l1": 0.0, "_timestamp": 1653607232, "_runtime": 6, "_step": 0, "_wandb": {"runtime": 3}}