{"err_test_cavm": 14.710000038146973, "err_test_cmm": 5.480000019073486, "err_train_cavm": 8.0, "err_train_cmm": 0.0, "_timestamp": 1651249143, "_runtime": 5, "_step": 1, "err_test_cavm_l1": 0.0, "err_test_cmm_l1": 4.489999771118164, "err_train_cavm_l1": 0.0, "err_train_cmm_l1": 0.0, "_wandb": {"runtime": 2}}