{"err_test_cmm": 48.380001068115234, "err_train_cmm": 0.0, "_timestamp": 1653527118, "_runtime": 3, "_step": 1, "err_test_cmm_l1": 50.22500228881836, "err_train_cmm_l1": 0.0, "_wandb": {"runtime": 1}}