{"err_test_cavm_l1": 50.980003356933594, "err_test_cmm_l1": 28.639999389648438, "err_train_cavm_l1": 50.06325149536133, "err_train_cmm_l1": 15.876027830487038, "_timestamp": 1651003444, "_runtime": 163, "_step": 0, "_wandb": {"runtime": 161}}