{"err_test_cmm": 47.64500045776367, "err_train_cmm": 0.0, "_timestamp": 1653571946, "_runtime": 8, "_step": 1, "err_test_cmm_l1": 12.074999809265137, "err_train_cmm_l1": 0.0, "_wandb": {"runtime": 5}}