{"err_test_cavm": 0.6899999976158142, "err_test_cmm": 1.4499999284744263, "err_train_cavm": 0.0, "err_train_cmm": 0.0, "_timestamp": 1653600912, "_runtime": 20, "_step": 1, "err_test_cavm_l1": 0.5350000262260437, "err_test_cmm_l1": 0.574999988079071, "err_train_cavm_l1": 0.0, "err_train_cmm_l1": 0.0, "_wandb": {"runtime": 17}}