{"err_test_cavm_l1": 35.76499938964844, "err_test_cmm_l1": 38.59000015258789, "err_train_cavm_l1": 0.0, "err_train_cmm_l1": 0.0, "_timestamp": 1651829202, "_runtime": 7, "_step": 0, "_wandb": {"runtime": 2}}