{"err_test_cavm_l1": 24.57499885559082, "err_test_cmm_l1": 35.33000183105469, "err_train_cavm_l1": 0.0, "err_train_cmm_l1": 0.0, "_timestamp": 1650997081, "_runtime": 72, "_step": 0, "_wandb": {"runtime": 69}}