{"err_test_cavm_l1": 1.7950000762939453, "err_test_cmm_l1": 25.244998931884766, "err_train_cavm_l1": 0.0, "err_train_cmm_l1": 0.0, "_timestamp": 1651018793, "_runtime": 97, "_step": 0, "_wandb": {"runtime": 96}}