{"err_test_cmm": 26.44500160217285, "err_train_cmm": 0.0, "_timestamp": 1653554849, "_runtime": 14, "_step": 1, "err_test_cmm_l1": 6.869999885559082, "err_train_cmm_l1": 0.0, "_wandb": {"runtime": 10}}