{"err_test_cavm": 27.239999771118164, "err_test_cmm": 27.770000457763672, "err_train_cavm": 0.0, "err_train_cmm": 0.0, "_timestamp": 1649779256, "_runtime": 114, "_step": 1, "err_test_cavm_l1": 2.930000066757202, "err_test_cmm_l1": 7.15000057220459, "err_train_cavm_l1": 0.0, "err_train_cmm_l1": 0.0, "_wandb": {"runtime": 112}}