{"err_test_cavm_l1": 15.819999694824219, "err_test_cmm_l1": 20.295000076293945, "err_train_cavm_l1": 0.0, "err_train_cmm_l1": 0.0, "_timestamp": 1650998580, "_runtime": 94, "_step": 0, "_wandb": {"runtime": 92}}