{"err_test_cmm": 26.625001907348633, "err_train_cmm": 0.0, "_timestamp": 1653527683, "_runtime": 3, "_step": 1, "err_test_cmm_l1": 25.255001068115234, "err_train_cmm_l1": 0.0, "_wandb": {"runtime": 1}}