{"err_test_cavm": 0.574999988079071, "err_test_cmm": 1.465000033378601, "err_train_cavm": 0.0, "err_train_cmm": 0.0, "_timestamp": 1653609051, "_runtime": 19, "_step": 1, "err_test_cavm_l1": 0.675000011920929, "err_test_cmm_l1": 0.7549999952316284, "err_train_cavm_l1": 0.0, "err_train_cmm_l1": 0.0, "_wandb": {"runtime": 17}}