{"err_test_cavm": 42.82500076293945, "err_test_cmm": 43.02000045776367, "err_train_cavm": 0.0, "err_train_cmm": 0.0, "_timestamp": 1651588463, "_runtime": 4, "_step": 1, "err_test_cavm_l1": 0.0, "err_test_cmm_l1": 50.160003662109375, "err_train_cavm_l1": 0.0, "err_train_cmm_l1": 0.0, "_wandb": {"runtime": 2}}