{"err_test_cmm": 27.439998626708984, "err_train_cmm": 0.0, "_timestamp": 1653523965, "_runtime": 3, "_step": 1, "err_test_cmm_l1": 31.80500030517578, "err_train_cmm_l1": 0.0, "_wandb": {"runtime": 1}}