{"err_test_cavm": 32.42000198364258, "err_test_cmm": 32.310001373291016, "err_train_cavm": 5.0, "err_train_cmm": 0.0, "_timestamp": 1652261676, "_runtime": 7, "_step": 1, "err_test_cavm_l1": 0.0, "err_test_cmm_l1": 31.18000030517578, "err_train_cavm_l1": 0.0, "err_train_cmm_l1": 0.0, "_wandb": {"runtime": 3}}