{"err_test_cavm": 40.880001068115234, "err_test_cmm": 41.74500274658203, "err_train_cavm": 0.0, "err_train_cmm": 0.0, "_timestamp": 1652187366, "_runtime": 6, "_step": 1, "err_test_cavm_l1": 0.0, "err_test_cmm_l1": 49.69499969482422, "err_train_cavm_l1": 0.0, "err_train_cmm_l1": 0.0, "_wandb": {"runtime": 2}}