{"err_test_cavm_l1": 13.84000015258789, "err_test_cmm_l1": 31.415000915527344, "err_train_cavm_l1": 0.0, "err_train_cmm_l1": 0.0, "_timestamp": 1651025623, "_runtime": 115, "_step": 0, "_wandb": {"runtime": 112}}