{"err_test_cavm": 30.935001373291016, "err_test_cmm": 30.10500144958496, "err_train_cavm": 3.4482758045196533, "err_train_cmm": 0.0, "_timestamp": 1651667991, "_runtime": 4, "_step": 1, "err_test_cavm_l1": 35.64500045776367, "err_test_cmm_l1": 32.959999084472656, "err_train_cavm_l1": 20.689655303955078, "err_train_cmm_l1": 0.0, "_wandb": {"runtime": 2}}