{"err_test_cavm": 43.55500030517578, "err_test_cmm": 43.34000015258789, "err_train_cavm": 0.0, "err_train_cmm": 0.0, "_timestamp": 1651667826, "_runtime": 4, "_step": 1, "err_test_cavm_l1": 49.625, "err_test_cmm_l1": 44.67000198364258, "err_train_cavm_l1": 23.076923370361328, "err_train_cmm_l1": 0.0, "_wandb": {"runtime": 2}}