{"err_test_cavm": 48.04500198364258, "err_test_cmm": 48.060001373291016, "err_train_cavm": 0.0, "err_train_cmm": 0.0, "_timestamp": 1651586256, "_runtime": 8, "_step": 1, "err_test_cavm_l1": 0.0, "err_test_cmm_l1": 50.08000183105469, "err_train_cavm_l1": 0.0, "err_train_cmm_l1": 0.0, "_wandb": {"runtime": 5}}