{"err_test_cavm_l1": 26.58500099182129, "err_test_cmm_l1": 38.33500289916992, "err_train_cavm_l1": 6.5217390060424805, "err_train_cmm_l1": 0.0, "_timestamp": 1651829151, "_runtime": 5, "_step": 0, "_wandb": {"runtime": 2}}