{"err_test_cavm": 4.730000019073486, "err_test_cmm": 5.319999694824219, "err_train_cavm": 0.0, "err_train_cmm": 0.0, "_timestamp": 1653662330, "_runtime": 7, "_step": 1, "err_test_cavm_l1": 0.13500000536441803, "err_test_cmm_l1": 0.17999999225139618, "err_train_cavm_l1": 0.0, "err_train_cmm_l1": 0.0, "_wandb": {"runtime": 3}}