{"err_test_cavm": 25.174999237060547, "err_test_cmm": 15.610000610351562, "err_train_cavm": 9.0, "err_train_cmm": 0.0, "_timestamp": 1651247525, "_runtime": 4, "_step": 1, "err_test_cavm_l1": 0.0, "err_test_cmm_l1": 14.679999351501465, "err_train_cavm_l1": 0.0, "err_train_cmm_l1": 0.0, "_wandb": {"runtime": 2}}