{"err_test_cavm": 44.46500015258789, "err_test_cmm": 44.45000076293945, "err_train_cavm": 0.0, "err_train_cmm": 0.0, "_timestamp": 1649775881, "_runtime": 206, "_step": 1, "err_test_cavm_l1": 3.1700000762939453, "err_test_cmm_l1": 7.755000114440918, "err_train_cavm_l1": 0.0, "err_train_cmm_l1": 0.0, "_wandb": {"runtime": 203}}