{"err_test_cmm": 48.62999725341797, "err_train_cmm": 0.0, "_timestamp": 1653527797, "_runtime": 5, "_step": 1, "err_test_cmm_l1": 49.8650016784668, "err_train_cmm_l1": 0.0, "_wandb": {"runtime": 1}}