{"err_test_cavm": 15.864999771118164, "err_test_cmm": 16.934999465942383, "err_train_cavm": 0.0, "err_train_cmm": 0.0, "_timestamp": 1649807953, "_runtime": 144, "_step": 1, "err_test_cavm_l1": 1.744999885559082, "err_test_cmm_l1": 4.675000190734863, "err_train_cavm_l1": 0.0, "err_train_cmm_l1": 0.0, "_wandb": {"runtime": 142}}