{"err_test_cavm": 43.224998474121094, "err_test_cmm": 43.584999084472656, "err_train_cavm": 0.0, "err_train_cmm": 0.0, "_timestamp": 1649805188, "_runtime": 187, "_step": 1, "err_test_cavm_l1": 12.130000114440918, "err_test_cmm_l1": 14.914999961853027, "err_train_cavm_l1": 0.0, "err_train_cmm_l1": 0.0, "_wandb": {"runtime": 183}}