{"err_test_cavm": 20.420000076293945, "err_test_cmm": 14.755000114440918, "err_train_cavm": 8.606557846069336, "err_train_cmm": 0.0, "_timestamp": 1651667879, "_runtime": 4, "_step": 1, "err_test_cavm_l1": 35.03499984741211, "err_test_cmm_l1": 13.470000267028809, "err_train_cavm_l1": 32.37704849243164, "err_train_cmm_l1": 0.0, "_wandb": {"runtime": 2}}