{"err_test_cavm": 8.085000038146973, "err_test_cmm": 8.949999809265137, "err_train_cavm": 0.0, "err_train_cmm": 0.0, "_timestamp": 1653608923, "_runtime": 5, "_step": 1, "err_test_cavm_l1": 4.055000305175781, "err_test_cmm_l1": 0.8650000095367432, "err_train_cavm_l1": 0.0, "err_train_cmm_l1": 0.0, "_wandb": {"runtime": 3}}