{"err_test_cavm_l1": 0.8050000071525574, "err_test_cmm_l1": 0.10999999940395355, "err_train_cavm_l1": 0.0, "err_train_cmm_l1": 0.0, "_timestamp": 1653135498, "_runtime": 8, "_step": 0, "_wandb": {"runtime": 2}}