{"err_test_cavm_l1": 0.46000000834465027, "err_test_cmm_l1": 4.875, "err_train_cavm_l1": 0.10000000149011612, "err_train_cmm_l1": 0.0, "_timestamp": 1651851450, "_runtime": 6, "_step": 0, "_wandb": {"runtime": 2}}