{"err_test_cavm": 8.694999694824219, "err_test_cmm": 10.199999809265137, "err_train_cavm": 0.0, "err_train_cmm": 0.0, "_timestamp": 1649812255, "_runtime": 149, "_step": 1, "err_test_cavm_l1": 1.4449999332427979, "err_test_cmm_l1": 3.625, "err_train_cavm_l1": 0.0, "err_train_cmm_l1": 0.0, "_wandb": {"runtime": 147}}