{"err_test_cavm": 16.43000030517578, "err_test_cmm": 9.059999465942383, "err_train_cavm": 9.181636810302734, "err_train_cmm": 0.0, "_timestamp": 1652109405, "_runtime": 9, "_step": 1, "err_test_cavm_l1": 35.084999084472656, "err_test_cmm_l1": 8.770000457763672, "err_train_cavm_l1": 31.936126708984375, "err_train_cmm_l1": 0.0, "_wandb": {"runtime": 4}}