{"err_test_cavm": 19.165000915527344, "err_test_cmm": 19.375, "err_train_cavm": 0.0, "err_train_cmm": 0.0, "_timestamp": 1653662190, "_runtime": 5, "_step": 1, "err_test_cavm_l1": 0.12999999523162842, "err_test_cmm_l1": 1.4149999618530273, "err_train_cavm_l1": 0.0, "err_train_cmm_l1": 0.0, "_wandb": {"runtime": 2}}