{"err_test_cavm_l1": 49.53499984741211, "err_test_cmm_l1": 50.30500411987305, "err_train_cavm_l1": 0.0, "err_train_cmm_l1": 0.0, "_timestamp": 1652283064, "_runtime": 5, "_step": 0, "_wandb": {"runtime": 2}}