{"err_test_cmm": 48.470001220703125, "err_train_cmm": 0.0, "_timestamp": 1653555237, "_runtime": 5, "_step": 1, "err_test_cmm_l1": 50.83500289916992, "err_train_cmm_l1": 0.0, "_wandb": {"runtime": 2}}