{"err_test_cavm_l1": 44.94000244140625, "err_test_cmm_l1": 37.26499938964844, "err_train_cavm_l1": 0.0, "err_train_cmm_l1": 0.0, "_timestamp": 1653079043, "_runtime": 12, "_step": 0, "_wandb": {"runtime": 2}}