{"err_test_cavm": 43.435001373291016, "err_test_cmm": 43.48500061035156, "err_train_cavm": 0.0, "err_train_cmm": 0.0, "_timestamp": 1649806749, "_runtime": 84, "_step": 1, "err_test_cavm_l1": 48.90999984741211, "err_test_cmm_l1": 46.23500061035156, "err_train_cavm_l1": 0.0, "err_train_cmm_l1": 0.0, "_wandb": {"runtime": 81}}