{"err_test_cavm": 48.1150016784668, "err_test_cmm": 48.02000045776367, "err_train_cavm": 0.0, "err_train_cmm": 0.0, "_timestamp": 1649846325, "_runtime": 112, "_step": 1, "err_test_cavm_l1": 49.900001525878906, "err_test_cmm_l1": 50.12000274658203, "err_train_cavm_l1": 0.0, "err_train_cmm_l1": 0.0, "_wandb": {"runtime": 109}}