{"err_test_cavm": 14.835000038146973, "err_test_cmm": 16.380001068115234, "err_train_cavm": 0.0, "err_train_cmm": 0.0, "_timestamp": 1649831549, "_runtime": 271, "_step": 1, "err_test_cavm_l1": 0.9350000023841858, "err_test_cmm_l1": 2.555000066757202, "err_train_cavm_l1": 0.0, "err_train_cmm_l1": 0.0, "_wandb": {"runtime": 269}}