{"err_test_cavm": 36.29499816894531, "err_test_cmm": 36.23999786376953, "err_train_cavm": 3.0, "err_train_cmm": 0.0, "_timestamp": 1651250328, "_runtime": 5, "_step": 1, "err_test_cavm_l1": 0.0, "err_test_cmm_l1": 34.869998931884766, "err_train_cavm_l1": 0.0, "err_train_cmm_l1": 0.0, "_wandb": {"runtime": 2}}