{"err_test_cmm": 46.78499984741211, "err_train_cmm": 0.0, "_timestamp": 1653527311, "_runtime": 3, "_step": 1, "err_test_cmm_l1": 50.30999755859375, "err_train_cmm_l1": 0.0, "_wandb": {"runtime": 1}}