{"err_test_cavm": 37.560001373291016, "err_test_cmm": 0.0, "err_train_cavm": 46.0, "err_train_cmm": 0.0, "_timestamp": 1653047679, "_runtime": 8, "_step": 1, "err_test_cavm_l1": 50.31999969482422, "err_test_cmm_l1": 42.30999755859375, "err_train_cavm_l1": 54.000003814697266, "err_train_cmm_l1": 0.0, "_wandb": {"runtime": 2}}