{"err_test_cavm_l1": 3.4499998092651367, "err_test_cmm_l1": 7.400000095367432, "err_train_cavm_l1": 0.0, "err_train_cmm_l1": 0.0, "_timestamp": 1650965620, "_runtime": 104, "_step": 0, "_wandb": {"runtime": 102}}