{"err_test_cavm": 20.440000534057617, "err_test_cmm": 15.504999160766602, "err_train_cavm": 7.0, "err_train_cmm": 0.0, "_timestamp": 1651251880, "_runtime": 6, "_step": 1, "err_test_cavm_l1": 0.0, "err_test_cmm_l1": 12.449999809265137, "err_train_cavm_l1": 0.0, "err_train_cmm_l1": 0.0, "_wandb": {"runtime": 2}}