{"err_test_cavm": 29.76500129699707, "err_test_cmm": 2.2899999618530273, "err_train_cavm": 0.0, "err_train_cmm": 0.0, "_timestamp": 1653607899, "_runtime": 7, "_step": 1, "err_test_cavm_l1": 2.9549999237060547, "err_test_cmm_l1": 0.41499999165534973, "err_train_cavm_l1": 0.0, "err_train_cmm_l1": 0.0, "_wandb": {"runtime": 5}}