{"err_test_cmm": 46.41999816894531, "err_train_cmm": 0.0, "_timestamp": 1653573760, "_runtime": 6, "_step": 1, "err_test_cmm_l1": 16.065000534057617, "err_train_cmm_l1": 0.0, "_wandb": {"runtime": 4}}