{"err_test_cavm": 44.15999984741211, "err_test_cmm": 8.125, "err_train_cavm": 0.0, "err_train_cmm": 0.0, "_timestamp": 1653608073, "_runtime": 6, "_step": 1, "err_test_cavm_l1": 4.369999885559082, "err_test_cmm_l1": 0.6200000047683716, "err_train_cavm_l1": 0.0, "err_train_cmm_l1": 0.0, "_wandb": {"runtime": 3}}