{"err_test_cavm": 46.279998779296875, "err_test_cmm": 46.375, "err_train_cavm": 0.0, "err_train_cmm": 0.0, "_timestamp": 1651655747, "_runtime": 6, "_step": 1, "err_test_cavm_l1": 46.279998779296875, "err_test_cmm_l1": 50.18000030517578, "err_train_cavm_l1": 0.0, "err_train_cmm_l1": 0.0, "_wandb": {"runtime": 3}}