{"err_test_cavm": 46.19499969482422, "err_test_cmm": 46.29499816894531, "err_train_cavm": 0.0, "err_train_cmm": 0.0, "_timestamp": 1651585098, "_runtime": 5, "_step": 1, "err_test_cavm_l1": 0.0, "err_test_cmm_l1": 50.66499710083008, "err_train_cavm_l1": 0.0, "err_train_cmm_l1": 0.0, "_wandb": {"runtime": 3}}