{"err_test_cavm_l1": 9.074999809265137, "err_test_cmm_l1": 9.889999389648438, "err_train_cavm_l1": 0.0, "err_train_cmm_l1": 0.0, "_timestamp": 1652281913, "_runtime": 7, "_step": 0, "_wandb": {"runtime": 3}}