{"err_test_cmm": 14.049999237060547, "err_train_cmm": 0.0, "_timestamp": 1653523132, "_runtime": 9, "_step": 1, "err_test_cmm_l1": 8.505000114440918, "err_train_cmm_l1": 0.0, "_wandb": {"runtime": 6}}