{"err_test_cavm_l1": 0.3199999928474426, "err_test_cmm_l1": 4.264999866485596, "err_train_cavm_l1": 0.20000000298023224, "err_train_cmm_l1": 0.0, "_timestamp": 1651836690, "_runtime": 7, "_step": 0, "_wandb": {"runtime": 4}}