{"err_test_cavm": 45.93499755859375, "err_test_cmm": 45.380001068115234, "err_train_cavm": 0.0, "err_train_cmm": 0.0, "_timestamp": 1652260075, "_runtime": 7, "_step": 1, "err_test_cavm_l1": 50.37999725341797, "err_test_cmm_l1": 50.1349983215332, "err_train_cavm_l1": 0.0, "err_train_cmm_l1": 0.0, "_wandb": {"runtime": 3}}