{"err_test_cavm_l1": 1.5099999904632568, "err_test_cmm_l1": 3.805000066757202, "err_train_cavm_l1": 0.0, "err_train_cmm_l1": 0.0, "_timestamp": 1650984960, "_runtime": 109, "_step": 0, "_wandb": {"runtime": 107}}