{"err_test_cavm": 43.904998779296875, "err_test_cmm": 44.005001068115234, "err_train_cavm": 0.0, "err_train_cmm": 0.0, "_timestamp": 1652877108, "_runtime": 3, "_step": 1, "err_test_cavm_l1": 0.0, "err_test_cmm_l1": 28.549999237060547, "err_train_cavm_l1": 0.0, "err_train_cmm_l1": 0.0, "_wandb": {"runtime": 0}}