{"err_test_cavm_l1": 4.070000171661377, "err_test_cmm_l1": 32.05500030517578, "err_train_cavm_l1": 0.0, "err_train_cmm_l1": 0.0, "_timestamp": 1651040317, "_runtime": 97, "_step": 0, "_wandb": {"runtime": 95}}