{"err_test_cavm_l1": 3.370000123977661, "err_test_cmm_l1": 8.15999984741211, "err_train_cavm_l1": 0.0, "err_train_cmm_l1": 0.0, "_timestamp": 1650959017, "_runtime": 66, "_step": 0, "_wandb": {"runtime": 62}}