{"err_test_cavm_l1": 0.19499999284744263, "err_test_cmm_l1": 36.474998474121094, "err_train_cavm_l1": 0.0, "err_train_cmm_l1": 0.0, "_timestamp": 1652884779, "_runtime": 5, "_step": 0, "_wandb": {"runtime": 2}}