{"err_test_cavm_l1": 24.190000534057617, "err_test_cmm_l1": 40.85499954223633, "err_train_cavm_l1": 0.0, "err_train_cmm_l1": 0.0, "_timestamp": 1651036001, "_runtime": 101, "_step": 0, "_wandb": {"runtime": 99}}