{"err_test_cavm_l1": 40.345001220703125, "err_test_cmm_l1": 47.44499969482422, "err_train_cavm_l1": 14.285715103149414, "err_train_cmm_l1": 0.0, "_timestamp": 1651836643, "_runtime": 4, "_step": 0, "_wandb": {"runtime": 2}}