{"err_test_cavm_l1": 0.675000011920929, "err_test_cmm_l1": 2.2300000190734863, "err_train_cavm_l1": 0.0, "err_train_cmm_l1": 0.0, "_timestamp": 1650973079, "_runtime": 178, "_step": 0, "_wandb": {"runtime": 176}}