{"err_test_cavm_l1": 48.03499984741211, "err_test_cmm_l1": 25.404998779296875, "err_train_cavm_l1": 46.48956298828125, "err_train_cmm_l1": 8.76027830487034, "_timestamp": 1651027289, "_runtime": 190, "_step": 0, "_wandb": {"runtime": 188}}