{"err_test_cavm": 46.540000915527344, "err_test_cmm": 46.63999938964844, "err_train_cavm": 0.0, "err_train_cmm": 0.0, "_timestamp": 1651588488, "_runtime": 5, "_step": 1, "err_test_cavm_l1": 0.0, "err_test_cmm_l1": 50.19000244140625, "err_train_cavm_l1": 0.0, "err_train_cmm_l1": 0.0, "_wandb": {"runtime": 3}}