{"err_test_cmm": 5.309999942779541, "err_train_cmm": 0.0, "_timestamp": 1653525330, "_runtime": 291, "_step": 1, "err_test_cmm_l1": 2.5850000381469727, "err_train_cmm_l1": 0.0, "_wandb": {"runtime": 288}}