{"err_test_cavm_l1": 15.279999732971191, "err_test_cmm_l1": 50.16499710083008, "err_train_cavm_l1": 0.0, "err_train_cmm_l1": 0.0, "_timestamp": 1653059909, "_runtime": 13, "_step": 0, "_wandb": {"runtime": 2}}