{"err_test_cavm_l1": 43.80500030517578, "err_test_cmm_l1": 42.005001068115234, "err_train_cavm_l1": 0.0, "err_train_cmm_l1": 0.0, "_timestamp": 1652283600, "_runtime": 8, "_step": 0, "_wandb": {"runtime": 3}}