{"err_test_cavm": 47.86000061035156, "err_test_cmm": 47.92000198364258, "err_train_cavm": 0.0, "err_train_cmm": 0.0, "_timestamp": 1649830760, "_runtime": 92, "_step": 1, "err_test_cavm_l1": 50.67499923706055, "err_test_cmm_l1": 50.63999938964844, "err_train_cavm_l1": 0.0, "err_train_cmm_l1": 0.0, "_wandb": {"runtime": 89}}