{"err_test_cavm": 34.84000015258789, "err_test_cmm": 34.1349983215332, "err_train_cavm": 2.0, "err_train_cmm": 0.0, "_timestamp": 1651585287, "_runtime": 4, "_step": 1, "err_test_cavm_l1": 0.0, "err_test_cmm_l1": 38.8650016784668, "err_train_cavm_l1": 0.0, "err_train_cmm_l1": 0.0, "_wandb": {"runtime": 2}}