{"err_test_cavm": 18.43000030517578, "err_test_cmm": 16.529998779296875, "err_train_cavm": 8.606557846069336, "err_train_cmm": 0.0, "_timestamp": 1652259624, "_runtime": 6, "_step": 1, "err_test_cavm_l1": 0.0, "err_test_cmm_l1": 10.679999351501465, "err_train_cavm_l1": 0.0, "err_train_cmm_l1": 0.0, "_wandb": {"runtime": 3}}