{"err_test_cavm": 33.7599983215332, "err_test_cmm": 0.0, "err_train_cavm": 30.000001907348633, "err_train_cmm": 0.0, "_timestamp": 1652891699, "_runtime": 3, "_step": 1, "err_test_cavm_l1": 49.73500061035156, "err_test_cmm_l1": 44.8900032043457, "err_train_cavm_l1": 50.0, "err_train_cmm_l1": 0.0, "_wandb": {"runtime": 1}}