{"err_test_cmm": 27.505001068115234, "err_train_cmm": 0.0, "_timestamp": 1653566173, "_runtime": 11, "_step": 1, "err_test_cmm_l1": 3.2699997425079346, "err_train_cmm_l1": 0.0, "_wandb": {"runtime": 7}}