{"err_test_cmm": 73.80999755859375, "err_train_cmm": 100.0, "_timestamp": 1653565232, "_runtime": 10, "_step": 1, "err_test_cmm_l1": 96.08499908447266, "err_train_cmm_l1": 100.0, "_wandb": {"runtime": 7}}