{"err_test_cavm": 47.84000015258789, "err_test_cmm": 47.89500045776367, "err_train_cavm": 0.0, "err_train_cmm": 0.0, "_timestamp": 1651583703, "_runtime": 6, "_step": 1, "err_test_cavm_l1": 0.0, "err_test_cmm_l1": 50.160003662109375, "err_train_cavm_l1": 0.0, "err_train_cmm_l1": 0.0, "_wandb": {"runtime": 4}}