{"err_test_cavm_l1": 3.4049999713897705, "err_test_cmm_l1": 12.244999885559082, "err_train_cavm_l1": 0.0, "err_train_cmm_l1": 0.0, "_timestamp": 1651038019, "_runtime": 59, "_step": 0, "_wandb": {"runtime": 57}}