{"err_test_cavm_l1": 0.4399999976158142, "err_test_cmm_l1": 1.5750000476837158, "err_train_cavm_l1": 0.0, "err_train_cmm_l1": 0.0, "_timestamp": 1650484214, "_runtime": 9430, "_step": 0, "_wandb": {"runtime": 9420}}