{"err_test_cavm_l1": 0.6100000143051147, "err_test_cmm_l1": 18.15999984741211, "err_train_cavm_l1": 0.0, "err_train_cmm_l1": 0.0, "_timestamp": 1653131134, "_runtime": 8, "_step": 0, "_wandb": {"runtime": 3}}