{"err_test_cavm_l1": 6.750000476837158, "err_test_cmm_l1": 28.139999389648438, "err_train_cavm_l1": 0.0, "err_train_cmm_l1": 0.0, "_timestamp": 1651037476, "_runtime": 62, "_step": 0, "_wandb": {"runtime": 60}}