{"err_test_cavm": 3.9549999237060547, "err_test_cmm": 4.134999752044678, "err_train_cavm": 0.0, "err_train_cmm": 0.0, "_timestamp": 1653662174, "_runtime": 6, "_step": 1, "err_test_cavm_l1": 0.12999999523162842, "err_test_cmm_l1": 0.12999999523162842, "err_train_cavm_l1": 0.0, "err_train_cmm_l1": 0.0, "_wandb": {"runtime": 3}}