{"err_test_cavm_l1": 49.97999954223633, "err_test_cmm_l1": 50.05999755859375, "err_train_cavm_l1": 0.0, "err_train_cmm_l1": 0.0, "_timestamp": 1653667227, "_runtime": 9, "_step": 0, "_wandb": {"runtime": 4}}