{"err_test_cavm_l1": 50.19999694824219, "err_test_cmm_l1": 50.41499710083008, "err_train_cavm_l1": 0.0, "err_train_cmm_l1": 0.0, "_timestamp": 1651830202, "_runtime": 5, "_step": 0, "_wandb": {"runtime": 1}}