{"err_test_cavm": 32.35000228881836, "err_test_cmm": 32.62000274658203, "err_train_cavm": 3.0, "err_train_cmm": 0.0, "_timestamp": 1651247782, "_runtime": 4, "_step": 1, "err_test_cavm_l1": 0.0, "err_test_cmm_l1": 31.154998779296875, "err_train_cavm_l1": 0.0, "err_train_cmm_l1": 0.0, "_wandb": {"runtime": 2}}