{"err_test_cavm": 22.39000129699707, "err_test_cmm": 22.385000228881836, "err_train_cavm": 0.0, "err_train_cmm": 0.0, "_timestamp": 1653661831, "_runtime": 6, "_step": 1, "err_test_cavm_l1": 0.0949999988079071, "err_test_cmm_l1": 0.7300000190734863, "err_train_cavm_l1": 0.0, "err_train_cmm_l1": 0.0, "_wandb": {"runtime": 2}}