{"err_test_cavm": 35.27000045776367, "err_test_cmm": 34.84000015258789, "err_train_cavm": 1.0, "err_train_cmm": 0.0, "_timestamp": 1651586950, "_runtime": 5, "_step": 1, "err_test_cavm_l1": 0.0, "err_test_cmm_l1": 47.4900016784668, "err_train_cavm_l1": 0.0, "err_train_cmm_l1": 0.0, "_wandb": {"runtime": 2}}