{"err_test_cavm": 31.31999969482422, "err_test_cmm": 31.755001068115234, "err_train_cavm": 5.0, "err_train_cmm": 0.0, "_timestamp": 1651582928, "_runtime": 4, "_step": 1, "err_test_cavm_l1": 0.0, "err_test_cmm_l1": 36.53999710083008, "err_train_cavm_l1": 0.0, "err_train_cmm_l1": 0.0, "_wandb": {"runtime": 2}}