{"err_test_cavm": 43.970001220703125, "err_test_cmm": 44.76000213623047, "err_train_cavm": 0.0, "err_train_cmm": 0.0, "_timestamp": 1652175627, "_runtime": 18, "_step": 1, "err_test_cavm_l1": 50.06999969482422, "err_test_cmm_l1": 49.43499755859375, "err_train_cavm_l1": 23.076923370361328, "err_train_cmm_l1": 0.0, "_wandb": {"runtime": 5}}