{"err_test_cavm": 14.839999198913574, "err_test_cmm": 8.704999923706055, "err_train_cavm": 8.582834243774414, "err_train_cmm": 0.0, "_timestamp": 1652260116, "_runtime": 7, "_step": 1, "err_test_cavm_l1": 0.0, "err_test_cmm_l1": 5.054999828338623, "err_train_cavm_l1": 0.0, "err_train_cmm_l1": 0.0, "_wandb": {"runtime": 4}}