{"err_test_cavm_l1": 50.269996643066406, "err_test_cmm_l1": 24.045000076293945, "err_train_cavm_l1": 48.51359939575195, "err_train_cmm_l1": 10.056925996204935, "_timestamp": 1650999974, "_runtime": 167, "_step": 0, "_wandb": {"runtime": 164}}