{"err_test_cavm_l1": 3.054999828338623, "err_test_cmm_l1": 4.825000286102295, "err_train_cavm_l1": 0.0, "err_train_cmm_l1": 0.0, "_timestamp": 1651144335, "_runtime": 121, "_step": 0, "_wandb": {"runtime": 116}}