{"err_test_cavm": 45.90999984741211, "err_test_cmm": 45.93499755859375, "err_train_cavm": 0.0, "err_train_cmm": 0.0, "_timestamp": 1651655095, "_runtime": 6, "_step": 0, "_wandb": {"runtime": 3}}