{"err_test_cavm_l1": 17.69499969482422, "err_test_cmm_l1": 48.93499755859375, "err_train_cavm_l1": 0.0, "err_train_cmm_l1": 0.0, "_timestamp": 1652280124, "_runtime": 87, "_step": 0, "_wandb": {"runtime": 84}}