{"err_test_cmm": 48.80999755859375, "err_train_cmm": 0.0, "_timestamp": 1653526308, "_runtime": 6, "_step": 1, "err_test_cmm_l1": 49.290000915527344, "err_train_cmm_l1": 0.0, "_wandb": {"runtime": 2}}