{"err_test_cavm": 47.70500183105469, "err_test_cmm": 47.60499954223633, "err_train_cavm": 0.0, "err_train_cmm": 0.0, "_timestamp": 1651250970, "_runtime": 8, "_step": 1, "err_test_cavm_l1": 0.0, "err_test_cmm_l1": 50.220001220703125, "err_train_cavm_l1": 0.0, "err_train_cmm_l1": 0.0, "_wandb": {"runtime": 5}}