{"err_test_cavm": 0.4699999988079071, "err_test_cmm": 1.0950000286102295, "err_train_cavm": 0.0, "err_train_cmm": 0.0, "_timestamp": 1653609025, "_runtime": 82, "_step": 1, "err_test_cavm_l1": 0.6000000238418579, "err_test_cmm_l1": 0.6450000405311584, "err_train_cavm_l1": 0.0, "err_train_cmm_l1": 0.0, "_wandb": {"runtime": 78}}