{"err_test_cavm": 45.70499801635742, "err_test_cmm": 44.8650016784668, "err_train_cavm": 0.0, "err_train_cmm": 0.0, "_timestamp": 1652175960, "_runtime": 13, "_step": 1, "err_test_cavm_l1": 48.96500015258789, "err_test_cmm_l1": 46.39500045776367, "err_train_cavm_l1": 33.333335876464844, "err_train_cmm_l1": 0.0, "_wandb": {"runtime": 3}}