{"err_test_cavm": 43.689998626708984, "err_test_cmm": 43.72999954223633, "err_train_cavm": 0.0, "err_train_cmm": 0.0, "_timestamp": 1651586092, "_runtime": 4, "_step": 1, "err_test_cavm_l1": 0.0, "err_test_cmm_l1": 49.77000045776367, "err_train_cavm_l1": 0.0, "err_train_cmm_l1": 0.0, "_wandb": {"runtime": 2}}