{"err_test_cavm_l1": 12.020000457763672, "err_test_cmm_l1": 19.524999618530273, "err_train_cavm_l1": 0.0, "err_train_cmm_l1": 0.0, "_timestamp": 1650983613, "_runtime": 66, "_step": 0, "_wandb": {"runtime": 63}}