{"err_test_cavm_l1": 35.98999786376953, "err_test_cmm_l1": 50.255001068115234, "err_train_cavm_l1": 25.0, "err_train_cmm_l1": 0.0, "_timestamp": 1651667266, "_runtime": 4, "_step": 0, "_wandb": {"runtime": 2}}