{"err_test_cavm": 43.7599983215332, "err_test_cmm": 43.65999984741211, "err_train_cavm": 0.0, "err_train_cmm": 0.0, "_timestamp": 1651583242, "_runtime": 6, "_step": 1, "err_test_cavm_l1": 0.0, "err_test_cmm_l1": 50.23999786376953, "err_train_cavm_l1": 0.0, "err_train_cmm_l1": 0.0, "_wandb": {"runtime": 2}}