{"err_test_cmm": 20.19499969482422, "err_train_cmm": 0.0, "_timestamp": 1653524331, "_runtime": 5, "_step": 1, "err_test_cmm_l1": 14.420000076293945, "err_train_cmm_l1": 0.0, "_wandb": {"runtime": 1}}