{"err_test_cavm_l1": 3.8299999237060547, "err_test_cmm_l1": 7.805000305175781, "err_train_cavm_l1": 0.0, "err_train_cmm_l1": 0.0, "_timestamp": 1650960606, "_runtime": 98, "_step": 0, "_wandb": {"runtime": 96}}