{"err_test_cavm_l1": 4.284999847412109, "err_test_cmm_l1": 29.704999923706055, "err_train_cavm_l1": 0.0, "err_train_cmm_l1": 0.0, "_timestamp": 1651039733, "_runtime": 100, "_step": 0, "_wandb": {"runtime": 98}}