{"err_test_cavm_l1": 2.3299999237060547, "err_test_cmm_l1": 14.644999504089355, "err_train_cavm_l1": 0.0, "err_train_cmm_l1": 0.0, "_timestamp": 1651018894, "_runtime": 93, "_step": 0, "_wandb": {"runtime": 91}}