{"err_test_cavm_l1": 28.740001678466797, "err_test_cmm_l1": 49.54499816894531, "err_train_cavm_l1": 0.0, "err_train_cmm_l1": 0.0, "_timestamp": 1652281455, "_runtime": 35, "_step": 0, "_wandb": {"runtime": 30}}