{"err_test_cmm": 8.3149995803833, "err_train_cmm": 0.0, "_timestamp": 1653523534, "_runtime": 48, "_step": 1, "err_test_cmm_l1": 4.465000152587891, "err_train_cmm_l1": 0.0, "_wandb": {"runtime": 46}}