{"err_test_cavm": 42.81999969482422, "err_test_cmm": 42.834999084472656, "err_train_cavm": 0.0, "err_train_cmm": 0.0, "_timestamp": 1649812878, "_runtime": 79, "_step": 1, "err_test_cavm_l1": 49.665000915527344, "err_test_cmm_l1": 49.625, "err_train_cavm_l1": 0.0, "err_train_cmm_l1": 0.0, "_wandb": {"runtime": 78}}