{"err_test_cavm": 28.224998474121094, "err_test_cmm": 27.799999237060547, "err_train_cavm": 5.0, "err_train_cmm": 0.0, "_timestamp": 1651587665, "_runtime": 5, "_step": 1, "err_test_cavm_l1": 0.0, "err_test_cmm_l1": 24.420000076293945, "err_train_cavm_l1": 0.0, "err_train_cmm_l1": 0.0, "_wandb": {"runtime": 2}}