{"err_test_cavm": 43.71500015258789, "err_test_cmm": 43.439998626708984, "err_train_cavm": 0.0, "err_train_cmm": 0.0, "_timestamp": 1651247465, "_runtime": 4, "_step": 1, "err_test_cavm_l1": 0.0, "err_test_cmm_l1": 40.209999084472656, "err_train_cavm_l1": 0.0, "err_train_cmm_l1": 0.0, "_wandb": {"runtime": 2}}