{"err_test_cavm_l1": 24.514999389648438, "err_test_cmm_l1": 30.825000762939453, "err_train_cavm_l1": 0.0, "err_train_cmm_l1": 0.0, "_timestamp": 1651031546, "_runtime": 144, "_step": 0, "_wandb": {"runtime": 141}}