{"err_test_cavm": 12.835000038146973, "err_test_cmm": 10.454999923706055, "err_train_cavm": 9.0, "err_train_cmm": 0.0, "_timestamp": 1651584225, "_runtime": 3, "_step": 1, "err_test_cavm_l1": 0.0, "err_test_cmm_l1": 3.0399999618530273, "err_train_cavm_l1": 0.0, "err_train_cmm_l1": 0.0, "_wandb": {"runtime": 1}}