{"err_test_cmm": 44.78499984741211, "err_train_cmm": 0.0, "_timestamp": 1653573340, "_runtime": 5, "_step": 1, "err_test_cmm_l1": 12.079999923706055, "err_train_cmm_l1": 0.0, "_wandb": {"runtime": 3}}