{"err_test_cmm": 21.78999900817871, "err_train_cmm": 0.0, "_timestamp": 1653522372, "_runtime": 5, "_step": 1, "err_test_cmm_l1": 16.100000381469727, "err_train_cmm_l1": 0.0, "_wandb": {"runtime": 2}}