{"err_test_cavm": 48.220001220703125, "err_test_cmm": 48.38999938964844, "err_train_cavm": 0.0, "err_train_cmm": 0.0, "_timestamp": 1651249130, "_runtime": 9, "_step": 1, "err_test_cavm_l1": 0.0, "err_test_cmm_l1": 13.1899995803833, "err_train_cavm_l1": 0.0, "err_train_cmm_l1": 0.0, "_wandb": {"runtime": 6}}