{"err_test_cavm_l1": 1.0299999713897705, "err_test_cmm_l1": 9.88499927520752, "err_train_cavm_l1": 0.43103447556495667, "err_train_cmm_l1": 0.0, "_timestamp": 1651836703, "_runtime": 5, "_step": 0, "_wandb": {"runtime": 2}}