{"err_test_cmm": 21.1299991607666, "err_train_cmm": 0.0, "_timestamp": 1653521901, "_runtime": 4, "_step": 1, "err_test_cmm_l1": 16.774999618530273, "err_train_cmm_l1": 0.0, "_wandb": {"runtime": 2}}