{"err_test_cavm_l1": 20.18000030517578, "err_test_cmm_l1": 21.565000534057617, "err_train_cavm_l1": 0.0, "err_train_cmm_l1": 0.0, "_timestamp": 1650992560, "_runtime": 168, "_step": 0, "_wandb": {"runtime": 166}}