{"err_test_cavm_l1": 29.319997787475586, "err_test_cmm_l1": 21.239999771118164, "err_train_cavm_l1": 0.0, "err_train_cmm_l1": 0.0, "_timestamp": 1652376873, "_runtime": 7, "_step": 0, "_wandb": {"runtime": 3}}