{"err_test_cavm": 35.93000030517578, "err_test_cmm": 36.43000030517578, "err_train_cavm": 0.0, "err_train_cmm": 0.0, "_timestamp": 1649836483, "_runtime": 200, "_step": 1, "err_test_cavm_l1": 2.2100000381469727, "err_test_cmm_l1": 7.045000076293945, "err_train_cavm_l1": 0.0, "err_train_cmm_l1": 0.0, "_wandb": {"runtime": 197}}