{"err_test_cavm_l1": 23.01999855041504, "err_test_cmm_l1": 30.094999313354492, "err_train_cavm_l1": 0.0, "err_train_cmm_l1": 0.0, "_timestamp": 1651029505, "_runtime": 144, "_step": 0, "_wandb": {"runtime": 140}}