{"err_test_cavm_l1": 3.325000047683716, "err_test_cmm_l1": 8.369999885559082, "err_train_cavm_l1": 0.0, "err_train_cmm_l1": 0.0, "_timestamp": 1651143460, "_runtime": 105, "_step": 0, "_wandb": {"runtime": 102}}