{"err_test_cavm": 15.295000076293945, "err_test_cmm": 12.78499984741211, "err_train_cavm": 11.0, "err_train_cmm": 0.0, "_timestamp": 1651586388, "_runtime": 4, "_step": 1, "err_test_cavm_l1": 0.0, "err_test_cmm_l1": 6.869999885559082, "err_train_cavm_l1": 0.0, "err_train_cmm_l1": 0.0, "_wandb": {"runtime": 2}}