{"err_test_cavm": 47.96500015258789, "err_test_cmm": 47.96000289916992, "err_train_cavm": 0.0, "err_train_cmm": 0.0, "_timestamp": 1651245572, "_runtime": 8, "_step": 1, "err_test_cavm_l1": 0.0, "err_test_cmm_l1": 50.07500076293945, "err_train_cavm_l1": 0.0, "err_train_cmm_l1": 0.0, "_wandb": {"runtime": 5}}