{"err_test_cavm": 41.95500183105469, "err_test_cmm": 41.36000061035156, "err_train_cavm": 0.0, "err_train_cmm": 0.0, "_timestamp": 1652259886, "_runtime": 6, "_step": 1, "err_test_cavm_l1": 0.0, "err_test_cmm_l1": 49.814998626708984, "err_train_cavm_l1": 0.0, "err_train_cmm_l1": 0.0, "_wandb": {"runtime": 3}}