{"err_test_cavm": 47.380001068115234, "err_test_cmm": 47.290000915527344, "err_train_cavm": 0.0, "err_train_cmm": 0.0, "_timestamp": 1651585502, "_runtime": 7, "_step": 1, "err_test_cavm_l1": 0.0, "err_test_cmm_l1": 49.90999984741211, "err_train_cavm_l1": 0.0, "err_train_cmm_l1": 0.0, "_wandb": {"runtime": 5}}