{"err_test_cavm": 45.60499954223633, "err_test_cmm": 45.69999694824219, "err_train_cavm": 0.0, "err_train_cmm": 0.0, "_timestamp": 1649799146, "_runtime": 85, "_step": 1, "err_test_cavm_l1": 50.15500259399414, "err_test_cmm_l1": 50.160003662109375, "err_train_cavm_l1": 0.0, "err_train_cmm_l1": 0.0, "_wandb": {"runtime": 82}}