{"err_test_cavm_l1": 11.880000114440918, "err_test_cmm_l1": 16.814998626708984, "err_train_cavm_l1": 0.0, "err_train_cmm_l1": 0.0, "_timestamp": 1650994153, "_runtime": 65, "_step": 0, "_wandb": {"runtime": 61}}