{"err_test_cavm_l1": 1.4249999523162842, "err_test_cmm_l1": 9.610000610351562, "err_train_cavm_l1": 0.21551723778247833, "err_train_cmm_l1": 0.0, "_timestamp": 1651836494, "_runtime": 10, "_step": 0, "_wandb": {"runtime": 3}}