{"err_test_cavm": 28.415000915527344, "err_test_cmm": 24.635000228881836, "err_train_cavm": 7.0, "err_train_cmm": 0.0, "_timestamp": 1651587297, "_runtime": 4, "_step": 1, "err_test_cavm_l1": 0.0, "err_test_cmm_l1": 19.505001068115234, "err_train_cavm_l1": 0.0, "err_train_cmm_l1": 0.0, "_wandb": {"runtime": 2}}