{"err_test_cavm": 44.20500183105469, "err_test_cmm": 44.76499938964844, "err_train_cavm": 0.0, "err_train_cmm": 0.0, "_timestamp": 1652260095, "_runtime": 7, "_step": 1, "err_test_cavm_l1": 50.30000305175781, "err_test_cmm_l1": 49.34499740600586, "err_train_cavm_l1": 0.0, "err_train_cmm_l1": 0.0, "_wandb": {"runtime": 3}}