{"err_test_cavm": 7.880000114440918, "err_test_cmm": 8.890000343322754, "err_train_cavm": 0.0, "err_train_cmm": 0.0, "_timestamp": 1649842495, "_runtime": 506, "_step": 1, "err_test_cavm_l1": 1.100000023841858, "err_test_cmm_l1": 3.5500001907348633, "err_train_cavm_l1": 0.0, "err_train_cmm_l1": 0.0, "_wandb": {"runtime": 503}}