{"err_test_cavm_l1": 49.36000061035156, "err_test_cmm_l1": 26.149999618530273, "err_train_cavm_l1": 49.14611053466797, "err_train_cmm_l1": 8.886780518659076, "_timestamp": 1650999111, "_runtime": 191, "_step": 0, "_wandb": {"runtime": 188}}